# Exported from Vanquish (Unity) - Quadcopter_ExportTemp
mtllib Quadcopter.mtl
o FramePlate_0
usemtl mat_FramePlate
v -0.250000 -0.025000 0.360000
v 0.250000 -0.025000 0.360000
v -0.250000 0.025000 0.360000
v 0.250000 0.025000 0.360000
v -0.250000 0.025000 -0.360000
v 0.250000 0.025000 -0.360000
v -0.250000 -0.025000 -0.360000
v 0.250000 -0.025000 -0.360000
v -0.250000 0.025000 0.360000
v 0.250000 0.025000 0.360000
v -0.250000 0.025000 -0.360000
v 0.250000 0.025000 -0.360000
v -0.250000 -0.025000 -0.360000
v -0.250000 -0.025000 0.360000
v 0.250000 -0.025000 0.360000
v 0.250000 -0.025000 -0.360000
v 0.250000 -0.025000 0.360000
v 0.250000 0.025000 0.360000
v 0.250000 0.025000 -0.360000
v 0.250000 -0.025000 -0.360000
v -0.250000 -0.025000 -0.360000
v -0.250000 0.025000 -0.360000
v -0.250000 0.025000 0.360000
v -0.250000 -0.025000 0.360000
vn 0.000000 0.000000 1.000000
vn 0.000000 0.000000 1.000000
vn 0.000000 0.000000 1.000000
vn 0.000000 0.000000 1.000000
vn 0.000000 1.000000 0.000000
vn 0.000000 1.000000 0.000000
vn 0.000000 0.000000 -1.000000
vn 0.000000 0.000000 -1.000000
vn 0.000000 1.000000 0.000000
vn 0.000000 1.000000 0.000000
vn 0.000000 0.000000 -1.000000
vn 0.000000 0.000000 -1.000000
vn 0.000000 -1.000000 0.000000
vn 0.000000 -1.000000 0.000000
vn 0.000000 -1.000000 0.000000
vn 0.000000 -1.000000 0.000000
vn 1.000000 0.000000 0.000000
vn 1.000000 0.000000 0.000000
vn 1.000000 0.000000 0.000000
vn 1.000000 0.000000 0.000000
vn -1.000000 0.000000 0.000000
vn -1.000000 0.000000 0.000000
vn -1.000000 0.000000 0.000000
vn -1.000000 0.000000 0.000000
vt 0.000000 0.000000
vt 1.000000 0.000000
vt 0.000000 1.000000
vt 1.000000 1.000000
vt 0.000000 1.000000
vt 1.000000 1.000000
vt 0.000000 1.000000
vt 1.000000 1.000000
vt 0.000000 0.000000
vt 1.000000 0.000000
vt 0.000000 0.000000
vt 1.000000 0.000000
vt 0.000000 0.000000
vt 0.000000 1.000000
vt 1.000000 1.000000
vt 1.000000 0.000000
vt 0.000000 0.000000
vt 0.000000 1.000000
vt 1.000000 1.000000
vt 1.000000 0.000000
vt 0.000000 0.000000
vt 0.000000 1.000000
vt 1.000000 1.000000
vt 1.000000 0.000000
f 1/1/1 4/4/4 3/3/3
f 1/1/1 2/2/2 4/4/4
f 9/9/9 6/6/6 5/5/5
f 9/9/9 10/10/10 6/6/6
f 11/11/11 8/8/8 7/7/7
f 11/11/11 12/12/12 8/8/8
f 13/13/13 15/15/15 14/14/14
f 13/13/13 16/16/16 15/15/15
f 17/17/17 19/19/19 18/18/18
f 17/17/17 20/20/20 19/19/19
f 21/21/21 23/23/23 22/22/22
f 21/21/21 24/24/24 23/23/23
o Stack_24
usemtl mat_Stack
v -0.120000 0.040000 0.150000
v 0.120000 0.040000 0.150000
v -0.120000 0.140000 0.150000
v 0.120000 0.140000 0.150000
v -0.120000 0.140000 -0.190000
v 0.120000 0.140000 -0.190000
v -0.120000 0.040000 -0.190000
v 0.120000 0.040000 -0.190000
v -0.120000 0.140000 0.150000
v 0.120000 0.140000 0.150000
v -0.120000 0.140000 -0.190000
v 0.120000 0.140000 -0.190000
v -0.120000 0.040000 -0.190000
v -0.120000 0.040000 0.150000
v 0.120000 0.040000 0.150000
v 0.120000 0.040000 -0.190000
v 0.120000 0.040000 0.150000
v 0.120000 0.140000 0.150000
v 0.120000 0.140000 -0.190000
v 0.120000 0.040000 -0.190000
v -0.120000 0.040000 -0.190000
v -0.120000 0.140000 -0.190000
v -0.120000 0.140000 0.150000
v -0.120000 0.040000 0.150000
vn 0.000000 0.000000 1.000000
vn 0.000000 0.000000 1.000000
vn 0.000000 0.000000 1.000000
vn 0.000000 0.000000 1.000000
vn 0.000000 1.000000 0.000000
vn 0.000000 1.000000 0.000000
vn 0.000000 0.000000 -1.000000
vn 0.000000 0.000000 -1.000000
vn 0.000000 1.000000 0.000000
vn 0.000000 1.000000 0.000000
vn 0.000000 0.000000 -1.000000
vn 0.000000 0.000000 -1.000000
vn 0.000000 -1.000000 0.000000
vn 0.000000 -1.000000 0.000000
vn 0.000000 -1.000000 0.000000
vn 0.000000 -1.000000 0.000000
vn 1.000000 0.000000 0.000000
vn 1.000000 0.000000 0.000000
vn 1.000000 0.000000 0.000000
vn 1.000000 0.000000 0.000000
vn -1.000000 0.000000 0.000000
vn -1.000000 0.000000 0.000000
vn -1.000000 0.000000 0.000000
vn -1.000000 0.000000 0.000000
vt 0.000000 0.000000
vt 1.000000 0.000000
vt 0.000000 1.000000
vt 1.000000 1.000000
vt 0.000000 1.000000
vt 1.000000 1.000000
vt 0.000000 1.000000
vt 1.000000 1.000000
vt 0.000000 0.000000
vt 1.000000 0.000000
vt 0.000000 0.000000
vt 1.000000 0.000000
vt 0.000000 0.000000
vt 0.000000 1.000000
vt 1.000000 1.000000
vt 1.000000 0.000000
vt 0.000000 0.000000
vt 0.000000 1.000000
vt 1.000000 1.000000
vt 1.000000 0.000000
vt 0.000000 0.000000
vt 0.000000 1.000000
vt 1.000000 1.000000
vt 1.000000 0.000000
f 25/25/25 28/28/28 27/27/27
f 25/25/25 26/26/26 28/28/28
f 33/33/33 30/30/30 29/29/29
f 33/33/33 34/34/34 30/30/30
f 35/35/35 32/32/32 31/31/31
f 35/35/35 36/36/36 32/32/32
f 37/37/37 39/39/39 38/38/38
f 37/37/37 40/40/40 39/39/39
f 41/41/41 43/43/43 42/42/42
f 41/41/41 44/44/44 43/43/43
f 45/45/45 47/47/47 46/46/46
f 45/45/45 48/48/48 47/47/47
o Battery_48
usemtl mat_Battery
v -0.090000 -0.120000 0.120000
v 0.090000 -0.120000 0.120000
v -0.090000 -0.030000 0.120000
v 0.090000 -0.030000 0.120000
v -0.090000 -0.030000 -0.280000
v 0.090000 -0.030000 -0.280000
v -0.090000 -0.120000 -0.280000
v 0.090000 -0.120000 -0.280000
v -0.090000 -0.030000 0.120000
v 0.090000 -0.030000 0.120000
v -0.090000 -0.030000 -0.280000
v 0.090000 -0.030000 -0.280000
v -0.090000 -0.120000 -0.280000
v -0.090000 -0.120000 0.120000
v 0.090000 -0.120000 0.120000
v 0.090000 -0.120000 -0.280000
v 0.090000 -0.120000 0.120000
v 0.090000 -0.030000 0.120000
v 0.090000 -0.030000 -0.280000
v 0.090000 -0.120000 -0.280000
v -0.090000 -0.120000 -0.280000
v -0.090000 -0.030000 -0.280000
v -0.090000 -0.030000 0.120000
v -0.090000 -0.120000 0.120000
vn 0.000000 0.000000 1.000000
vn 0.000000 0.000000 1.000000
vn 0.000000 0.000000 1.000000
vn 0.000000 0.000000 1.000000
vn 0.000000 1.000000 0.000000
vn 0.000000 1.000000 0.000000
vn 0.000000 0.000000 -1.000000
vn 0.000000 0.000000 -1.000000
vn 0.000000 1.000000 0.000000
vn 0.000000 1.000000 0.000000
vn 0.000000 0.000000 -1.000000
vn 0.000000 0.000000 -1.000000
vn 0.000000 -1.000000 0.000000
vn 0.000000 -1.000000 0.000000
vn 0.000000 -1.000000 0.000000
vn 0.000000 -1.000000 0.000000
vn 1.000000 0.000000 0.000000
vn 1.000000 0.000000 0.000000
vn 1.000000 0.000000 0.000000
vn 1.000000 0.000000 0.000000
vn -1.000000 0.000000 0.000000
vn -1.000000 0.000000 0.000000
vn -1.000000 0.000000 0.000000
vn -1.000000 0.000000 0.000000
vt 0.000000 0.000000
vt 1.000000 0.000000
vt 0.000000 1.000000
vt 1.000000 1.000000
vt 0.000000 1.000000
vt 1.000000 1.000000
vt 0.000000 1.000000
vt 1.000000 1.000000
vt 0.000000 0.000000
vt 1.000000 0.000000
vt 0.000000 0.000000
vt 1.000000 0.000000
vt 0.000000 0.000000
vt 0.000000 1.000000
vt 1.000000 1.000000
vt 1.000000 0.000000
vt 0.000000 0.000000
vt 0.000000 1.000000
vt 1.000000 1.000000
vt 1.000000 0.000000
vt 0.000000 0.000000
vt 0.000000 1.000000
vt 1.000000 1.000000
vt 1.000000 0.000000
f 49/49/49 52/52/52 51/51/51
f 49/49/49 50/50/50 52/52/52
f 57/57/57 54/54/54 53/53/53
f 57/57/57 58/58/58 54/54/54
f 59/59/59 56/56/56 55/55/55
f 59/59/59 60/60/60 56/56/56
f 61/61/61 63/63/63 62/62/62
f 61/61/61 64/64/64 63/63/63
f 65/65/65 67/67/67 66/66/66
f 65/65/65 68/68/68 67/67/67
f 69/69/69 71/71/71 70/70/70
f 69/69/69 72/72/72 71/71/71
o Camera_72
usemtl mat_Camera
v -0.028783 -0.038783 0.305461
v -0.028783 -0.038783 0.374539
v 0.028783 -0.038783 0.305461
v 0.028783 -0.038783 0.374539
v -0.028884 0.018790 0.305340
v -0.028884 0.018790 0.374660
v 0.028884 0.018790 0.305340
v 0.028884 0.018790 0.374660
v 0.000000 -0.060000 0.340000
v 0.000000 0.040000 0.340000
v -0.050000 -0.010000 0.340000
v 0.000000 -0.010000 0.400000
v 0.050000 -0.010000 0.340000
v 0.000000 -0.010000 0.280000
v 0.000000 -0.045251 0.297698
v 0.035251 -0.045251 0.340000
v 0.000000 -0.045251 0.382302
v -0.035251 -0.045251 0.340000
v -0.035369 0.025279 0.340000
v 0.000000 0.025279 0.382443
v 0.035369 0.025279 0.340000
v 0.000000 0.025279 0.297557
v -0.035355 -0.010000 0.382426
v -0.035369 -0.010088 0.297557
v 0.035355 -0.010000 0.382426
v 0.035369 -0.010088 0.297557
v -0.024019 -0.040890 0.302932
v -0.017014 -0.043135 0.300238
v -0.008806 -0.044697 0.298364
v 0.024019 -0.040890 0.302932
v 0.017014 -0.043135 0.300238
v 0.008806 -0.044697 0.298364
v 0.030890 -0.040890 0.311177
v 0.033135 -0.043135 0.319583
v 0.034697 -0.044697 0.329433
v 0.030890 -0.040890 0.368823
v 0.033135 -0.043135 0.360417
v 0.034697 -0.044697 0.350567
v 0.024019 -0.040890 0.377068
v 0.017014 -0.043135 0.379762
v 0.008806 -0.044697 0.381636
v -0.024019 -0.040890 0.377068
v -0.017014 -0.043135 0.379762
v -0.008806 -0.044697 0.381636
v -0.030890 -0.040890 0.368823
v -0.033135 -0.043135 0.360417
v -0.034697 -0.044697 0.350567
v -0.030890 -0.040890 0.311177
v -0.033135 -0.043135 0.319583
v -0.034697 -0.044697 0.329433
v -0.030995 0.020909 0.311091
v -0.033247 0.023157 0.319515
v -0.034813 0.024723 0.329398
v -0.030995 0.020909 0.368909
v -0.033247 0.023157 0.360486
v -0.034813 0.024723 0.350603
v -0.024091 0.020909 0.377194
v -0.017071 0.023157 0.379897
v -0.008835 0.024723 0.381775
v 0.024091 0.020909 0.377194
v 0.017071 0.023157 0.379897
v 0.008835 0.024723 0.381775
v 0.030995 0.020909 0.368909
v 0.033247 0.023157 0.360486
v 0.034813 0.024723 0.350603
v 0.030995 0.020909 0.311091
v 0.033247 0.023157 0.319515
v 0.034813 0.024723 0.329398
v 0.024091 0.020909 0.302806
v 0.017071 0.023157 0.300103
v 0.008835 0.024723 0.298225
v -0.024091 0.020909 0.302806
v -0.017071 0.023157 0.300103
v -0.008835 0.024723 0.298225
v -0.030890 -0.034019 0.377068
v -0.033135 -0.027014 0.379762
v -0.034697 -0.018806 0.381636
v -0.030995 0.014017 0.377194
v -0.033247 0.006989 0.379897
v -0.034813 -0.001249 0.381775
v -0.030995 0.014017 0.302806
v -0.033247 0.006989 0.300103
v -0.034813 -0.001249 0.298225
v -0.030890 -0.034019 0.302932
v -0.033135 -0.027014 0.300238
v -0.034697 -0.018806 0.298364
v 0.030890 -0.034019 0.377068
v 0.033135 -0.027014 0.379762
v 0.034697 -0.018806 0.381636
v 0.030995 0.014017 0.377194
v 0.033247 0.006989 0.379897
v 0.034813 -0.001249 0.381775
v 0.030890 -0.034019 0.302932
v 0.033135 -0.027014 0.300238
v 0.034697 -0.018806 0.298364
v 0.030995 0.014017 0.302806
v 0.033247 0.006989 0.300103
v 0.034813 -0.001249 0.298225
v 0.000000 -0.051236 0.306381
v 0.000000 -0.055855 0.316527
v 0.000000 -0.058823 0.327905
v 0.028016 -0.051236 0.340000
v 0.019561 -0.055855 0.340000
v 0.010080 -0.058823 0.340000
v 0.000000 -0.051236 0.373619
v 0.000000 -0.055855 0.363473
v 0.000000 -0.058823 0.352095
v -0.028016 -0.051236 0.340000
v -0.019561 -0.055855 0.340000
v -0.010079 -0.058823 0.340000
v -0.028115 0.031286 0.340000
v -0.019628 0.035910 0.340000
v -0.010114 0.038886 0.340000
v 0.000000 0.031286 0.373738
v 0.000000 0.035910 0.363553
v 0.000000 0.038886 0.352136
v 0.028115 0.031286 0.340000
v 0.019628 0.035910 0.340000
v 0.010114 0.038886 0.340000
v 0.000000 0.031286 0.306262
v 0.000000 0.035910 0.316447
v 0.000000 0.038886 0.327864
v -0.041236 -0.038016 0.340000
v -0.045855 -0.029561 0.340000
v -0.048823 -0.020080 0.340000
v -0.041573 -0.010000 0.373334
v -0.046194 -0.010000 0.362961
v -0.049039 -0.010000 0.351705
v -0.041375 0.018022 0.340000
v -0.045984 0.009546 0.340000
v -0.048966 0.000030 0.340000
v -0.041375 -0.010088 0.306262
v -0.045984 -0.010088 0.316447
v -0.048966 -0.010088 0.327864
v 0.000000 -0.038016 0.389484
v 0.000000 -0.029561 0.395027
v 0.000000 -0.020080 0.398588
v 0.027779 -0.010000 0.389888
v 0.019134 -0.010000 0.395433
v 0.009755 -0.010000 0.398847
v 0.000000 0.018022 0.389650
v 0.000000 0.009546 0.395181
v 0.000000 0.000030 0.398759
v -0.027779 -0.010000 0.389888
v -0.019134 -0.010000 0.395433
v -0.009755 -0.010000 0.398847
v 0.041236 -0.038016 0.340000
v 0.045855 -0.029561 0.340000
v 0.048823 -0.020079 0.340000
v 0.041375 -0.010088 0.306262
v 0.045984 -0.010088 0.316447
v 0.048966 -0.010088 0.327864
v 0.041375 0.018022 0.340000
v 0.045984 0.009546 0.340000
v 0.048966 0.000030 0.340000
v 0.041573 -0.010000 0.373334
v 0.046194 -0.010000 0.362961
v 0.049039 -0.010000 0.351705
v 0.000000 -0.038016 0.290516
v 0.000000 -0.029561 0.284973
v 0.000000 -0.020080 0.281412
v -0.028115 -0.010088 0.290350
v -0.019628 -0.010088 0.284819
v -0.010114 -0.010088 0.281241
v 0.000000 0.018022 0.290350
v 0.000000 0.009546 0.284819
v 0.000000 0.000030 0.281241
v 0.028115 -0.010088 0.290350
v 0.019628 -0.010088 0.284819
v 0.010114 -0.010088 0.281241
v -0.024850 -0.045359 0.310180
v -0.017488 -0.048524 0.308355
v -0.009021 -0.050558 0.306941
v -0.026371 -0.048524 0.319015
v -0.018394 -0.052528 0.317927
v -0.009451 -0.055026 0.316960
v -0.027550 -0.050558 0.329175
v -0.019200 -0.055026 0.328659
v -0.009875 -0.057857 0.328150
v 0.024850 -0.045359 0.310180
v 0.026371 -0.048524 0.319015
v 0.027550 -0.050558 0.329175
v 0.017488 -0.048524 0.308355
v 0.018394 -0.052528 0.317927
v 0.019200 -0.055026 0.328659
v 0.009021 -0.050558 0.306941
v 0.009451 -0.055026 0.316960
v 0.009875 -0.057857 0.328150
v 0.024850 -0.045359 0.369820
v 0.017488 -0.048524 0.371645
v 0.009021 -0.050558 0.373060
v 0.026371 -0.048524 0.360985
v 0.018394 -0.052528 0.362073
v 0.009451 -0.055026 0.363040
v 0.027550 -0.050558 0.350826
v 0.019200 -0.055026 0.351341
v 0.009875 -0.057857 0.351850
v -0.024850 -0.045359 0.369820
v -0.026371 -0.048524 0.360985
v -0.027550 -0.050558 0.350826
v -0.017488 -0.048524 0.371645
v -0.018394 -0.052528 0.362073
v -0.019200 -0.055026 0.351341
v -0.009021 -0.050558 0.373060
v -0.009451 -0.055026 0.363040
v -0.009875 -0.057857 0.351850
v -0.024924 0.025386 0.310092
v -0.026464 0.028564 0.318945
v -0.027647 0.030608 0.329138
v -0.017546 0.028564 0.308243
v -0.018457 0.032578 0.317852
v -0.019264 0.035081 0.328622
v -0.009052 0.030608 0.306823
v -0.009482 0.035081 0.316884
v -0.009909 0.037920 0.328110
v -0.024924 0.025386 0.369908
v -0.017546 0.028564 0.371757
v -0.009052 0.030608 0.373177
v -0.026464 0.028564 0.361055
v -0.018457 0.032578 0.362148
v -0.009482 0.035081 0.363116
v -0.027647 0.030608 0.350862
v -0.019264 0.035081 0.351379
v -0.009909 0.037920 0.351891
v 0.024924 0.025386 0.369908
v 0.026464 0.028564 0.361055
v 0.027647 0.030608 0.350862
v 0.017546 0.028564 0.371757
v 0.018457 0.032578 0.362148
v 0.019264 0.035081 0.351379
v 0.009052 0.030608 0.373177
v 0.009482 0.035081 0.363116
v 0.009909 0.037920 0.351891
v 0.024924 0.025386 0.310092
v 0.017546 0.028564 0.308243
v 0.009052 0.030608 0.306823
v 0.026464 0.028564 0.318945
v 0.018457 0.032578 0.317852
v 0.009482 0.035081 0.316884
v 0.027647 0.030608 0.329138
v 0.019264 0.035081 0.328622
v 0.009909 0.037920 0.328110
v -0.035359 -0.034850 0.310180
v -0.038524 -0.036371 0.319015
v -0.040558 -0.037550 0.329175
v -0.038524 -0.027488 0.308355
v -0.042528 -0.028394 0.317927
v -0.045026 -0.029200 0.328659
v -0.040558 -0.019021 0.306941
v -0.045026 -0.019451 0.316960
v -0.047857 -0.019875 0.328150
v -0.035359 -0.034850 0.369820
v -0.038524 -0.027488 0.371645
v -0.040558 -0.019021 0.373060
v -0.038524 -0.036371 0.360985
v -0.042528 -0.028394 0.362073
v -0.045026 -0.019451 0.363040
v -0.040558 -0.037550 0.350826
v -0.045026 -0.029200 0.351341
v -0.047857 -0.019875 0.351850
v -0.035475 0.014850 0.369908
v -0.038651 0.016375 0.361055
v -0.040697 0.017555 0.350862
v -0.038651 0.007465 0.371757
v -0.042650 0.008374 0.362148
v -0.045155 0.009184 0.351379
v -0.040697 -0.001032 0.373177
v -0.045155 -0.000602 0.363116
v -0.047996 -0.000176 0.351891
v -0.035475 0.014850 0.310092
v -0.038651 0.007465 0.308243
v -0.040697 -0.001032 0.306823
v -0.038651 0.016375 0.318945
v -0.042650 0.008374 0.317852
v -0.045155 -0.000602 0.316884
v -0.040697 0.017555 0.329138
v -0.045155 0.009184 0.328622
v -0.047996 -0.000176 0.328110
v -0.024850 -0.034850 0.382430
v -0.017488 -0.036371 0.386228
v -0.009021 -0.037550 0.388670
v -0.026371 -0.027488 0.386228
v -0.018394 -0.028394 0.391033
v -0.009451 -0.029200 0.394032
v -0.027550 -0.019021 0.388670
v -0.019200 -0.019451 0.394032
v -0.009875 -0.019875 0.397428
v 0.024850 -0.034850 0.382430
v 0.026371 -0.027488 0.386228
v 0.027550 -0.019021 0.388670
v 0.017488 -0.036371 0.386228
v 0.018394 -0.028394 0.391033
v 0.019200 -0.019451 0.394032
v 0.009021 -0.037550 0.388670
v 0.009451 -0.029200 0.394032
v 0.009875 -0.019875 0.397428
v 0.024924 0.014850 0.382570
v 0.017546 0.016375 0.386381
v 0.009052 0.017555 0.388836
v 0.026464 0.007465 0.386381
v 0.018457 0.008374 0.391181
v 0.009482 0.009184 0.394186
v 0.027647 -0.001032 0.388836
v 0.019264 -0.000602 0.394186
v 0.009909 -0.000176 0.397595
v -0.024924 0.014850 0.382570
v -0.026464 0.007465 0.386381
v -0.027647 -0.001032 0.388836
v -0.017546 0.016375 0.386381
v -0.018457 0.008374 0.391181
v -0.019264 -0.000602 0.394186
v -0.009052 0.017555 0.388836
v -0.009482 0.009184 0.394186
v -0.009909 -0.000176 0.397595
v 0.035359 -0.034850 0.369820
v 0.038524 -0.036371 0.360986
v 0.040558 -0.037550 0.350826
v 0.038524 -0.027488 0.371645
v 0.042528 -0.028394 0.362073
v 0.045026 -0.029200 0.351341
v 0.040558 -0.019021 0.373060
v 0.045026 -0.019451 0.363040
v 0.047857 -0.019875 0.351850
v 0.035359 -0.034850 0.310180
v 0.038524 -0.027488 0.308355
v 0.040558 -0.019021 0.306941
v 0.038524 -0.036371 0.319015
v 0.042528 -0.028394 0.317927
v 0.045026 -0.019451 0.316960
v 0.040558 -0.037550 0.329175
v 0.045026 -0.029200 0.328659
v 0.047857 -0.019875 0.328150
v 0.035475 0.014850 0.310092
v 0.038651 0.016375 0.318945
v 0.040697 0.017555 0.329138
v 0.038651 0.007465 0.308243
v 0.042650 0.008374 0.317852
v 0.045155 0.009184 0.328622
v 0.040697 -0.001032 0.306823
v 0.045155 -0.000602 0.316884
v 0.047996 -0.000176 0.328110
v 0.035475 0.014850 0.369908
v 0.038651 0.007465 0.371757
v 0.040697 -0.001032 0.373177
v 0.038651 0.016375 0.361055
v 0.042650 0.008374 0.362148
v 0.045155 -0.000602 0.363116
v 0.040697 0.017555 0.350862
v 0.045155 0.009184 0.351379
v 0.047996 -0.000176 0.351891
v 0.024850 -0.034850 0.297570
v 0.017488 -0.036371 0.293772
v 0.009021 -0.037550 0.291330
v 0.026371 -0.027488 0.293772
v 0.018394 -0.028394 0.288967
v 0.009451 -0.029200 0.285968
v 0.027550 -0.019021 0.291330
v 0.019200 -0.019451 0.285968
v 0.009875 -0.019875 0.282572
v -0.024850 -0.034850 0.297570
v -0.026371 -0.027488 0.293772
v -0.027550 -0.019021 0.291330
v -0.017488 -0.036371 0.293772
v -0.018394 -0.028394 0.288967
v -0.019200 -0.019451 0.285968
v -0.009021 -0.037550 0.291330
v -0.009451 -0.029200 0.285968
v -0.009875 -0.019875 0.282572
v -0.024924 0.014850 0.297430
v -0.017546 0.016375 0.293619
v -0.009052 0.017555 0.291164
v -0.026464 0.007465 0.293619
v -0.018457 0.008374 0.288820
v -0.009482 0.009184 0.285814
v -0.027647 -0.001032 0.291164
v -0.019264 -0.000602 0.285814
v -0.009909 -0.000176 0.282405
v 0.024924 0.014850 0.297430
v 0.026464 0.007465 0.293619
v 0.027647 -0.001032 0.291164
v 0.017546 0.016375 0.293619
v 0.018457 0.008374 0.288820
v 0.019264 -0.000602 0.285814
v 0.009052 0.017555 0.291164
v 0.009482 0.009184 0.285814
v 0.009909 -0.000176 0.282405
v -0.010079 -0.058823 0.340000
v 0.000000 -0.060000 0.340000
v 0.000000 -0.060000 0.340000
v 0.035251 -0.045251 0.340000
v 0.028016 -0.051236 0.340000
v 0.019561 -0.055855 0.340000
v 0.010080 -0.058823 0.340000
v 0.000000 -0.060000 0.340000
v 0.000000 -0.060000 0.340000
v 0.000000 -0.060000 0.340000
v -0.010079 -0.058823 0.340000
v 0.000000 0.040000 0.340000
v 0.000000 0.040000 0.340000
v 0.000000 0.040000 0.340000
v 0.000000 0.040000 0.340000
v 0.035369 0.025279 0.340000
v 0.028115 0.031286 0.340000
v 0.019628 0.035910 0.340000
v 0.010114 0.038886 0.340000
v 0.000000 0.040000 0.340000
v -0.028783 -0.038783 0.305461
v -0.030890 -0.040890 0.311177
v -0.033135 -0.043135 0.319583
v -0.034697 -0.044697 0.329433
v -0.035251 -0.045251 0.340000
v -0.030890 -0.040890 0.368823
v -0.028783 -0.038783 0.374539
v -0.033135 -0.043135 0.360417
v -0.034697 -0.044697 0.350567
v -0.028884 0.018790 0.374660
v -0.030995 0.020909 0.368909
v -0.033247 0.023157 0.360486
v -0.034813 0.024723 0.350603
v -0.035369 0.025279 0.340000
v -0.030995 0.020909 0.311091
v -0.028884 0.018790 0.305340
v -0.033247 0.023157 0.319515
v -0.034813 0.024723 0.329398
v -0.028783 -0.038783 0.374539
v -0.030890 -0.034019 0.377068
v -0.024019 -0.040890 0.377068
v -0.017014 -0.043135 0.379762
v -0.008806 -0.044697 0.381636
v 0.000000 -0.045251 0.382302
v -0.033135 -0.027014 0.379762
v -0.034697 -0.018806 0.381636
v -0.035355 -0.010000 0.382426
v 0.024019 -0.040890 0.377068
v 0.028783 -0.038783 0.374539
v 0.017014 -0.043135 0.379762
v 0.008806 -0.044697 0.381636
v 0.028884 0.018790 0.374660
v 0.024091 0.020909 0.377194
v 0.017071 0.023157 0.379897
v 0.008835 0.024723 0.381775
v 0.000000 0.025279 0.382443
v -0.024091 0.020909 0.377194
v -0.030995 0.014017 0.377194
v -0.028884 0.018790 0.374660
v -0.033247 0.006989 0.379897
v -0.034813 -0.001249 0.381775
v -0.017071 0.023157 0.379897
v -0.008835 0.024723 0.381775
v 0.028783 -0.038783 0.374539
v 0.030890 -0.034019 0.377068
v 0.030890 -0.040890 0.368823
v 0.033135 -0.043135 0.360417
v 0.034697 -0.044697 0.350567
v 0.035251 -0.045251 0.340000
v 0.033135 -0.027014 0.379762
v 0.034697 -0.018806 0.381636
v 0.035355 -0.010000 0.382426
v 0.030890 -0.040890 0.311177
v 0.028783 -0.038783 0.305461
v 0.033135 -0.043135 0.319583
v 0.034697 -0.044697 0.329433
v 0.035251 -0.045251 0.340000
v 0.041236 -0.038016 0.340000
v 0.045855 -0.029561 0.340000
v 0.048823 -0.020079 0.340000
v 0.050000 -0.010000 0.340000
v 0.028884 0.018790 0.305340
v 0.030995 0.020909 0.311091
v 0.033247 0.023157 0.319515
v 0.034813 0.024723 0.329398
v 0.035369 0.025279 0.340000
v 0.030995 0.020909 0.368909
v 0.030995 0.014017 0.377194
v 0.028884 0.018790 0.374660
v 0.033247 0.006989 0.379897
v 0.034813 -0.001249 0.381775
v 0.033247 0.023157 0.360486
v 0.034813 0.024723 0.350603
v 0.035369 0.025279 0.340000
v 0.041375 0.018022 0.340000
v 0.045984 0.009546 0.340000
v 0.048966 0.000030 0.340000
v 0.028783 -0.038783 0.305461
v 0.030890 -0.034019 0.302932
v 0.024019 -0.040890 0.302932
v 0.017014 -0.043135 0.300238
v 0.008806 -0.044697 0.298364
v 0.000000 -0.045251 0.297698
v 0.033135 -0.027014 0.300238
v 0.034697 -0.018806 0.298364
v 0.035369 -0.010088 0.297557
v -0.024019 -0.040890 0.302932
v -0.030890 -0.034019 0.302932
v -0.028783 -0.038783 0.305461
v -0.033135 -0.027014 0.300238
v -0.034697 -0.018806 0.298364
v -0.035369 -0.010088 0.297557
v -0.017014 -0.043135 0.300238
v -0.008806 -0.044697 0.298364
v -0.028884 0.018790 0.305340
v -0.030995 0.014017 0.302806
v -0.024091 0.020909 0.302806
v -0.017071 0.023157 0.300103
v -0.008835 0.024723 0.298225
v 0.000000 0.025279 0.297557
v -0.033247 0.006989 0.300103
v -0.034813 -0.001249 0.298225
v 0.024091 0.020909 0.302806
v 0.030995 0.014017 0.302806
v 0.028884 0.018790 0.305340
v 0.033247 0.006989 0.300103
v 0.034813 -0.001249 0.298225
v 0.017071 0.023157 0.300103
v 0.008835 0.024723 0.298225
vn -0.539164 -0.539164 -0.646997
vn -0.539164 -0.539164 0.646997
vn 0.539164 -0.539164 -0.646997
vn 0.539164 -0.539164 0.646997
vn -0.538922 0.539753 -0.646707
vn -0.538922 0.539753 0.646707
vn 0.538922 0.539753 -0.646707
vn 0.538922 0.539753 0.646707
vn 0.000000 -1.000000 0.000000
vn 0.000000 1.000000 0.000000
vn -0.999975 -0.007027 -0.001097
vn 0.000000 -0.005653 0.999984
vn 0.999975 -0.007028 -0.001097
vn 0.000000 -0.006059 -0.999982
vn 0.000000 -0.640185 -0.768221
vn 0.707107 -0.707107 0.000000
vn 0.000000 -0.640184 0.768221
vn -0.707107 -0.707107 0.000000
vn -0.707206 0.707008 0.000000
vn 0.000000 0.640079 0.768309
vn 0.707206 0.707008 0.000000
vn 0.000000 0.640079 -0.768309
vn -0.640163 -0.008163 0.768196
vn -0.640158 -0.009032 -0.768190
vn 0.640163 -0.008163 0.768196
vn 0.640158 -0.009032 -0.768190
vn -0.444411 -0.573492 -0.688190
vn -0.312107 -0.608205 -0.729846
vn -0.160642 -0.631870 -0.758244
vn 0.444412 -0.573492 -0.688189
vn 0.312108 -0.608206 -0.729845
vn 0.160642 -0.631871 -0.758244
vn 0.590825 -0.590825 -0.549411
vn 0.648312 -0.648313 -0.399226
vn 0.691206 -0.691206 -0.210873
vn 0.590824 -0.590825 0.549412
vn 0.648312 -0.648313 0.399227
vn 0.691206 -0.691207 0.210872
vn 0.444411 -0.573492 0.688190
vn 0.312107 -0.608205 0.729846
vn 0.160642 -0.631870 0.758244
vn -0.444412 -0.573492 0.688189
vn -0.312107 -0.608206 0.729846
vn -0.160642 -0.631870 0.758244
vn -0.590825 -0.590825 0.549411
vn -0.648312 -0.648313 0.399226
vn -0.691207 -0.691206 0.210873
vn -0.590825 -0.590825 -0.549411
vn -0.648312 -0.648313 -0.399226
vn -0.691206 -0.691207 -0.210873
vn -0.590646 0.591174 -0.549227
vn -0.648183 0.648239 -0.399556
vn -0.691310 0.691130 -0.210784
vn -0.590646 0.591174 0.549227
vn -0.648183 0.648239 0.399557
vn -0.691310 0.691130 0.210784
vn -0.444269 0.573840 0.687993
vn -0.312387 0.608177 0.729750
vn -0.160570 0.631780 0.758334
vn 0.444269 0.573840 0.687993
vn 0.312387 0.608177 0.729750
vn 0.160570 0.631780 0.758334
vn 0.590646 0.591174 0.549227
vn 0.648183 0.648239 0.399557
vn 0.691310 0.691130 0.210784
vn 0.590646 0.591174 -0.549227
vn 0.648183 0.648239 -0.399557
vn 0.691310 0.691130 -0.210784
vn 0.444269 0.573840 -0.687993
vn 0.312386 0.608177 -0.729750
vn 0.160569 0.631780 -0.758334
vn -0.444269 0.573840 -0.687993
vn -0.312386 0.608177 -0.729750
vn -0.160569 0.631780 -0.758335
vn -0.573492 -0.444412 0.688190
vn -0.608205 -0.312108 0.729846
vn -0.631187 -0.167066 0.757424
vn -0.573387 0.444743 0.688063
vn -0.608148 0.312383 0.729776
vn -0.632046 0.158950 0.758454
vn -0.573387 0.444743 -0.688063
vn -0.608148 0.312383 -0.729776
vn -0.631880 0.160551 -0.758255
vn -0.573492 -0.444412 -0.688190
vn -0.608205 -0.312108 -0.729846
vn -0.630918 -0.169528 -0.757102
vn 0.573492 -0.444411 0.688190
vn 0.608205 -0.312107 0.729846
vn 0.631187 -0.167067 0.757424
vn 0.573386 0.444744 0.688064
vn 0.608147 0.312383 0.729777
vn 0.632046 0.158950 0.758455
vn 0.573492 -0.444411 -0.688190
vn 0.608205 -0.312107 -0.729846
vn 0.630918 -0.169529 -0.757101
vn 0.573386 0.444744 -0.688064
vn 0.608147 0.312383 -0.729777
vn 0.631880 0.160551 -0.758256
vn 0.000000 -0.776949 -0.629564
vn 0.000000 -0.892035 -0.451966
vn 0.000000 -0.970346 -0.241722
vn 0.559617 -0.828751 0.000000
vn 0.388973 -0.921249 0.000000
vn 0.203258 -0.979125 0.000000
vn 0.000000 -0.776949 0.629564
vn 0.000000 -0.892035 0.451966
vn 0.000000 -0.970346 0.241722
vn -0.559617 -0.828751 0.000000
vn -0.388973 -0.921249 0.000000
vn -0.203257 -0.979125 0.000000
vn -0.559402 0.828896 0.000000
vn -0.388341 0.921516 0.000000
vn -0.201446 0.979500 0.000000
vn 0.000000 0.777121 0.629352
vn 0.000000 0.892384 0.451277
vn 0.000000 0.970870 0.239605
vn 0.559402 0.828896 0.000000
vn 0.388341 0.921516 0.000000
vn 0.201446 0.979500 0.000000
vn 0.000000 0.777120 -0.629352
vn 0.000000 0.892384 -0.451277
vn 0.000000 0.970870 -0.239605
vn -0.828751 -0.559617 0.000000
vn -0.921249 -0.388973 0.000000
vn -0.978280 -0.207289 -0.000405
vn -0.779181 -0.008030 0.626747
vn -0.894373 -0.007335 0.447262
vn -0.972197 -0.006852 0.234066
vn -0.829181 0.558980 0.000000
vn -0.921612 0.388113 0.000000
vn -0.979703 0.200453 -0.000691
vn -0.777310 -0.008948 -0.629055
vn -0.892346 -0.008288 -0.451275
vn -0.971303 -0.007574 -0.237726
vn 0.000000 -0.490401 0.871497
vn 0.000000 -0.331907 0.943312
vn 0.000000 -0.174160 0.984717
vn 0.487651 -0.007497 0.873007
vn 0.328054 -0.006456 0.944637
vn 0.164903 -0.005793 0.986293
vn 0.000000 0.489784 0.871844
vn 0.000000 0.331138 0.943582
vn 0.000000 0.168552 0.985693
vn -0.487651 -0.007497 0.873007
vn -0.328054 -0.006456 0.944637
vn -0.164903 -0.005793 0.986293
vn 0.828751 -0.559617 0.000000
vn 0.921249 -0.388973 0.000000
vn 0.978280 -0.207288 -0.000405
vn 0.777310 -0.008948 -0.629055
vn 0.892346 -0.008288 -0.451275
vn 0.971303 -0.007574 -0.237726
vn 0.829181 0.558980 0.000000
vn 0.921612 0.388113 0.000000
vn 0.979703 0.200453 -0.000690
vn 0.779181 -0.008030 0.626747
vn 0.894373 -0.007335 0.447262
vn 0.972197 -0.006852 0.234066
vn 0.000000 -0.490401 -0.871497
vn 0.000000 -0.331907 -0.943312
vn 0.000000 -0.173611 -0.984814
vn -0.489909 -0.008363 -0.871733
vn -0.331344 -0.007302 -0.943482
vn -0.167559 -0.006406 -0.985841
vn 0.000000 0.489784 -0.871844
vn 0.000000 0.331138 -0.943582
vn 0.000000 0.167607 -0.985854
vn 0.489909 -0.008363 -0.871733
vn 0.331344 -0.007302 -0.943482
vn 0.167559 -0.006406 -0.985841
vn -0.471457 -0.676504 -0.565748
vn -0.329657 -0.731184 -0.597240
vn -0.169578 -0.765348 -0.620875
vn -0.513660 -0.754630 -0.408274
vn -0.356604 -0.830491 -0.427925
vn -0.182926 -0.876521 -0.445251
vn -0.546946 -0.809059 -0.215115
vn -0.379854 -0.897335 -0.224723
vn -0.196520 -0.951718 -0.235824
vn 0.471457 -0.676504 -0.565748
vn 0.513660 -0.754630 -0.408274
vn 0.546946 -0.809059 -0.215115
vn 0.329657 -0.731184 -0.597240
vn 0.356604 -0.830491 -0.427925
vn 0.379854 -0.897335 -0.224724
vn 0.169578 -0.765348 -0.620875
vn 0.182926 -0.876521 -0.445251
vn 0.196520 -0.951718 -0.235825
vn 0.471457 -0.676504 0.565748
vn 0.329657 -0.731184 0.597240
vn 0.169578 -0.765348 0.620875
vn 0.513660 -0.754630 0.408274
vn 0.356604 -0.830491 0.427925
vn 0.182926 -0.876521 0.445251
vn 0.546946 -0.809058 0.215115
vn 0.379854 -0.897335 0.224724
vn 0.196520 -0.951718 0.235825
vn -0.471457 -0.676504 0.565748
vn -0.513660 -0.754630 0.408274
vn -0.546946 -0.809059 0.215115
vn -0.329657 -0.731184 0.597240
vn -0.356604 -0.830491 0.427925
vn -0.379854 -0.897335 0.224723
vn -0.169578 -0.765348 0.620875
vn -0.182926 -0.876521 0.445251
vn -0.196520 -0.951718 0.235824
vn -0.471346 0.676692 -0.565615
vn -0.513502 0.754541 -0.408637
vn -0.546775 0.809197 -0.215029
vn -0.329975 0.731153 -0.597102
vn -0.356456 0.830645 -0.427748
vn -0.379298 0.897629 -0.224490
vn -0.169515 0.765503 -0.620702
vn -0.182749 0.876872 -0.444633
vn -0.195543 0.952209 -0.234652
vn -0.471346 0.676692 0.565615
vn -0.329975 0.731153 0.597102
vn -0.169515 0.765503 0.620702
vn -0.513502 0.754541 0.408637
vn -0.356456 0.830645 0.427748
vn -0.182749 0.876872 0.444633
vn -0.546775 0.809197 0.215029
vn -0.379298 0.897629 0.224490
vn -0.195543 0.952209 0.234651
vn 0.471346 0.676692 0.565615
vn 0.513502 0.754541 0.408637
vn 0.546775 0.809197 0.215029
vn 0.329975 0.731153 0.597102
vn 0.356456 0.830645 0.427748
vn 0.379298 0.897629 0.224490
vn 0.169515 0.765503 0.620702
vn 0.182749 0.876872 0.444633
vn 0.195543 0.952209 0.234651
vn 0.471346 0.676692 -0.565615
vn 0.329975 0.731154 -0.597102
vn 0.169515 0.765503 -0.620702
vn 0.513502 0.754541 -0.408637
vn 0.356456 0.830645 -0.427748
vn 0.182749 0.876872 -0.444633
vn 0.546775 0.809197 -0.215029
vn 0.379298 0.897629 -0.224490
vn 0.195543 0.952209 -0.234651
vn -0.676503 -0.471458 -0.565748
vn -0.754630 -0.513660 -0.408273
vn -0.809059 -0.546946 -0.215115
vn -0.731184 -0.329658 -0.597240
vn -0.830491 -0.356604 -0.427923
vn -0.897335 -0.379854 -0.224724
vn -0.764211 -0.178336 -0.619821
vn -0.875195 -0.190993 -0.444472
vn -0.951079 -0.202334 -0.233474
vn -0.676503 -0.471458 0.565748
vn -0.731184 -0.329658 0.597240
vn -0.765417 -0.176442 0.618874
vn -0.754630 -0.513660 0.408273
vn -0.830491 -0.356604 0.427923
vn -0.876322 -0.190379 0.442511
vn -0.809059 -0.546946 0.215115
vn -0.897335 -0.379854 0.224724
vn -0.951425 -0.202678 0.231761
vn -0.676864 0.471554 0.565237
vn -0.754919 0.513276 0.408222
vn -0.809482 0.546343 0.215054
vn -0.731678 0.329833 0.596538
vn -0.831067 0.356154 0.427180
vn -0.897722 0.378997 0.224625
vn -0.767053 0.168560 0.619045
vn -0.878088 0.183146 0.442063
vn -0.952795 0.195935 0.231929
vn -0.676864 0.471554 -0.565237
vn -0.731678 0.329833 -0.596538
vn -0.765993 0.169546 -0.620088
vn -0.754919 0.513276 -0.408221
vn -0.831067 0.356155 -0.427179
vn -0.877135 0.182820 -0.444085
vn -0.809482 0.546343 -0.215054
vn -0.897722 0.378997 -0.224625
vn -0.952522 0.194873 -0.233938
vn -0.448790 -0.448790 0.772771
vn -0.310631 -0.468977 0.826782
vn -0.158827 -0.484597 0.860197
vn -0.468977 -0.310632 0.826782
vn -0.319272 -0.319272 0.892262
vn -0.161845 -0.328283 0.930611
vn -0.482865 -0.165198 0.859972
vn -0.326188 -0.168400 0.930184
vn -0.164295 -0.172414 0.971227
vn 0.448789 -0.448789 0.772772
vn 0.468977 -0.310632 0.826782
vn 0.482865 -0.165199 0.859971
vn 0.310631 -0.468977 0.826782
vn 0.319273 -0.319273 0.892261
vn 0.326188 -0.168401 0.930184
vn 0.158828 -0.484597 0.860197
vn 0.161845 -0.328284 0.930611
vn 0.164295 -0.172414 0.971227
vn 0.448303 0.448803 0.773046
vn 0.310565 0.468587 0.827028
vn 0.158763 0.484005 0.860543
vn 0.468305 0.310718 0.827130
vn 0.318637 0.318792 0.892660
vn 0.161755 0.327504 0.930901
vn 0.482779 0.157746 0.861418
vn 0.325668 0.161908 0.931518
vn 0.164348 0.166610 0.972230
vn -0.448303 0.448803 0.773046
vn -0.468305 0.310718 0.827130
vn -0.482779 0.157746 0.861418
vn -0.310565 0.468587 0.827028
vn -0.318637 0.318792 0.892660
vn -0.325668 0.161908 0.931518
vn -0.158763 0.484005 0.860543
vn -0.161755 0.327504 0.930901
vn -0.164348 0.166610 0.972230
vn 0.676503 -0.471456 0.565750
vn 0.754630 -0.513659 0.408274
vn 0.809059 -0.546946 0.215114
vn 0.731184 -0.329656 0.597241
vn 0.830491 -0.356603 0.427925
vn 0.897336 -0.379853 0.224723
vn 0.765417 -0.176442 0.618874
vn 0.876321 -0.190379 0.442512
vn 0.951425 -0.202678 0.231760
vn 0.676504 -0.471457 -0.565748
vn 0.731184 -0.329657 -0.597240
vn 0.764211 -0.178337 -0.619821
vn 0.754630 -0.513660 -0.408274
vn 0.830491 -0.356604 -0.427925
vn 0.875195 -0.190993 -0.444473
vn 0.809059 -0.546946 -0.215115
vn 0.897335 -0.379854 -0.224723
vn 0.951079 -0.202334 -0.233473
vn 0.676863 0.471555 -0.565236
vn 0.754919 0.513277 -0.408221
vn 0.809482 0.546343 -0.215054
vn 0.731678 0.329833 -0.596538
vn 0.831067 0.356155 -0.427178
vn 0.897722 0.378997 -0.224625
vn 0.765993 0.169545 -0.620088
vn 0.877135 0.182819 -0.444085
vn 0.952522 0.194873 -0.233939
vn 0.676863 0.471555 0.565236
vn 0.731678 0.329833 0.596538
vn 0.767053 0.168559 0.619045
vn 0.754919 0.513277 0.408221
vn 0.831067 0.356155 0.427178
vn 0.878088 0.183145 0.442063
vn 0.809482 0.546343 0.215054
vn 0.897722 0.378997 0.224625
vn 0.952795 0.195935 0.231930
vn 0.448790 -0.448789 -0.772772
vn 0.310633 -0.468977 -0.826782
vn 0.158827 -0.484597 -0.860197
vn 0.468977 -0.310631 -0.826782
vn 0.319273 -0.319272 -0.892261
vn 0.161845 -0.328283 -0.930611
vn 0.483852 -0.167058 -0.859057
vn 0.327813 -0.169036 -0.929498
vn 0.165541 -0.172154 -0.971061
vn -0.448789 -0.448790 -0.772772
vn -0.468977 -0.310633 -0.826782
vn -0.483852 -0.167058 -0.859057
vn -0.310631 -0.468977 -0.826782
vn -0.319272 -0.319273 -0.892261
vn -0.327812 -0.169036 -0.929498
vn -0.158828 -0.484598 -0.860197
vn -0.161845 -0.328283 -0.930611
vn -0.165541 -0.172154 -0.971061
vn -0.448303 0.448803 -0.773046
vn -0.310565 0.468587 -0.827028
vn -0.158763 0.484005 -0.860543
vn -0.468305 0.310718 -0.827130
vn -0.318637 0.318792 -0.892660
vn -0.161755 0.327504 -0.930901
vn -0.483827 0.158747 -0.860646
vn -0.327322 0.161701 -0.930975
vn -0.165802 0.165737 -0.972132
vn 0.448303 0.448803 -0.773046
vn 0.468305 0.310718 -0.827130
vn 0.483827 0.158747 -0.860646
vn 0.310565 0.468587 -0.827028
vn 0.318637 0.318792 -0.892660
vn 0.327322 0.161701 -0.930975
vn 0.158763 0.484005 -0.860543
vn 0.161755 0.327504 -0.930901
vn 0.165802 0.165737 -0.972132
vn -0.203257 -0.979125 0.000000
vn 0.000000 -1.000000 0.000000
vn 0.000000 -1.000000 0.000000
vn 0.707107 -0.707107 0.000000
vn 0.559617 -0.828751 0.000000
vn 0.388973 -0.921249 0.000000
vn 0.203258 -0.979125 0.000000
vn 0.000000 -1.000000 0.000000
vn 0.000000 -1.000000 0.000000
vn 0.000000 -1.000000 0.000000
vn -0.203257 -0.979125 0.000000
vn 0.000000 1.000000 0.000000
vn 0.000000 1.000000 0.000000
vn 0.000000 1.000000 0.000000
vn 0.000000 1.000000 0.000000
vn 0.707206 0.707008 0.000000
vn 0.559402 0.828896 0.000000
vn 0.388341 0.921516 0.000000
vn 0.201446 0.979500 0.000000
vn 0.000000 1.000000 0.000000
vn -0.539164 -0.539164 -0.646997
vn -0.590825 -0.590825 -0.549411
vn -0.648312 -0.648313 -0.399226
vn -0.691206 -0.691207 -0.210873
vn -0.707107 -0.707107 0.000000
vn -0.590825 -0.590825 0.549411
vn -0.539164 -0.539164 0.646997
vn -0.648312 -0.648313 0.399226
vn -0.691207 -0.691206 0.210873
vn -0.538922 0.539753 0.646707
vn -0.590646 0.591174 0.549227
vn -0.648183 0.648239 0.399557
vn -0.691310 0.691130 0.210784
vn -0.707206 0.707008 0.000000
vn -0.590646 0.591174 -0.549227
vn -0.538922 0.539753 -0.646707
vn -0.648183 0.648239 -0.399556
vn -0.691310 0.691130 -0.210784
vn -0.539164 -0.539164 0.646997
vn -0.573492 -0.444412 0.688190
vn -0.444412 -0.573492 0.688189
vn -0.312107 -0.608206 0.729846
vn -0.160642 -0.631870 0.758244
vn 0.000000 -0.640184 0.768221
vn -0.608205 -0.312108 0.729846
vn -0.631187 -0.167066 0.757424
vn -0.640163 -0.008163 0.768196
vn 0.444411 -0.573492 0.688190
vn 0.539164 -0.539164 0.646997
vn 0.312107 -0.608205 0.729846
vn 0.160642 -0.631870 0.758244
vn 0.538922 0.539753 0.646707
vn 0.444269 0.573840 0.687993
vn 0.312387 0.608177 0.729750
vn 0.160570 0.631780 0.758334
vn 0.000000 0.640079 0.768309
vn -0.444269 0.573840 0.687993
vn -0.573387 0.444743 0.688063
vn -0.538922 0.539753 0.646707
vn -0.608148 0.312383 0.729776
vn -0.632046 0.158950 0.758454
vn -0.312387 0.608177 0.729750
vn -0.160570 0.631780 0.758334
vn 0.539164 -0.539164 0.646997
vn 0.573492 -0.444411 0.688190
vn 0.590824 -0.590825 0.549412
vn 0.648312 -0.648313 0.399227
vn 0.691206 -0.691207 0.210872
vn 0.707107 -0.707107 0.000000
vn 0.608205 -0.312107 0.729846
vn 0.631187 -0.167067 0.757424
vn 0.640163 -0.008163 0.768196
vn 0.590825 -0.590825 -0.549411
vn 0.539164 -0.539164 -0.646997
vn 0.648312 -0.648313 -0.399226
vn 0.691206 -0.691206 -0.210873
vn 0.707107 -0.707107 0.000000
vn 0.828751 -0.559617 0.000000
vn 0.921249 -0.388973 0.000000
vn 0.978280 -0.207288 -0.000405
vn 0.999975 -0.007028 -0.001097
vn 0.538922 0.539753 -0.646707
vn 0.590646 0.591174 -0.549227
vn 0.648183 0.648239 -0.399557
vn 0.691310 0.691130 -0.210784
vn 0.707206 0.707008 0.000000
vn 0.590646 0.591174 0.549227
vn 0.573386 0.444744 0.688064
vn 0.538922 0.539753 0.646707
vn 0.608147 0.312383 0.729777
vn 0.632046 0.158950 0.758455
vn 0.648183 0.648239 0.399557
vn 0.691310 0.691130 0.210784
vn 0.707206 0.707008 0.000000
vn 0.829181 0.558980 0.000000
vn 0.921612 0.388113 0.000000
vn 0.979703 0.200453 -0.000690
vn 0.539164 -0.539164 -0.646997
vn 0.573492 -0.444411 -0.688190
vn 0.444412 -0.573492 -0.688189
vn 0.312108 -0.608206 -0.729845
vn 0.160642 -0.631871 -0.758244
vn 0.000000 -0.640185 -0.768221
vn 0.608205 -0.312107 -0.729846
vn 0.630918 -0.169529 -0.757101
vn 0.640158 -0.009032 -0.768190
vn -0.444411 -0.573492 -0.688190
vn -0.573492 -0.444412 -0.688190
vn -0.539164 -0.539164 -0.646997
vn -0.608205 -0.312108 -0.729846
vn -0.630918 -0.169528 -0.757102
vn -0.640158 -0.009032 -0.768190
vn -0.312107 -0.608205 -0.729846
vn -0.160642 -0.631870 -0.758244
vn -0.538922 0.539753 -0.646707
vn -0.573387 0.444743 -0.688063
vn -0.444269 0.573840 -0.687993
vn -0.312386 0.608177 -0.729750
vn -0.160569 0.631780 -0.758335
vn 0.000000 0.640079 -0.768309
vn -0.608148 0.312383 -0.729776
vn -0.631880 0.160551 -0.758255
vn 0.444269 0.573840 -0.687993
vn 0.573386 0.444744 -0.688064
vn 0.538922 0.539753 -0.646707
vn 0.608147 0.312383 -0.729777
vn 0.631880 0.160551 -0.758256
vn 0.312386 0.608177 -0.729750
vn 0.160569 0.631780 -0.758334
vt 0.373799 0.318191
vt 0.623613 0.318191
vt 0.123986 0.318191
vt 0.873427 0.318191
vt 0.373799 0.683609
vt 0.623613 0.683609
vt 0.123986 0.683609
vt 0.873427 0.683609
vt 0.373458 0.021756
vt 0.384783 0.971765
vt 0.498706 0.500900
vt 0.748520 0.500900
vt 0.998334 0.500900
vt 0.248892 0.500900
vt 0.248892 0.277129
vt -0.000921 0.277129
vt 0.748520 0.277129
vt 0.498706 0.277129
vt 0.498706 0.724672
vt 0.748520 0.724672
vt 0.998334 0.724672
vt 0.248892 0.724672
vt 0.623613 0.500900
vt 0.373799 0.500900
vt 0.873427 0.500900
vt 0.123986 0.500900
vt 0.354002 0.304814
vt 0.324335 0.290564
vt 0.288421 0.280647
vt 0.143782 0.304814
vt 0.173450 0.290564
vt 0.209364 0.280647
vt 0.104189 0.304814
vt 0.074521 0.290564
vt 0.038607 0.280647
vt 0.893224 0.304814
vt 0.922891 0.290564
vt 0.958805 0.280647
vt 0.853630 0.304814
vt 0.823963 0.290564
vt 0.788048 0.280647
vt 0.643410 0.304814
vt 0.673077 0.290564
vt 0.708991 0.280647
vt 0.603816 0.304814
vt 0.574149 0.290564
vt 0.538235 0.280647
vt 0.393596 0.304814
vt 0.423264 0.290564
vt 0.459178 0.280647
vt 0.393596 0.696987
vt 0.423264 0.711237
vt 0.459178 0.721153
vt 0.603816 0.696987
vt 0.574149 0.711237
vt 0.538235 0.721153
vt 0.643410 0.696987
vt 0.673077 0.711237
vt 0.708991 0.721153
vt 0.853630 0.696987
vt 0.823963 0.711237
vt 0.788048 0.721153
vt 0.893224 0.696987
vt 0.922891 0.711237
vt 0.958805 0.721153
vt 0.104189 0.696987
vt 0.074521 0.711237
vt 0.038607 0.721153
vt 0.143782 0.696987
vt 0.173450 0.711237
vt 0.209364 0.721153
vt 0.354002 0.696987
vt 0.324335 0.711237
vt 0.288421 0.721153
vt 0.623613 0.348428
vt 0.623613 0.392897
vt 0.623613 0.445000
vt 0.623613 0.653373
vt 0.623613 0.608904
vt 0.623613 0.556800
vt 0.373799 0.653373
vt 0.373799 0.608904
vt 0.373799 0.556800
vt 0.373799 0.348428
vt 0.373799 0.392897
vt 0.373799 0.445000
vt 0.873427 0.348428
vt 0.873427 0.392897
vt 0.873427 0.445000
vt 0.873427 0.653373
vt 0.873427 0.608904
vt 0.873427 0.556800
vt 0.123986 0.348428
vt 0.123986 0.392897
vt 0.123986 0.445000
vt 0.123986 0.653373
vt 0.123986 0.608904
vt 0.123986 0.556800
vt 0.248892 0.233575
vt 0.248892 0.174340
vt 0.248892 0.102047
vt -0.000921 0.233575
vt -0.000921 0.173344
vt -0.000921 0.111119
vt 0.748520 0.233575
vt 0.748520 0.174340
vt 0.748520 0.104690
vt 0.498706 0.233575
vt 0.498706 0.169569
vt 0.498706 0.097569
vt 0.498706 0.762664
vt 0.498706 0.816243
vt 0.498706 0.902040
vt 0.748520 0.762664
vt 0.748520 0.816243
vt 0.748657 0.901957
vt 0.998334 0.762664
vt 0.998334 0.816243
vt 0.997860 0.899095
vt 0.248892 0.762664
vt 0.248892 0.816243
vt 0.248892 0.902040
vt 0.498706 0.323059
vt 0.498706 0.376732
vt 0.498706 0.436917
vt 0.593613 0.500900
vt 0.562830 0.500900
vt 0.531084 0.500900
vt 0.498706 0.678741
vt 0.498706 0.625069
vt 0.498706 0.564884
vt 0.403799 0.500900
vt 0.434582 0.500900
vt 0.466328 0.500900
vt 0.748520 0.323059
vt 0.748520 0.376732
vt 0.748520 0.436917
vt 0.843427 0.500900
vt 0.812644 0.500900
vt 0.780898 0.500900
vt 0.748520 0.678741
vt 0.748520 0.625069
vt 0.748520 0.564884
vt 0.653613 0.500900
vt 0.684396 0.500900
vt 0.716142 0.500900
vt 0.998334 0.323059
vt 0.998334 0.376732
vt 0.998334 0.436917
vt 0.093986 0.500900
vt 0.063202 0.500900
vt 0.031457 0.500900
vt -0.000921 0.678741
vt -0.000921 0.625069
vt -0.000921 0.564884
vt 0.903427 0.500900
vt 0.934210 0.500900
vt 0.965956 0.500900
vt 0.248892 0.323059
vt 0.248892 0.376732
vt 0.248892 0.436917
vt 0.343800 0.500900
vt 0.313016 0.500900
vt 0.281270 0.500900
vt 0.248892 0.678741
vt 0.248892 0.625069
vt 0.248892 0.564884
vt 0.153985 0.500900
vt 0.184769 0.500900
vt 0.216515 0.500900
vt 0.373799 0.283400
vt 0.342019 0.250794
vt 0.299219 0.237880
vt 0.405580 0.250794
vt 0.373799 0.214219
vt 0.321637 0.185627
vt 0.448379 0.237880
vt 0.425961 0.175268
vt 0.372580 0.133626
vt 0.123986 0.283400
vt 0.092205 0.250794
vt 0.049406 0.237880
vt 0.155766 0.250794
vt 0.123986 0.209653
vt 0.071823 0.185920
vt 0.198565 0.237880
vt 0.176148 0.184810
vt 0.125205 0.142172
vt 0.873427 0.283400
vt 0.841646 0.250794
vt 0.798847 0.237880
vt 0.905208 0.250794
vt 0.873427 0.209653
vt 0.821265 0.181853
vt 0.948007 0.237880
vt 0.925589 0.185920
vt 0.881960 0.139528
vt 0.623613 0.283400
vt 0.591833 0.250794
vt 0.549033 0.237880
vt 0.655394 0.250794
vt 0.623613 0.214219
vt 0.571451 0.180770
vt 0.698193 0.237880
vt 0.675775 0.183082
vt 0.615080 0.132108
vt 0.373799 0.725353
vt 0.405580 0.745444
vt 0.448379 0.758358
vt 0.342019 0.745444
vt 0.373799 0.770862
vt 0.425961 0.810544
vt 0.299219 0.758358
vt 0.321637 0.810544
vt 0.373799 0.870621
vt 0.623613 0.725353
vt 0.655394 0.745444
vt 0.698193 0.758358
vt 0.591833 0.745444
vt 0.623613 0.770862
vt 0.675775 0.810544
vt 0.549033 0.758358
vt 0.571451 0.810544
vt 0.623613 0.870621
vt 0.873427 0.725353
vt 0.905208 0.745444
vt 0.948007 0.758358
vt 0.841646 0.745444
vt 0.873427 0.770862
vt 0.925589 0.810544
vt 0.798847 0.758358
vt 0.821265 0.810544
vt 0.873427 0.876644
vt 0.123986 0.725353
vt 0.155766 0.745444
vt 0.198565 0.758358
vt 0.092205 0.745444
vt 0.123986 0.770862
vt 0.176148 0.810544
vt 0.049406 0.758358
vt 0.071823 0.810544
vt 0.123986 0.870621
vt 0.401279 0.343153
vt 0.430935 0.333502
vt 0.463899 0.326019
vt 0.403241 0.389889
vt 0.433784 0.384136
vt 0.465803 0.379021
vt 0.403814 0.443635
vt 0.434603 0.440908
vt 0.466343 0.438214
vt 0.596133 0.343153
vt 0.594171 0.389889
vt 0.593599 0.443635
vt 0.566477 0.333502
vt 0.563629 0.384136
vt 0.562809 0.440908
vt 0.533514 0.326019
vt 0.531610 0.379021
vt 0.531069 0.438214
vt 0.596133 0.658648
vt 0.566477 0.668299
vt 0.533514 0.675782
vt 0.594171 0.611911
vt 0.563629 0.617665
vt 0.531610 0.622780
vt 0.593599 0.558166
vt 0.562809 0.560893
vt 0.531069 0.563587
vt 0.401279 0.658648
vt 0.403241 0.611911
vt 0.403814 0.558166
vt 0.430935 0.668299
vt 0.433784 0.617665
vt 0.434603 0.560893
vt 0.463899 0.675782
vt 0.465803 0.622780
vt 0.466343 0.563587
vt 0.651093 0.343153
vt 0.680749 0.333502
vt 0.713713 0.326019
vt 0.653055 0.389889
vt 0.683597 0.384136
vt 0.715617 0.379021
vt 0.653627 0.443635
vt 0.684417 0.440908
vt 0.716157 0.438214
vt 0.845947 0.343153
vt 0.843985 0.389889
vt 0.843413 0.443635
vt 0.816291 0.333502
vt 0.813443 0.384136
vt 0.812623 0.440908
vt 0.783327 0.326019
vt 0.781423 0.379021
vt 0.780883 0.438214
vt 0.845947 0.658648
vt 0.816291 0.668299
vt 0.783327 0.675782
vt 0.843985 0.611911
vt 0.813443 0.617665
vt 0.781423 0.622780
vt 0.843413 0.558166
vt 0.812623 0.560893
vt 0.780883 0.563587
vt 0.651093 0.658648
vt 0.653055 0.611911
vt 0.653627 0.558166
vt 0.680749 0.668299
vt 0.683597 0.617665
vt 0.684417 0.560893
vt 0.713713 0.675782
vt 0.715617 0.622780
vt 0.716157 0.563587
vt 0.900906 0.343153
vt 0.930563 0.333502
vt 0.963526 0.326019
vt 0.902869 0.389889
vt 0.933411 0.384136
vt 0.965431 0.379021
vt 0.903441 0.443635
vt 0.934231 0.440908
vt 0.965971 0.438214
vt 0.096506 0.343153
vt 0.094543 0.389889
vt 0.093971 0.443635
vt 0.066850 0.333502
vt 0.064001 0.384136
vt 0.063182 0.440908
vt 0.033886 0.326019
vt 0.031982 0.379021
vt 0.031441 0.438214
vt 0.096506 0.658648
vt 0.066850 0.668299
vt 0.033886 0.675782
vt 0.094543 0.611911
vt 0.064001 0.617665
vt 0.031982 0.622780
vt 0.093971 0.558166
vt 0.063182 0.560893
vt 0.031441 0.563587
vt 0.900906 0.658648
vt 0.902869 0.611911
vt 0.903441 0.558166
vt 0.930563 0.668299
vt 0.933411 0.617665
vt 0.934231 0.560893
vt 0.963526 0.675782
vt 0.965431 0.622780
vt 0.965971 0.563587
vt 0.151465 0.343153
vt 0.181122 0.333502
vt 0.214085 0.326019
vt 0.153428 0.389889
vt 0.183970 0.384136
vt 0.215989 0.379021
vt 0.154000 0.443635
vt 0.184789 0.440908
vt 0.216530 0.438214
vt 0.346320 0.343153
vt 0.344357 0.389889
vt 0.343785 0.443635
vt 0.316663 0.333502
vt 0.313815 0.384136
vt 0.312995 0.440908
vt 0.283700 0.326019
vt 0.281796 0.379021
vt 0.281255 0.438214
vt 0.346320 0.658648
vt 0.316663 0.668299
vt 0.283700 0.675782
vt 0.344357 0.611911
vt 0.313815 0.617665
vt 0.281796 0.622780
vt 0.343785 0.558166
vt 0.312995 0.560893
vt 0.281255 0.563587
vt 0.151465 0.658648
vt 0.153428 0.611911
vt 0.154000 0.558166
vt 0.181122 0.668299
vt 0.183970 0.617665
vt 0.184789 0.560893
vt 0.214085 0.675782
vt 0.215989 0.622780
vt 0.216530 0.563587
vt 0.498706 0.097569
vt 0.373458 0.021756
vt 0.119418 0.021756
vt 0.998334 0.277129
vt 0.998334 0.233575
vt 0.998334 0.173344
vt 0.998334 0.103510
vt 0.873917 0.020380
vt 0.873917 0.020380
vt 0.622417 0.017629
vt 0.498706 0.097569
vt 0.384783 0.971765
vt 0.619770 0.975891
vt 0.875080 0.973140
vt 0.875080 0.973140
vt -0.000921 0.724672
vt -0.000921 0.762664
vt -0.000921 0.816243
vt -0.000921 0.902040
vt 0.129473 0.971765
vt 0.373799 0.318191
vt 0.393596 0.304814
vt 0.423264 0.290564
vt 0.459178 0.280647
vt 0.498706 0.277129
vt 0.603816 0.304814
vt 0.623613 0.318191
vt 0.574149 0.290564
vt 0.538235 0.280647
vt 0.623613 0.683609
vt 0.603816 0.696987
vt 0.574149 0.711237
vt 0.538235 0.721153
vt 0.498706 0.724672
vt 0.393596 0.696987
vt 0.373799 0.683609
vt 0.423264 0.711237
vt 0.459178 0.721153
vt 0.623613 0.318191
vt 0.623613 0.348428
vt 0.643410 0.304814
vt 0.673077 0.290564
vt 0.708991 0.280647
vt 0.748520 0.277129
vt 0.623613 0.392897
vt 0.623613 0.445000
vt 0.623613 0.500900
vt 0.853630 0.304814
vt 0.873427 0.318191
vt 0.823963 0.290564
vt 0.788048 0.280647
vt 0.873427 0.683609
vt 0.853630 0.696987
vt 0.823963 0.711237
vt 0.788048 0.721153
vt 0.748520 0.724672
vt 0.643410 0.696987
vt 0.623613 0.653373
vt 0.623613 0.683609
vt 0.623613 0.608904
vt 0.623613 0.556800
vt 0.673077 0.711237
vt 0.708991 0.721153
vt 0.873427 0.318191
vt 0.873427 0.348428
vt 0.893224 0.304814
vt 0.922891 0.290564
vt 0.958805 0.280647
vt 0.998334 0.277129
vt 0.873427 0.392897
vt 0.873427 0.445000
vt 0.873427 0.500900
vt 0.104189 0.304814
vt 0.123986 0.318191
vt 0.074521 0.290564
vt 0.038607 0.280647
vt -0.000921 0.277129
vt -0.000921 0.323059
vt -0.000921 0.376732
vt -0.000921 0.436917
vt -0.000921 0.500900
vt 0.123986 0.683609
vt 0.104189 0.696987
vt 0.074521 0.711237
vt 0.038607 0.721153
vt -0.000921 0.724672
vt 0.893224 0.696987
vt 0.873427 0.653373
vt 0.873427 0.683609
vt 0.873427 0.608904
vt 0.873427 0.556800
vt 0.922891 0.711237
vt 0.958805 0.721153
vt 0.998334 0.724672
vt 0.998334 0.678741
vt 0.998334 0.625069
vt 0.998334 0.564884
vt 0.123986 0.318191
vt 0.123986 0.348428
vt 0.143782 0.304814
vt 0.173450 0.290564
vt 0.209364 0.280647
vt 0.248892 0.277129
vt 0.123986 0.392897
vt 0.123986 0.445000
vt 0.123986 0.500900
vt 0.354002 0.304814
vt 0.373799 0.348428
vt 0.373799 0.318191
vt 0.373799 0.392897
vt 0.373799 0.445000
vt 0.373799 0.500900
vt 0.324335 0.290564
vt 0.288421 0.280647
vt 0.373799 0.683609
vt 0.373799 0.653373
vt 0.354002 0.696987
vt 0.324335 0.711237
vt 0.288421 0.721153
vt 0.248892 0.724672
vt 0.373799 0.608904
vt 0.373799 0.556800
vt 0.143782 0.696987
vt 0.123986 0.653373
vt 0.123986 0.683609
vt 0.123986 0.608904
vt 0.123986 0.556800
vt 0.173450 0.711237
vt 0.209364 0.721153
f 250/250/250 251/251/251 459/459/459
f 247/247/247 251/251/251 250/250/250
f 246/246/246 247/247/247 250/250/250
f 246/246/246 250/250/250 249/249/249
f 249/249/249 250/250/250 181/181/181
f 250/250/250 182/182/182 181/181/181
f 251/251/251 81/81/81 182/182/182
f 278/278/278 181/181/181 182/182/182
f 247/247/247 248/248/248 251/251/251
f 248/248/248 173/173/173 251/251/251
f 251/251/251 173/173/173 460/460/460
f 243/243/243 247/247/247 246/246/246
f 244/244/244 248/248/248 247/247/247
f 243/243/243 244/244/244 247/247/247
f 121/121/121 246/246/246 249/249/249
f 120/120/120 246/246/246 121/121/121
f 120/120/120 243/243/243 246/246/246
f 73/73/73 243/243/243 120/120/120
f 73/73/73 99/99/99 243/243/243
f 99/99/99 244/244/244 243/243/243
f 121/121/121 249/249/249 122/122/122
f 99/99/99 100/100/100 244/244/244
f 122/122/122 249/249/249 180/180/180
f 122/122/122 180/180/180 90/90/90
f 249/249/249 181/181/181 180/180/180
f 100/100/100 245/245/245 244/244/244
f 244/244/244 245/245/245 248/248/248
f 100/100/100 101/101/101 245/245/245
f 272/272/272 90/90/90 180/180/180
f 272/272/272 119/119/119 90/90/90
f 275/275/275 180/180/180 181/181/181
f 275/275/275 272/272/272 180/180/180
f 278/278/278 275/275/275 181/181/181
f 245/245/245 172/172/172 248/248/248
f 248/248/248 172/172/172 173/173/173
f 101/101/101 171/171/171 245/245/245
f 245/245/245 171/171/171 172/172/172
f 101/101/101 87/87/87 171/171/171
f 271/271/271 119/119/119 272/272/272
f 271/271/271 118/118/118 119/119/119
f 274/274/274 272/272/272 275/275/275
f 274/274/274 271/271/271 272/272/272
f 87/87/87 258/258/258 171/171/171
f 87/87/87 104/104/104 258/258/258
f 171/171/171 259/259/259 172/172/172
f 171/171/171 258/258/258 259/259/259
f 172/172/172 260/260/260 173/173/173
f 172/172/172 259/259/259 260/260/260
f 270/270/270 118/118/118 271/271/271
f 270/270/270 117/117/117 118/118/118
f 104/104/104 255/255/255 258/258/258
f 104/104/104 103/103/103 255/255/255
f 173/173/173 260/260/260 176/176/176
f 173/173/173 176/176/176 461/461/461
f 260/260/260 175/175/175 176/176/176
f 260/260/260 257/257/257 175/175/175
f 259/259/259 257/257/257 260/260/260
f 257/257/257 174/174/174 175/175/175
f 258/258/258 256/256/256 259/259/259
f 259/259/259 256/256/256 257/257/257
f 258/258/258 255/255/255 256/256/256
f 257/257/257 254/254/254 174/174/174
f 256/256/256 254/254/254 257/257/257
f 254/254/254 88/88/88 174/174/174
f 254/254/254 107/107/107 88/88/88
f 256/256/256 253/253/253 254/254/254
f 253/253/253 107/107/107 254/254/254
f 255/255/255 253/253/253 256/256/256
f 253/253/253 106/106/106 107/107/107
f 255/255/255 252/252/252 253/253/253
f 252/252/252 106/106/106 253/253/253
f 103/103/103 252/252/252 255/255/255
f 252/252/252 105/105/105 106/106/106
f 103/103/103 102/102/102 252/252/252
f 102/102/102 105/105/105 252/252/252
f 102/102/102 75/75/75 105/105/105
f 179/179/179 182/182/182 468/468/468
f 269/269/269 179/179/179 467/467/467
f 266/266/266 179/179/179 269/269/269
f 266/266/266 178/178/178 179/179/179
f 178/178/178 278/278/278 179/179/179
f 179/179/179 278/278/278 469/469/469
f 178/178/178 277/277/277 278/278/278
f 277/277/277 275/275/275 278/278/278
f 277/277/277 274/274/274 275/275/275
f 177/177/177 277/277/277 178/178/178
f 276/276/276 274/274/274 277/277/277
f 177/177/177 276/276/276 277/277/277
f 263/263/263 178/178/178 266/266/266
f 263/263/263 177/177/177 178/178/178
f 276/276/276 273/273/273 274/274/274
f 273/273/273 271/271/271 274/274/274
f 273/273/273 270/270/270 271/271/271
f 89/89/89 276/276/276 177/177/177
f 113/113/113 89/89/89 177/177/177
f 113/113/113 177/177/177 263/263/263
f 89/89/89 116/116/116 276/276/276
f 116/116/116 273/273/273 276/276/276
f 116/116/116 115/115/115 273/273/273
f 115/115/115 270/270/270 273/273/273
f 115/115/115 114/114/114 270/270/270
f 114/114/114 117/117/117 270/270/270
f 114/114/114 74/74/74 117/117/117
f 112/112/112 113/113/113 263/263/263
f 112/112/112 263/263/263 262/262/262
f 111/111/111 112/112/112 262/262/262
f 262/262/262 263/263/263 266/266/266
f 111/111/111 262/262/262 261/261/261
f 76/76/76 111/111/111 261/261/261
f 76/76/76 261/261/261 108/108/108
f 262/262/262 266/266/266 265/265/265
f 261/261/261 262/262/262 265/265/265
f 265/265/265 266/266/266 269/269/269
f 108/108/108 261/261/261 264/264/264
f 261/261/261 265/265/265 264/264/264
f 108/108/108 264/264/264 109/109/109
f 265/265/265 269/269/269 268/268/268
f 264/264/264 265/265/265 268/268/268
f 109/109/109 264/264/264 267/267/267
f 264/264/264 268/268/268 267/267/267
f 109/109/109 267/267/267 110/110/110
f 268/268/268 269/269/269 465/465/465
f 269/269/269 466/466/466 465/465/465
f 268/268/268 465/465/465 464/464/464
f 267/267/267 268/268/268 464/464/464
f 267/267/267 464/464/464 463/463/463
f 110/110/110 267/267/267 463/463/463
f 110/110/110 463/463/463 462/462/462
f 287/287/287 82/82/82 194/194/194
f 286/286/286 287/287/287 194/194/194
f 283/283/283 287/287/287 286/286/286
f 283/283/283 284/284/284 287/287/287
f 284/284/284 185/185/185 287/287/287
f 287/287/287 185/185/185 470/470/470
f 286/286/286 194/194/194 193/193/193
f 282/282/282 283/283/283 286/286/286
f 285/285/285 286/286/286 193/193/193
f 282/282/282 286/286/286 285/285/285
f 280/280/280 284/284/284 283/283/283
f 279/279/279 283/283/283 282/282/282
f 279/279/279 280/280/280 283/283/283
f 145/145/145 282/282/282 285/285/285
f 144/144/144 282/282/282 145/145/145
f 144/144/144 279/279/279 282/282/282
f 77/77/77 279/279/279 144/144/144
f 77/77/77 123/123/123 279/279/279
f 123/123/123 280/280/280 279/279/279
f 145/145/145 285/285/285 146/146/146
f 123/123/123 124/124/124 280/280/280
f 146/146/146 285/285/285 192/192/192
f 285/285/285 193/193/193 192/192/192
f 146/146/146 192/192/192 94/94/94
f 124/124/124 281/281/281 280/280/280
f 280/280/280 281/281/281 284/284/284
f 124/124/124 125/125/125 281/281/281
f 308/308/308 94/94/94 192/192/192
f 308/308/308 143/143/143 94/94/94
f 311/311/311 192/192/192 193/193/193
f 311/311/311 308/308/308 192/192/192
f 281/281/281 184/184/184 284/284/284
f 284/284/284 184/184/184 185/185/185
f 125/125/125 183/183/183 281/281/281
f 281/281/281 183/183/183 184/184/184
f 125/125/125 91/91/91 183/183/183
f 307/307/307 143/143/143 308/308/308
f 307/307/307 142/142/142 143/143/143
f 91/91/91 294/294/294 183/183/183
f 91/91/91 128/128/128 294/294/294
f 183/183/183 295/295/295 184/184/184
f 183/183/183 294/294/294 295/295/295
f 184/184/184 296/296/296 185/185/185
f 184/184/184 295/295/295 296/296/296
f 128/128/128 291/291/291 294/294/294
f 128/128/128 127/127/127 291/291/291
f 294/294/294 292/292/292 295/295/295
f 294/294/294 291/291/291 292/292/292
f 127/127/127 288/288/288 291/291/291
f 127/127/127 126/126/126 288/288/288
f 126/126/126 129/129/129 288/288/288
f 126/126/126 78/78/78 129/129/129
f 288/288/288 129/129/129 130/130/130
f 291/291/291 288/288/288 289/289/289
f 288/288/288 130/130/130 289/289/289
f 291/291/291 289/289/289 292/292/292
f 289/289/289 130/130/130 131/131/131
f 289/289/289 131/131/131 290/290/290
f 292/292/292 289/289/289 290/290/290
f 290/290/290 131/131/131 92/92/92
f 295/295/295 292/292/292 293/293/293
f 292/292/292 290/290/290 293/293/293
f 295/295/295 293/293/293 296/296/296
f 290/290/290 92/92/92 186/186/186
f 293/293/293 290/290/290 186/186/186
f 134/134/134 186/186/186 92/92/92
f 296/296/296 293/293/293 187/187/187
f 293/293/293 186/186/186 187/187/187
f 134/134/134 303/303/303 186/186/186
f 303/303/303 187/187/187 186/186/186
f 133/133/133 303/303/303 134/134/134
f 296/296/296 187/187/187 188/188/188
f 185/185/185 296/296/296 188/188/188
f 185/185/185 188/188/188 471/471/471
f 133/133/133 300/300/300 303/303/303
f 132/132/132 300/300/300 133/133/133
f 303/303/303 304/304/304 187/187/187
f 304/304/304 188/188/188 187/187/187
f 300/300/300 304/304/304 303/303/303
f 132/132/132 297/297/297 300/300/300
f 80/80/80 297/297/297 132/132/132
f 80/80/80 135/135/135 297/297/297
f 304/304/304 305/305/305 188/188/188
f 305/305/305 472/472/472 188/188/188
f 300/300/300 301/301/301 304/304/304
f 297/297/297 301/301/301 300/300/300
f 301/301/301 305/305/305 304/304/304
f 135/135/135 298/298/298 297/297/297
f 297/297/297 298/298/298 301/301/301
f 135/135/135 136/136/136 298/298/298
f 301/301/301 302/302/302 305/305/305
f 298/298/298 302/302/302 301/301/301
f 136/136/136 299/299/299 298/298/298
f 298/298/298 299/299/299 302/302/302
f 136/136/136 137/137/137 299/299/299
f 302/302/302 191/191/191 305/305/305
f 305/305/305 191/191/191 473/473/473
f 302/302/302 190/190/190 191/191/191
f 299/299/299 190/190/190 302/302/302
f 299/299/299 189/189/189 190/190/190
f 137/137/137 189/189/189 299/299/299
f 137/137/137 93/93/93 189/189/189
f 138/138/138 79/79/79 141/141/141
f 138/138/138 141/141/141 306/306/306
f 306/306/306 141/141/141 142/142/142
f 139/139/139 138/138/138 306/306/306
f 306/306/306 142/142/142 307/307/307
f 139/139/139 306/306/306 309/309/309
f 309/309/309 306/306/306 307/307/307
f 140/140/140 139/139/139 309/309/309
f 309/309/309 307/307/307 310/310/310
f 310/310/310 307/307/307 308/308/308
f 310/310/310 308/308/308 311/311/311
f 140/140/140 309/309/309 312/312/312
f 312/312/312 309/309/309 310/310/310
f 474/474/474 140/140/140 312/312/312
f 474/474/474 312/312/312 475/475/475
f 312/312/312 310/310/310 313/313/313
f 475/475/475 312/312/312 313/313/313
f 313/313/313 310/310/310 311/311/311
f 475/475/475 313/313/313 476/476/476
f 313/313/313 311/311/311 314/314/314
f 476/476/476 313/313/313 314/314/314
f 314/314/314 311/311/311 193/193/193
f 476/476/476 314/314/314 477/477/477
f 314/314/314 193/193/193 194/194/194
f 477/477/477 314/314/314 194/194/194
f 477/477/477 194/194/194 478/478/478
f 484/484/484 485/485/485 147/147/147
f 484/484/484 147/147/147 324/324/324
f 486/486/486 484/484/484 324/324/324
f 324/324/324 147/147/147 148/148/148
f 486/486/486 324/324/324 327/327/327
f 487/487/487 486/486/486 327/327/327
f 324/324/324 148/148/148 325/325/325
f 327/327/327 324/324/324 325/325/325
f 325/325/325 148/148/148 149/149/149
f 487/487/487 327/327/327 330/330/330
f 483/483/483 487/487/487 330/330/330
f 325/325/325 149/149/149 326/326/326
f 326/326/326 149/149/149 95/95/95
f 327/327/327 325/325/325 328/328/328
f 330/330/330 327/327/327 328/328/328
f 328/328/328 325/325/325 326/326/326
f 483/483/483 330/330/330 195/195/195
f 482/482/482 483/483/483 195/195/195
f 326/326/326 95/95/95 198/198/198
f 152/152/152 198/198/198 95/95/95
f 328/328/328 326/326/326 329/329/329
f 329/329/329 326/326/326 198/198/198
f 330/330/330 328/328/328 331/331/331
f 195/195/195 330/330/330 331/331/331
f 331/331/331 328/328/328 329/329/329
f 482/482/482 195/195/195 317/317/317
f 481/481/481 482/482/482 317/317/317
f 152/152/152 339/339/339 198/198/198
f 151/151/151 339/339/339 152/152/152
f 195/195/195 331/331/331 196/196/196
f 317/317/317 195/195/195 196/196/196
f 329/329/329 198/198/198 199/199/199
f 339/339/339 199/199/199 198/198/198
f 331/331/331 329/329/329 332/332/332
f 196/196/196 331/331/331 332/332/332
f 332/332/332 329/329/329 199/199/199
f 481/481/481 317/317/317 316/316/316
f 480/480/480 481/481/481 316/316/316
f 151/151/151 336/336/336 339/339/339
f 150/150/150 336/336/336 151/151/151
f 317/317/317 196/196/196 320/320/320
f 316/316/316 317/317/317 320/320/320
f 196/196/196 332/332/332 197/197/197
f 320/320/320 196/196/196 197/197/197
f 332/332/332 199/199/199 200/200/200
f 197/197/197 332/332/332 200/200/200
f 339/339/339 340/340/340 199/199/199
f 336/336/336 340/340/340 339/339/339
f 340/340/340 200/200/200 199/199/199
f 480/480/480 316/316/316 315/315/315
f 479/479/479 480/480/480 315/315/315
f 479/479/479 315/315/315 156/156/156
f 316/316/316 320/320/320 319/319/319
f 315/315/315 316/316/316 319/319/319
f 156/156/156 315/315/315 318/318/318
f 315/315/315 319/319/319 318/318/318
f 156/156/156 318/318/318 157/157/157
f 320/320/320 197/197/197 323/323/323
f 319/319/319 320/320/320 323/323/323
f 197/197/197 200/200/200 83/83/83
f 323/323/323 197/197/197 83/83/83
f 340/340/340 341/341/341 200/200/200
f 341/341/341 83/83/83 200/200/200
f 157/157/157 318/318/318 321/321/321
f 157/157/157 321/321/321 158/158/158
f 318/318/318 319/319/319 322/322/322
f 319/319/319 323/323/323 322/322/322
f 318/318/318 322/322/322 321/321/321
f 323/323/323 83/83/83 206/206/206
f 322/322/322 323/323/323 206/206/206
f 158/158/158 321/321/321 204/204/204
f 158/158/158 204/204/204 96/96/96
f 321/321/321 322/322/322 205/205/205
f 322/322/322 206/206/206 205/205/205
f 321/321/321 205/205/205 204/204/204
f 203/203/203 206/206/206 83/83/83
f 341/341/341 203/203/203 83/83/83
f 337/337/337 341/341/341 340/340/340
f 336/336/336 337/337/337 340/340/340
f 344/344/344 96/96/96 204/204/204
f 344/344/344 155/155/155 96/96/96
f 347/347/347 204/204/204 205/205/205
f 347/347/347 344/344/344 204/204/204
f 350/350/350 205/205/205 206/206/206
f 203/203/203 350/350/350 206/206/206
f 350/350/350 347/347/347 205/205/205
f 338/338/338 203/203/203 341/341/341
f 337/337/337 338/338/338 341/341/341
f 333/333/333 337/337/337 336/336/336
f 150/150/150 333/333/333 336/336/336
f 488/488/488 333/333/333 150/150/150
f 488/488/488 489/489/489 333/333/333
f 333/333/333 334/334/334 337/337/337
f 489/489/489 334/334/334 333/333/333
f 334/334/334 338/338/338 337/337/337
f 489/489/489 490/490/490 334/334/334
f 490/490/490 335/335/335 334/334/334
f 334/334/334 335/335/335 338/338/338
f 490/490/490 491/491/491 335/335/335
f 338/338/338 202/202/202 203/203/203
f 335/335/335 202/202/202 338/338/338
f 202/202/202 350/350/350 203/203/203
f 491/491/491 201/201/201 335/335/335
f 335/335/335 201/201/201 202/202/202
f 491/491/491 492/492/492 201/201/201
f 202/202/202 349/349/349 350/350/350
f 201/201/201 349/349/349 202/202/202
f 349/349/349 347/347/347 350/350/350
f 492/492/492 348/348/348 201/201/201
f 201/201/201 348/348/348 349/349/349
f 492/492/492 496/496/496 348/348/348
f 349/349/349 346/346/346 347/347/347
f 348/348/348 346/346/346 349/349/349
f 346/346/346 344/344/344 347/347/347
f 496/496/496 345/345/345 348/348/348
f 348/348/348 345/345/345 346/346/346
f 496/496/496 495/495/495 345/345/345
f 346/346/346 343/343/343 344/344/344
f 345/345/345 343/343/343 346/346/346
f 343/343/343 155/155/155 344/344/344
f 343/343/343 154/154/154 155/155/155
f 495/495/495 342/342/342 345/345/345
f 345/345/345 342/342/342 343/343/343
f 342/342/342 154/154/154 343/343/343
f 495/495/495 493/493/493 342/342/342
f 342/342/342 153/153/153 154/154/154
f 493/493/493 153/153/153 342/342/342
f 493/493/493 494/494/494 153/153/153
f 506/506/506 507/507/507 159/159/159
f 506/506/506 159/159/159 360/360/360
f 508/508/508 506/506/506 360/360/360
f 360/360/360 159/159/159 160/160/160
f 508/508/508 360/360/360 363/363/363
f 509/509/509 508/508/508 363/363/363
f 360/360/360 160/160/160 361/361/361
f 363/363/363 360/360/360 361/361/361
f 361/361/361 160/160/160 161/161/161
f 509/509/509 363/363/363 366/366/366
f 502/502/502 509/509/509 366/366/366
f 361/361/361 161/161/161 362/362/362
f 362/362/362 161/161/161 97/97/97
f 363/363/363 361/361/361 364/364/364
f 366/366/366 363/363/363 364/364/364
f 364/364/364 361/361/361 362/362/362
f 502/502/502 366/366/366 207/207/207
f 501/501/501 502/502/502 207/207/207
f 362/362/362 97/97/97 210/210/210
f 164/164/164 210/210/210 97/97/97
f 364/364/364 362/362/362 365/365/365
f 365/365/365 362/362/362 210/210/210
f 366/366/366 364/364/364 367/367/367
f 207/207/207 366/366/366 367/367/367
f 367/367/367 364/364/364 365/365/365
f 501/501/501 207/207/207 353/353/353
f 500/500/500 501/501/501 353/353/353
f 164/164/164 375/375/375 210/210/210
f 163/163/163 375/375/375 164/164/164
f 207/207/207 367/367/367 208/208/208
f 353/353/353 207/207/207 208/208/208
f 365/365/365 210/210/210 211/211/211
f 375/375/375 211/211/211 210/210/210
f 367/367/367 365/365/365 368/368/368
f 208/208/208 367/367/367 368/368/368
f 368/368/368 365/365/365 211/211/211
f 500/500/500 353/353/353 352/352/352
f 499/499/499 500/500/500 352/352/352
f 163/163/163 372/372/372 375/375/375
f 162/162/162 372/372/372 163/163/163
f 353/353/353 208/208/208 356/356/356
f 352/352/352 353/353/353 356/356/356
f 208/208/208 368/368/368 209/209/209
f 356/356/356 208/208/208 209/209/209
f 368/368/368 211/211/211 212/212/212
f 209/209/209 368/368/368 212/212/212
f 375/375/375 376/376/376 211/211/211
f 372/372/372 376/376/376 375/375/375
f 376/376/376 212/212/212 211/211/211
f 499/499/499 352/352/352 351/351/351
f 497/497/497 499/499/499 351/351/351
f 497/497/497 351/351/351 498/498/498
f 352/352/352 356/356/356 355/355/355
f 351/351/351 352/352/352 355/355/355
f 498/498/498 351/351/351 354/354/354
f 351/351/351 355/355/355 354/354/354
f 498/498/498 354/354/354 503/503/503
f 356/356/356 209/209/209 359/359/359
f 355/355/355 356/356/356 359/359/359
f 209/209/209 212/212/212 84/84/84
f 359/359/359 209/209/209 84/84/84
f 376/376/376 377/377/377 212/212/212
f 377/377/377 84/84/84 212/212/212
f 503/503/503 354/354/354 357/357/357
f 503/503/503 357/357/357 504/504/504
f 354/354/354 355/355/355 358/358/358
f 355/355/355 359/359/359 358/358/358
f 354/354/354 358/358/358 357/357/357
f 359/359/359 84/84/84 218/218/218
f 358/358/358 359/359/359 218/218/218
f 504/504/504 357/357/357 216/216/216
f 504/504/504 216/216/216 505/505/505
f 357/357/357 358/358/358 217/217/217
f 358/358/358 218/218/218 217/217/217
f 357/357/357 217/217/217 216/216/216
f 215/215/215 218/218/218 84/84/84
f 377/377/377 215/215/215 84/84/84
f 373/373/373 377/377/377 376/376/376
f 372/372/372 373/373/373 376/376/376
f 380/380/380 505/505/505 216/216/216
f 380/380/380 519/519/519 505/505/505
f 383/383/383 216/216/216 217/217/217
f 383/383/383 380/380/380 216/216/216
f 386/386/386 217/217/217 218/218/218
f 215/215/215 386/386/386 218/218/218
f 386/386/386 383/383/383 217/217/217
f 374/374/374 215/215/215 377/377/377
f 373/373/373 374/374/374 377/377/377
f 369/369/369 373/373/373 372/372/372
f 162/162/162 369/369/369 372/372/372
f 510/510/510 369/369/369 162/162/162
f 510/510/510 511/511/511 369/369/369
f 369/369/369 370/370/370 373/373/373
f 511/511/511 370/370/370 369/369/369
f 370/370/370 374/374/374 373/373/373
f 511/511/511 512/512/512 370/370/370
f 512/512/512 371/371/371 370/370/370
f 370/370/370 371/371/371 374/374/374
f 512/512/512 513/513/513 371/371/371
f 374/374/374 214/214/214 215/215/215
f 371/371/371 214/214/214 374/374/374
f 214/214/214 386/386/386 215/215/215
f 513/513/513 213/213/213 371/371/371
f 371/371/371 213/213/213 214/214/214
f 513/513/513 514/514/514 213/213/213
f 214/214/214 385/385/385 386/386/386
f 213/213/213 385/385/385 214/214/214
f 385/385/385 383/383/383 386/386/386
f 514/514/514 384/384/384 213/213/213
f 213/213/213 384/384/384 385/385/385
f 514/514/514 521/521/521 384/384/384
f 385/385/385 382/382/382 383/383/383
f 384/384/384 382/382/382 385/385/385
f 382/382/382 380/380/380 383/383/383
f 521/521/521 381/381/381 384/384/384
f 384/384/384 381/381/381 382/382/382
f 521/521/521 520/520/520 381/381/381
f 382/382/382 379/379/379 380/380/380
f 381/381/381 379/379/379 382/382/382
f 379/379/379 519/519/519 380/380/380
f 379/379/379 518/518/518 519/519/519
f 520/520/520 378/378/378 381/381/381
f 381/381/381 378/378/378 379/379/379
f 378/378/378 518/518/518 379/379/379
f 520/520/520 515/515/515 378/378/378
f 378/378/378 516/516/516 518/518/518
f 515/515/515 516/516/516 378/378/378
f 515/515/515 517/517/517 516/516/516
f 526/526/526 527/527/527 219/219/219
f 526/526/526 219/219/219 389/389/389
f 525/525/525 526/526/526 389/389/389
f 389/389/389 219/219/219 220/220/220
f 525/525/525 389/389/389 388/388/388
f 524/524/524 525/525/525 388/388/388
f 389/389/389 220/220/220 392/392/392
f 388/388/388 389/389/389 392/392/392
f 392/392/392 220/220/220 221/221/221
f 524/524/524 388/388/388 387/387/387
f 522/522/522 524/524/524 387/387/387
f 522/522/522 387/387/387 523/523/523
f 388/388/388 392/392/392 391/391/391
f 387/387/387 388/388/388 391/391/391
f 392/392/392 221/221/221 395/395/395
f 391/391/391 392/392/392 395/395/395
f 395/395/395 221/221/221 85/85/85
f 523/523/523 387/387/387 390/390/390
f 387/387/387 391/391/391 390/390/390
f 523/523/523 390/390/390 528/528/528
f 391/391/391 395/395/395 394/394/394
f 390/390/390 391/391/391 394/394/394
f 395/395/395 85/85/85 230/230/230
f 394/394/394 395/395/395 230/230/230
f 555/555/555 230/230/230 85/85/85
f 528/528/528 390/390/390 393/393/393
f 390/390/390 394/394/394 393/393/393
f 528/528/528 393/393/393 529/529/529
f 555/555/555 422/422/422 230/230/230
f 554/554/554 422/422/422 555/555/555
f 394/394/394 230/230/230 229/229/229
f 393/393/393 394/394/394 229/229/229
f 422/422/422 229/229/229 230/230/230
f 529/529/529 393/393/393 228/228/228
f 393/393/393 229/229/229 228/228/228
f 529/529/529 228/228/228 530/530/530
f 554/554/554 421/421/421 422/422/422
f 553/553/553 421/421/421 554/554/554
f 422/422/422 419/419/419 229/229/229
f 419/419/419 228/228/228 229/229/229
f 421/421/421 419/419/419 422/422/422
f 416/416/416 530/530/530 228/228/228
f 419/419/419 416/416/416 228/228/228
f 416/416/416 549/549/549 530/530/530
f 553/553/553 420/420/420 421/421/421
f 552/552/552 420/420/420 553/553/553
f 552/552/552 551/551/551 420/420/420
f 421/421/421 418/418/418 419/419/419
f 418/418/418 416/416/416 419/419/419
f 420/420/420 418/418/418 421/421/421
f 415/415/415 549/549/549 416/416/416
f 418/418/418 415/415/415 416/416/416
f 415/415/415 548/548/548 549/549/549
f 551/551/551 417/417/417 420/420/420
f 420/420/420 417/417/417 418/418/418
f 417/417/417 415/415/415 418/418/418
f 551/551/551 550/550/550 417/417/417
f 414/414/414 548/548/548 415/415/415
f 417/417/417 414/414/414 415/415/415
f 550/550/550 414/414/414 417/417/417
f 414/414/414 546/546/546 548/548/548
f 550/550/550 545/545/545 414/414/414
f 545/545/545 546/546/546 414/414/414
f 545/545/545 547/547/547 546/546/546
f 531/531/531 532/532/532 165/165/165
f 531/531/531 165/165/165 396/396/396
f 533/533/533 531/531/531 396/396/396
f 396/396/396 165/165/165 166/166/166
f 533/533/533 396/396/396 399/399/399
f 534/534/534 533/533/533 399/399/399
f 396/396/396 166/166/166 397/397/397
f 399/399/399 396/396/396 397/397/397
f 397/397/397 166/166/166 167/167/167
f 534/534/534 399/399/399 402/402/402
f 535/535/535 534/534/534 402/402/402
f 535/535/535 402/402/402 536/536/536
f 397/397/397 167/167/167 398/398/398
f 398/398/398 167/167/167 98/98/98
f 399/399/399 397/397/397 400/400/400
f 402/402/402 399/399/399 400/400/400
f 400/400/400 397/397/397 398/398/398
f 536/536/536 402/402/402 403/403/403
f 402/402/402 400/400/400 403/403/403
f 536/536/536 403/403/403 537/537/537
f 398/398/398 98/98/98 222/222/222
f 170/170/170 222/222/222 98/98/98
f 400/400/400 398/398/398 401/401/401
f 403/403/403 400/400/400 401/401/401
f 401/401/401 398/398/398 222/222/222
f 537/537/537 403/403/403 404/404/404
f 403/403/403 401/401/401 404/404/404
f 537/537/537 404/404/404 538/538/538
f 170/170/170 411/411/411 222/222/222
f 169/169/169 411/411/411 170/170/170
f 401/401/401 222/222/222 223/223/223
f 404/404/404 401/401/401 223/223/223
f 411/411/411 223/223/223 222/222/222
f 538/538/538 404/404/404 224/224/224
f 404/404/404 223/223/223 224/224/224
f 538/538/538 224/224/224 539/539/539
f 169/169/169 408/408/408 411/411/411
f 168/168/168 408/408/408 169/169/169
f 411/411/411 412/412/412 223/223/223
f 412/412/412 224/224/224 223/223/223
f 408/408/408 412/412/412 411/411/411
f 413/413/413 539/539/539 224/224/224
f 412/412/412 413/413/413 224/224/224
f 413/413/413 227/227/227 539/539/539
f 168/168/168 405/405/405 408/408/408
f 540/540/540 405/405/405 168/168/168
f 540/540/540 541/541/541 405/405/405
f 408/408/408 409/409/409 412/412/412
f 409/409/409 413/413/413 412/412/412
f 405/405/405 409/409/409 408/408/408
f 410/410/410 227/227/227 413/413/413
f 409/409/409 410/410/410 413/413/413
f 410/410/410 226/226/226 227/227/227
f 541/541/541 406/406/406 405/405/405
f 405/405/405 406/406/406 409/409/409
f 406/406/406 410/410/410 409/409/409
f 541/541/541 542/542/542 406/406/406
f 407/407/407 226/226/226 410/410/410
f 406/406/406 407/407/407 410/410/410
f 542/542/542 407/407/407 406/406/406
f 407/407/407 225/225/225 226/226/226
f 542/542/542 543/543/543 407/407/407
f 543/543/543 225/225/225 407/407/407
f 543/543/543 544/544/544 225/225/225
f 565/565/565 567/567/567 566/566/566
f 565/565/565 566/566/566 432/432/432
f 571/571/571 565/565/565 432/432/432
f 432/432/432 566/566/566 568/568/568
f 571/571/571 432/432/432 435/435/435
f 572/572/572 571/571/571 435/435/435
f 432/432/432 568/568/568 433/433/433
f 435/435/435 432/432/432 433/433/433
f 433/433/433 568/568/568 569/569/569
f 572/572/572 435/435/435 438/438/438
f 561/561/561 572/572/572 438/438/438
f 433/433/433 569/569/569 434/434/434
f 434/434/434 569/569/569 570/570/570
f 435/435/435 433/433/433 436/436/436
f 438/438/438 435/435/435 436/436/436
f 436/436/436 433/433/433 434/434/434
f 561/561/561 438/438/438 231/231/231
f 560/560/560 561/561/561 231/231/231
f 434/434/434 570/570/570 234/234/234
f 580/580/580 234/234/234 570/570/570
f 436/436/436 434/434/434 437/437/437
f 437/437/437 434/434/434 234/234/234
f 438/438/438 436/436/436 439/439/439
f 231/231/231 438/438/438 439/439/439
f 439/439/439 436/436/436 437/437/437
f 560/560/560 231/231/231 425/425/425
f 559/559/559 560/560/560 425/425/425
f 580/580/580 447/447/447 234/234/234
f 579/579/579 447/447/447 580/580/580
f 231/231/231 439/439/439 232/232/232
f 425/425/425 231/231/231 232/232/232
f 437/437/437 234/234/234 235/235/235
f 447/447/447 235/235/235 234/234/234
f 439/439/439 437/437/437 440/440/440
f 232/232/232 439/439/439 440/440/440
f 440/440/440 437/437/437 235/235/235
f 559/559/559 425/425/425 424/424/424
f 558/558/558 559/559/559 424/424/424
f 579/579/579 444/444/444 447/447/447
f 574/574/574 444/444/444 579/579/579
f 425/425/425 232/232/232 428/428/428
f 424/424/424 425/425/425 428/428/428
f 232/232/232 440/440/440 233/233/233
f 428/428/428 232/232/232 233/233/233
f 440/440/440 235/235/235 236/236/236
f 233/233/233 440/440/440 236/236/236
f 447/447/447 448/448/448 235/235/235
f 444/444/444 448/448/448 447/447/447
f 448/448/448 236/236/236 235/235/235
f 558/558/558 424/424/424 423/423/423
f 556/556/556 558/558/558 423/423/423
f 556/556/556 423/423/423 557/557/557
f 424/424/424 428/428/428 427/427/427
f 423/423/423 424/424/424 427/427/427
f 557/557/557 423/423/423 426/426/426
f 423/423/423 427/427/427 426/426/426
f 557/557/557 426/426/426 562/562/562
f 428/428/428 233/233/233 431/431/431
f 427/427/427 428/428/428 431/431/431
f 233/233/233 236/236/236 86/86/86
f 431/431/431 233/233/233 86/86/86
f 448/448/448 449/449/449 236/236/236
f 449/449/449 86/86/86 236/236/236
f 562/562/562 426/426/426 429/429/429
f 562/562/562 429/429/429 563/563/563
f 426/426/426 427/427/427 430/430/430
f 427/427/427 431/431/431 430/430/430
f 426/426/426 430/430/430 429/429/429
f 431/431/431 86/86/86 242/242/242
f 430/430/430 431/431/431 242/242/242
f 563/563/563 429/429/429 240/240/240
f 563/563/563 240/240/240 564/564/564
f 429/429/429 430/430/430 241/241/241
f 430/430/430 242/242/242 241/241/241
f 429/429/429 241/241/241 240/240/240
f 239/239/239 242/242/242 86/86/86
f 449/449/449 239/239/239 86/86/86
f 445/445/445 449/449/449 448/448/448
f 444/444/444 445/445/445 448/448/448
f 452/452/452 564/564/564 240/240/240
f 452/452/452 585/585/585 564/564/564
f 455/455/455 240/240/240 241/241/241
f 455/455/455 452/452/452 240/240/240
f 458/458/458 241/241/241 242/242/242
f 239/239/239 458/458/458 242/242/242
f 458/458/458 455/455/455 241/241/241
f 446/446/446 239/239/239 449/449/449
f 445/445/445 446/446/446 449/449/449
f 441/441/441 445/445/445 444/444/444
f 574/574/574 441/441/441 444/444/444
f 573/573/573 441/441/441 574/574/574
f 573/573/573 575/575/575 441/441/441
f 441/441/441 442/442/442 445/445/445
f 575/575/575 442/442/442 441/441/441
f 442/442/442 446/446/446 445/445/445
f 575/575/575 576/576/576 442/442/442
f 576/576/576 443/443/443 442/442/442
f 442/442/442 443/443/443 446/446/446
f 576/576/576 577/577/577 443/443/443
f 446/446/446 238/238/238 239/239/239
f 443/443/443 238/238/238 446/446/446
f 238/238/238 458/458/458 239/239/239
f 577/577/577 237/237/237 443/443/443
f 443/443/443 237/237/237 238/238/238
f 577/577/577 578/578/578 237/237/237
f 238/238/238 457/457/457 458/458/458
f 237/237/237 457/457/457 238/238/238
f 457/457/457 455/455/455 458/458/458
f 578/578/578 456/456/456 237/237/237
f 237/237/237 456/456/456 457/457/457
f 578/578/578 587/587/587 456/456/456
f 457/457/457 454/454/454 455/455/455
f 456/456/456 454/454/454 457/457/457
f 454/454/454 452/452/452 455/455/455
f 587/587/587 453/453/453 456/456/456
f 456/456/456 453/453/453 454/454/454
f 587/587/587 586/586/586 453/453/453
f 454/454/454 451/451/451 452/452/452
f 453/453/453 451/451/451 454/454/454
f 451/451/451 585/585/585 452/452/452
f 451/451/451 584/584/584 585/585/585
f 586/586/586 450/450/450 453/453/453
f 453/453/453 450/450/450 451/451/451
f 450/450/450 584/584/584 451/451/451
f 586/586/586 581/581/581 450/450/450
f 450/450/450 582/582/582 584/584/584
f 581/581/581 582/582/582 450/450/450
f 581/581/581 583/583/583 582/582/582
o Antenna_587
usemtl mat_Antenna
v -0.061548 0.073898 -0.302553
v -0.062382 0.074712 -0.304025
v -0.063680 0.075247 -0.305270
v -0.065316 0.075451 -0.306168
v -0.067130 0.075304 -0.306630
v -0.068943 0.074820 -0.306610
v -0.070579 0.074046 -0.306112
v -0.071878 0.073058 -0.305183
v -0.072711 0.071954 -0.303914
v -0.072999 0.070840 -0.302430
v -0.072711 0.069827 -0.300876
v -0.071878 0.069013 -0.299405
v -0.070579 0.068477 -0.298159
v -0.068943 0.068274 -0.297261
v -0.067130 0.068421 -0.296800
v -0.065316 0.068905 -0.296819
v -0.063680 0.069679 -0.297318
v -0.062382 0.070666 -0.298247
v -0.061548 0.071771 -0.299515
v -0.061261 0.072884 -0.300999
v -0.107289 0.250173 -0.179124
v -0.108122 0.250987 -0.180595
v -0.109421 0.251523 -0.181841
v -0.111057 0.251727 -0.182739
v -0.112870 0.251579 -0.183200
v -0.114684 0.251095 -0.183181
v -0.116320 0.250321 -0.182682
v -0.117618 0.249334 -0.181753
v -0.118452 0.248229 -0.180485
v -0.118739 0.247116 -0.179001
v -0.118452 0.246102 -0.177447
v -0.117618 0.245288 -0.175975
v -0.116320 0.244753 -0.174730
v -0.114684 0.244549 -0.173832
v -0.112870 0.244696 -0.173370
v -0.111057 0.245180 -0.173390
v -0.109421 0.245954 -0.173889
v -0.108122 0.246942 -0.174818
v -0.107289 0.248046 -0.176086
v -0.107001 0.249160 -0.177570
v -0.067130 0.071862 -0.301715
v -0.112870 0.248138 -0.178285
v -0.072999 0.070840 -0.302430
v -0.118739 0.247116 -0.179001
v -0.061261 0.072884 -0.300999
v -0.107001 0.249160 -0.177570
v -0.107289 0.250173 -0.179124
v -0.061548 0.073898 -0.302553
v -0.062382 0.074712 -0.304025
v -0.061548 0.073898 -0.302553
v -0.063680 0.075247 -0.305270
v -0.065316 0.075451 -0.306168
v -0.067130 0.075304 -0.306630
v -0.068943 0.074820 -0.306610
v -0.070579 0.074046 -0.306112
v -0.071878 0.073058 -0.305183
v -0.072711 0.071954 -0.303914
v -0.072999 0.070840 -0.302430
v -0.072711 0.069827 -0.300876
v -0.071878 0.069013 -0.299405
v -0.070579 0.068477 -0.298159
v -0.068943 0.068274 -0.297261
v -0.067130 0.068421 -0.296800
v -0.065316 0.068905 -0.296819
v -0.063680 0.069679 -0.297318
v -0.062382 0.070666 -0.298247
v -0.061548 0.071771 -0.299515
v -0.061261 0.072884 -0.300999
v -0.107289 0.250173 -0.179124
v -0.108122 0.250987 -0.180595
v -0.109421 0.251523 -0.181841
v -0.111057 0.251727 -0.182739
v -0.112870 0.251579 -0.183200
v -0.114684 0.251095 -0.183181
v -0.116320 0.250321 -0.182682
v -0.117618 0.249334 -0.181753
v -0.118452 0.248229 -0.180485
v -0.118739 0.247116 -0.179001
v -0.118452 0.246102 -0.177447
v -0.117618 0.245288 -0.175975
v -0.116320 0.244753 -0.174730
v -0.114684 0.244549 -0.173832
v -0.112870 0.244696 -0.173370
v -0.111057 0.245180 -0.173390
v -0.109421 0.245954 -0.173889
v -0.108122 0.246942 -0.174818
v -0.107289 0.248046 -0.176086
v -0.107001 0.249160 -0.177570
vn 0.930274 0.339220 -0.139715
vn 0.791338 0.474925 -0.385008
vn 0.574941 0.564140 -0.592613
vn 0.302264 0.598133 -0.742209
vn 0.000000 0.573577 -0.819152
vn -0.302264 0.492875 -0.815911
vn -0.574941 0.363927 -0.732803
vn -0.791338 0.199355 -0.577963
vn -0.930274 0.015269 -0.366548
vn -0.978148 -0.170311 -0.119253
vn -0.930274 -0.339221 0.139715
vn -0.791338 -0.474925 0.385008
vn -0.574941 -0.564140 0.592613
vn -0.302264 -0.598133 0.742209
vn 0.000000 -0.573577 0.819152
vn 0.302264 -0.492875 0.815911
vn 0.574941 -0.363927 0.732803
vn 0.791338 -0.199355 0.577963
vn 0.930274 -0.015269 0.366548
vn 0.978148 0.170311 0.119253
vn 0.930274 0.339220 -0.139715
vn 0.791338 0.474925 -0.385008
vn 0.574941 0.564140 -0.592613
vn 0.302264 0.598133 -0.742209
vn 0.000000 0.573577 -0.819152
vn -0.302264 0.492875 -0.815911
vn -0.574941 0.363927 -0.732803
vn -0.791338 0.199355 -0.577963
vn -0.930274 0.015269 -0.366548
vn -0.978148 -0.170311 -0.119253
vn -0.930274 -0.339221 0.139715
vn -0.791338 -0.474925 0.385008
vn -0.574941 -0.564140 0.592613
vn -0.302264 -0.598133 0.742209
vn 0.000000 -0.573577 0.819152
vn 0.302264 -0.492875 0.815911
vn 0.574941 -0.363927 0.732803
vn 0.791338 -0.199355 0.577963
vn 0.930274 -0.015269 0.366548
vn 0.978148 0.170311 0.119253
vn 0.207912 -0.801252 -0.561042
vn -0.207912 0.801252 0.561042
vn -0.978148 -0.170311 -0.119253
vn -0.978148 -0.170311 -0.119253
vn 0.978148 0.170311 0.119253
vn 0.978148 0.170311 0.119253
vn 0.930274 0.339220 -0.139715
vn 0.930274 0.339220 -0.139715
vn 0.207912 -0.801252 -0.561042
vn 0.207912 -0.801252 -0.561042
vn 0.207912 -0.801252 -0.561042
vn 0.207912 -0.801252 -0.561042
vn 0.207912 -0.801252 -0.561042
vn 0.207912 -0.801252 -0.561042
vn 0.207912 -0.801252 -0.561042
vn 0.207912 -0.801252 -0.561042
vn 0.207912 -0.801252 -0.561042
vn 0.207912 -0.801252 -0.561042
vn 0.207912 -0.801252 -0.561042
vn 0.207912 -0.801252 -0.561042
vn 0.207912 -0.801252 -0.561042
vn 0.207912 -0.801252 -0.561042
vn 0.207912 -0.801252 -0.561042
vn 0.207912 -0.801252 -0.561042
vn 0.207912 -0.801252 -0.561042
vn 0.207912 -0.801252 -0.561042
vn 0.207912 -0.801252 -0.561042
vn 0.207912 -0.801252 -0.561042
vn -0.207912 0.801252 0.561042
vn -0.207912 0.801252 0.561042
vn -0.207912 0.801252 0.561042
vn -0.207912 0.801252 0.561042
vn -0.207912 0.801252 0.561042
vn -0.207912 0.801252 0.561042
vn -0.207912 0.801252 0.561042
vn -0.207912 0.801252 0.561042
vn -0.207912 0.801252 0.561042
vn -0.207912 0.801252 0.561042
vn -0.207912 0.801252 0.561042
vn -0.207912 0.801252 0.561042
vn -0.207912 0.801252 0.561042
vn -0.207912 0.801252 0.561042
vn -0.207912 0.801252 0.561042
vn -0.207912 0.801252 0.561042
vn -0.207912 0.801252 0.561042
vn -0.207912 0.801252 0.561042
vn -0.207912 0.801252 0.561042
vn -0.207912 0.801252 0.561042
vt 0.100600 0.000454
vt 0.200505 0.000454
vt 0.300411 0.000454
vt 0.400317 0.000454
vt 0.500222 0.000454
vt 0.600127 0.000454
vt 0.700033 0.000454
vt 0.799938 0.000454
vt 0.899843 0.000454
vt 0.999749 0.000454
vt 0.100599 0.000454
vt 0.200505 0.000454
vt 0.300411 0.000454
vt 0.400316 0.000454
vt 0.500222 0.000454
vt 0.600127 0.000454
vt 0.700032 0.000454
vt 0.799938 0.000454
vt 0.899843 0.000454
vt 0.999748 0.000454
vt 0.100600 0.999431
vt 0.200505 0.999431
vt 0.300411 0.999431
vt 0.400317 0.999431
vt 0.500222 0.999431
vt 0.600127 0.999431
vt 0.700033 0.999431
vt 0.799938 0.999431
vt 0.899844 0.999431
vt 0.999749 0.999431
vt 0.100600 0.999431
vt 0.200505 0.999431
vt 0.300411 0.999431
vt 0.400316 0.999431
vt 0.500222 0.999431
vt 0.600127 0.999431
vt 0.700032 0.999431
vt 0.799937 0.999431
vt 0.899842 0.999431
vt 0.999748 0.999431
vt 0.500224 0.499944
vt 0.500225 0.499944
vt 0.000694 0.000454
vt 0.000694 0.999431
vt 0.000694 0.000454
vt 0.000694 0.999431
vt 0.100600 0.999431
vt 0.100600 0.000454
vt 0.098857 0.791554
vt 0.028389 0.653252
vt 0.208614 0.901311
vt 0.346915 0.971779
vt 0.500224 0.996061
vt 0.653533 0.971779
vt 0.791834 0.901311
vt 0.901591 0.791554
vt 0.972059 0.653252
vt 0.996341 0.499944
vt 0.972059 0.346636
vt 0.901590 0.208334
vt 0.791834 0.098578
vt 0.653532 0.028109
vt 0.500223 0.003828
vt 0.346915 0.028110
vt 0.208614 0.098578
vt 0.098857 0.208335
vt 0.028389 0.346636
vt 0.004108 0.499944
vt 0.972060 0.653252
vt 0.901592 0.791554
vt 0.791835 0.901311
vt 0.653533 0.971779
vt 0.500224 0.996061
vt 0.346916 0.971779
vt 0.208614 0.901311
vt 0.098858 0.791554
vt 0.028390 0.653252
vt 0.004108 0.499944
vt 0.028390 0.346636
vt 0.098858 0.208334
vt 0.208614 0.098578
vt 0.346916 0.028109
vt 0.500224 0.003828
vt 0.653533 0.028109
vt 0.791834 0.098578
vt 0.901591 0.208334
vt 0.972059 0.346636
vt 0.996341 0.499944
f 588/588/588 609/609/609 608/608/608
f 588/588/588 589/589/589 609/609/609
f 589/589/589 610/610/610 609/609/609
f 589/589/589 590/590/590 610/610/610
f 590/590/590 611/611/611 610/610/610
f 590/590/590 591/591/591 611/611/611
f 591/591/591 612/612/612 611/611/611
f 591/591/591 592/592/592 612/612/612
f 592/592/592 613/613/613 612/612/612
f 592/592/592 593/593/593 613/613/613
f 593/593/593 614/614/614 613/613/613
f 593/593/593 594/594/594 614/614/614
f 594/594/594 615/615/615 614/614/614
f 594/594/594 595/595/595 615/615/615
f 595/595/595 616/616/616 615/615/615
f 595/595/595 596/596/596 616/616/616
f 596/596/596 617/617/617 616/616/616
f 596/596/596 597/597/597 617/617/617
f 630/630/630 618/618/618 631/631/631
f 630/630/630 598/598/598 618/618/618
f 598/598/598 619/619/619 618/618/618
f 598/598/598 599/599/599 619/619/619
f 599/599/599 620/620/620 619/619/619
f 599/599/599 600/600/600 620/620/620
f 600/600/600 621/621/621 620/620/620
f 600/600/600 601/601/601 621/621/621
f 601/601/601 622/622/622 621/621/621
f 601/601/601 602/602/602 622/622/622
f 602/602/602 623/623/623 622/622/622
f 602/602/602 603/603/603 623/623/623
f 603/603/603 624/624/624 623/623/623
f 603/603/603 604/604/604 624/624/624
f 604/604/604 625/625/625 624/624/624
f 604/604/604 605/605/605 625/625/625
f 605/605/605 626/626/626 625/625/625
f 605/605/605 606/606/606 626/626/626
f 606/606/606 627/627/627 626/626/626
f 606/606/606 607/607/607 627/627/627
f 632/632/632 634/634/634 633/633/633
f 632/632/632 635/635/635 634/634/634
f 674/674/674 675/675/675 629/629/629
f 673/673/673 674/674/674 629/629/629
f 675/675/675 656/656/656 629/629/629
f 672/672/672 673/673/673 629/629/629
f 656/656/656 657/657/657 629/629/629
f 671/671/671 672/672/672 629/629/629
f 657/657/657 658/658/658 629/629/629
f 670/670/670 671/671/671 629/629/629
f 658/658/658 659/659/659 629/629/629
f 669/669/669 670/670/670 629/629/629
f 659/659/659 660/660/660 629/629/629
f 668/668/668 669/669/669 629/629/629
f 660/660/660 661/661/661 629/629/629
f 667/667/667 668/668/668 629/629/629
f 661/661/661 662/662/662 629/629/629
f 666/666/666 667/667/667 629/629/629
f 662/662/662 663/663/663 629/629/629
f 665/665/665 666/666/666 629/629/629
f 663/663/663 664/664/664 629/629/629
f 664/664/664 665/665/665 629/629/629
f 655/655/655 654/654/654 628/628/628
f 637/637/637 655/655/655 628/628/628
f 654/654/654 653/653/653 628/628/628
f 636/636/636 637/637/637 628/628/628
f 653/653/653 652/652/652 628/628/628
f 638/638/638 636/636/636 628/628/628
f 652/652/652 651/651/651 628/628/628
f 639/639/639 638/638/638 628/628/628
f 651/651/651 650/650/650 628/628/628
f 640/640/640 639/639/639 628/628/628
f 650/650/650 649/649/649 628/628/628
f 641/641/641 640/640/640 628/628/628
f 649/649/649 648/648/648 628/628/628
f 642/642/642 641/641/641 628/628/628
f 648/648/648 647/647/647 628/628/628
f 643/643/643 642/642/642 628/628/628
f 647/647/647 646/646/646 628/628/628
f 644/644/644 643/643/643 628/628/628
f 646/646/646 645/645/645 628/628/628
f 645/645/645 644/644/644 628/628/628
o Leg_675
usemtl mat_Leg
v 0.168331 -0.276063 -0.206185
v 0.167212 -0.276568 -0.208366
v 0.165469 -0.277119 -0.210076
v 0.163272 -0.277661 -0.211147
v 0.160838 -0.278140 -0.211475
v 0.158403 -0.278511 -0.211028
v 0.156207 -0.278736 -0.209849
v 0.154464 -0.278794 -0.208053
v 0.153345 -0.278679 -0.205817
v 0.152959 -0.278403 -0.203360
v 0.153345 -0.277991 -0.200921
v 0.154464 -0.277485 -0.198740
v 0.156207 -0.276935 -0.197030
v 0.158403 -0.276393 -0.195959
v 0.160838 -0.275913 -0.195631
v 0.163272 -0.275543 -0.196078
v 0.165469 -0.275318 -0.197257
v 0.167212 -0.275260 -0.199053
v 0.168331 -0.275374 -0.201289
v 0.168716 -0.275651 -0.203746
v 0.126655 -0.042009 -0.239079
v 0.125536 -0.042515 -0.241260
v 0.123793 -0.043065 -0.242970
v 0.121597 -0.043607 -0.244041
v 0.119162 -0.044087 -0.244369
v 0.116728 -0.044457 -0.243922
v 0.114531 -0.044683 -0.242743
v 0.112788 -0.044741 -0.240947
v 0.111669 -0.044626 -0.238711
v 0.111284 -0.044349 -0.236254
v 0.111669 -0.043937 -0.233815
v 0.112788 -0.043432 -0.231634
v 0.114531 -0.042881 -0.229924
v 0.116728 -0.042339 -0.228853
v 0.119162 -0.041860 -0.228525
v 0.121597 -0.041489 -0.228972
v 0.123793 -0.041264 -0.230152
v 0.125536 -0.041206 -0.231947
v 0.126655 -0.041321 -0.234183
v 0.127041 -0.041597 -0.236640
v 0.160838 -0.277027 -0.203553
v 0.119162 -0.042973 -0.236447
v 0.152959 -0.278403 -0.203360
v 0.111284 -0.044349 -0.236254
v 0.168716 -0.275651 -0.203746
v 0.127041 -0.041597 -0.236640
v 0.126655 -0.042009 -0.239079
v 0.168331 -0.276063 -0.206185
v 0.167212 -0.276568 -0.208366
v 0.168331 -0.276063 -0.206185
v 0.165469 -0.277119 -0.210076
v 0.163272 -0.277661 -0.211147
v 0.160838 -0.278140 -0.211475
v 0.158403 -0.278511 -0.211028
v 0.156207 -0.278736 -0.209849
v 0.154464 -0.278794 -0.208053
v 0.153345 -0.278679 -0.205817
v 0.152959 -0.278403 -0.203360
v 0.153345 -0.277991 -0.200921
v 0.154464 -0.277485 -0.198740
v 0.156207 -0.276935 -0.197030
v 0.158403 -0.276393 -0.195959
v 0.160838 -0.275913 -0.195631
v 0.163272 -0.275543 -0.196078
v 0.165469 -0.275318 -0.197257
v 0.167212 -0.275260 -0.199053
v 0.168331 -0.275374 -0.201289
v 0.168716 -0.275651 -0.203746
v 0.126655 -0.042009 -0.239079
v 0.125536 -0.042515 -0.241260
v 0.123793 -0.043065 -0.242970
v 0.121597 -0.043607 -0.244041
v 0.119162 -0.044087 -0.244369
v 0.116728 -0.044457 -0.243922
v 0.114531 -0.044683 -0.242743
v 0.112788 -0.044741 -0.240947
v 0.111669 -0.044626 -0.238711
v 0.111284 -0.044349 -0.236254
v 0.111669 -0.043937 -0.233815
v 0.112788 -0.043432 -0.231634
v 0.114531 -0.042881 -0.229924
v 0.116728 -0.042339 -0.228853
v 0.119162 -0.041860 -0.228525
v 0.121597 -0.041489 -0.228972
v 0.123793 -0.041264 -0.230152
v 0.125536 -0.041206 -0.231947
v 0.126655 -0.041321 -0.234183
v 0.127041 -0.041597 -0.236640
vn 0.936608 0.120535 -0.328993
vn 0.796726 0.057313 -0.601617
vn 0.578855 -0.011519 -0.815349
vn 0.304322 -0.079224 -0.949269
vn 0.000000 -0.139173 -0.990268
vn -0.304323 -0.185500 -0.934333
vn -0.578856 -0.213668 -0.786939
vn -0.796726 -0.220921 -0.562513
vn -0.936608 -0.206549 -0.283025
vn -0.984808 -0.171958 0.024167
vn -0.936608 -0.120535 0.328994
vn -0.796726 -0.057313 0.601617
vn -0.578855 0.011519 0.815349
vn -0.304322 0.079223 0.949269
vn 0.000000 0.139173 0.990268
vn 0.304322 0.185500 0.934333
vn 0.578856 0.213668 0.786939
vn 0.796726 0.220921 0.562513
vn 0.936608 0.206549 0.283025
vn 0.984808 0.171958 -0.024167
vn 0.936608 0.120535 -0.328993
vn 0.796726 0.057313 -0.601617
vn 0.578855 -0.011519 -0.815349
vn 0.304322 -0.079224 -0.949269
vn 0.000000 -0.139173 -0.990268
vn -0.304323 -0.185500 -0.934333
vn -0.578856 -0.213668 -0.786939
vn -0.796726 -0.220921 -0.562513
vn -0.936608 -0.206549 -0.283025
vn -0.984808 -0.171958 0.024167
vn -0.936608 -0.120535 0.328994
vn -0.796726 -0.057313 0.601617
vn -0.578855 0.011519 0.815349
vn -0.304322 0.079223 0.949269
vn 0.000000 0.139173 0.990268
vn 0.304322 0.185500 0.934333
vn 0.578856 0.213668 0.786939
vn 0.796726 0.220921 0.562513
vn 0.936608 0.206549 0.283025
vn 0.984808 0.171958 -0.024167
vn 0.173648 -0.975224 0.137059
vn -0.173648 0.975224 -0.137059
vn -0.984808 -0.171958 0.024167
vn -0.984808 -0.171958 0.024167
vn 0.984808 0.171958 -0.024167
vn 0.984808 0.171958 -0.024167
vn 0.936608 0.120535 -0.328993
vn 0.936608 0.120535 -0.328993
vn 0.173648 -0.975224 0.137059
vn 0.173648 -0.975224 0.137059
vn 0.173648 -0.975224 0.137059
vn 0.173648 -0.975224 0.137059
vn 0.173648 -0.975224 0.137059
vn 0.173648 -0.975224 0.137059
vn 0.173648 -0.975224 0.137059
vn 0.173648 -0.975224 0.137059
vn 0.173648 -0.975224 0.137059
vn 0.173648 -0.975224 0.137059
vn 0.173648 -0.975224 0.137059
vn 0.173648 -0.975224 0.137059
vn 0.173648 -0.975224 0.137059
vn 0.173648 -0.975224 0.137059
vn 0.173648 -0.975224 0.137059
vn 0.173648 -0.975224 0.137059
vn 0.173648 -0.975224 0.137059
vn 0.173648 -0.975224 0.137059
vn 0.173648 -0.975224 0.137059
vn 0.173648 -0.975224 0.137059
vn -0.173648 0.975224 -0.137059
vn -0.173648 0.975224 -0.137059
vn -0.173648 0.975224 -0.137059
vn -0.173648 0.975224 -0.137059
vn -0.173648 0.975224 -0.137059
vn -0.173648 0.975224 -0.137059
vn -0.173648 0.975224 -0.137059
vn -0.173648 0.975224 -0.137059
vn -0.173648 0.975224 -0.137059
vn -0.173648 0.975224 -0.137059
vn -0.173648 0.975224 -0.137059
vn -0.173648 0.975224 -0.137059
vn -0.173648 0.975224 -0.137059
vn -0.173648 0.975224 -0.137059
vn -0.173648 0.975224 -0.137059
vn -0.173648 0.975224 -0.137059
vn -0.173648 0.975224 -0.137059
vn -0.173648 0.975224 -0.137059
vn -0.173648 0.975224 -0.137059
vn -0.173648 0.975224 -0.137059
vt 0.100600 0.000454
vt 0.200505 0.000454
vt 0.300411 0.000454
vt 0.400317 0.000454
vt 0.500222 0.000454
vt 0.600127 0.000454
vt 0.700033 0.000454
vt 0.799938 0.000454
vt 0.899843 0.000454
vt 0.999749 0.000454
vt 0.100599 0.000454
vt 0.200505 0.000454
vt 0.300411 0.000454
vt 0.400316 0.000454
vt 0.500222 0.000454
vt 0.600127 0.000454
vt 0.700032 0.000454
vt 0.799938 0.000454
vt 0.899843 0.000454
vt 0.999748 0.000454
vt 0.100600 0.999431
vt 0.200505 0.999431
vt 0.300411 0.999431
vt 0.400317 0.999431
vt 0.500222 0.999431
vt 0.600127 0.999431
vt 0.700033 0.999431
vt 0.799938 0.999431
vt 0.899844 0.999431
vt 0.999749 0.999431
vt 0.100600 0.999431
vt 0.200505 0.999431
vt 0.300411 0.999431
vt 0.400316 0.999431
vt 0.500222 0.999431
vt 0.600127 0.999431
vt 0.700032 0.999431
vt 0.799937 0.999431
vt 0.899842 0.999431
vt 0.999748 0.999431
vt 0.500224 0.499944
vt 0.500225 0.499944
vt 0.000694 0.000454
vt 0.000694 0.999431
vt 0.000694 0.000454
vt 0.000694 0.999431
vt 0.100600 0.999431
vt 0.100600 0.000454
vt 0.098857 0.791554
vt 0.028389 0.653252
vt 0.208614 0.901311
vt 0.346915 0.971779
vt 0.500224 0.996061
vt 0.653533 0.971779
vt 0.791834 0.901311
vt 0.901591 0.791554
vt 0.972059 0.653252
vt 0.996341 0.499944
vt 0.972059 0.346636
vt 0.901590 0.208334
vt 0.791834 0.098578
vt 0.653532 0.028109
vt 0.500223 0.003828
vt 0.346915 0.028110
vt 0.208614 0.098578
vt 0.098857 0.208335
vt 0.028389 0.346636
vt 0.004108 0.499944
vt 0.972060 0.653252
vt 0.901592 0.791554
vt 0.791835 0.901311
vt 0.653533 0.971779
vt 0.500224 0.996061
vt 0.346916 0.971779
vt 0.208614 0.901311
vt 0.098858 0.791554
vt 0.028390 0.653252
vt 0.004108 0.499944
vt 0.028390 0.346636
vt 0.098858 0.208334
vt 0.208614 0.098578
vt 0.346916 0.028109
vt 0.500224 0.003828
vt 0.653533 0.028109
vt 0.791834 0.098578
vt 0.901591 0.208334
vt 0.972059 0.346636
vt 0.996341 0.499944
f 676/676/676 697/697/697 696/696/696
f 676/676/676 677/677/677 697/697/697
f 677/677/677 698/698/698 697/697/697
f 677/677/677 678/678/678 698/698/698
f 678/678/678 699/699/699 698/698/698
f 678/678/678 679/679/679 699/699/699
f 679/679/679 700/700/700 699/699/699
f 679/679/679 680/680/680 700/700/700
f 680/680/680 701/701/701 700/700/700
f 680/680/680 681/681/681 701/701/701
f 681/681/681 702/702/702 701/701/701
f 681/681/681 682/682/682 702/702/702
f 682/682/682 703/703/703 702/702/702
f 682/682/682 683/683/683 703/703/703
f 683/683/683 704/704/704 703/703/703
f 683/683/683 684/684/684 704/704/704
f 684/684/684 705/705/705 704/704/704
f 684/684/684 685/685/685 705/705/705
f 718/718/718 706/706/706 719/719/719
f 718/718/718 686/686/686 706/706/706
f 686/686/686 707/707/707 706/706/706
f 686/686/686 687/687/687 707/707/707
f 687/687/687 708/708/708 707/707/707
f 687/687/687 688/688/688 708/708/708
f 688/688/688 709/709/709 708/708/708
f 688/688/688 689/689/689 709/709/709
f 689/689/689 710/710/710 709/709/709
f 689/689/689 690/690/690 710/710/710
f 690/690/690 711/711/711 710/710/710
f 690/690/690 691/691/691 711/711/711
f 691/691/691 712/712/712 711/711/711
f 691/691/691 692/692/692 712/712/712
f 692/692/692 713/713/713 712/712/712
f 692/692/692 693/693/693 713/713/713
f 693/693/693 714/714/714 713/713/713
f 693/693/693 694/694/694 714/714/714
f 694/694/694 715/715/715 714/714/714
f 694/694/694 695/695/695 715/715/715
f 720/720/720 722/722/722 721/721/721
f 720/720/720 723/723/723 722/722/722
f 762/762/762 763/763/763 717/717/717
f 761/761/761 762/762/762 717/717/717
f 763/763/763 744/744/744 717/717/717
f 760/760/760 761/761/761 717/717/717
f 744/744/744 745/745/745 717/717/717
f 759/759/759 760/760/760 717/717/717
f 745/745/745 746/746/746 717/717/717
f 758/758/758 759/759/759 717/717/717
f 746/746/746 747/747/747 717/717/717
f 757/757/757 758/758/758 717/717/717
f 747/747/747 748/748/748 717/717/717
f 756/756/756 757/757/757 717/717/717
f 748/748/748 749/749/749 717/717/717
f 755/755/755 756/756/756 717/717/717
f 749/749/749 750/750/750 717/717/717
f 754/754/754 755/755/755 717/717/717
f 750/750/750 751/751/751 717/717/717
f 753/753/753 754/754/754 717/717/717
f 751/751/751 752/752/752 717/717/717
f 752/752/752 753/753/753 717/717/717
f 743/743/743 742/742/742 716/716/716
f 725/725/725 743/743/743 716/716/716
f 742/742/742 741/741/741 716/716/716
f 724/724/724 725/725/725 716/716/716
f 741/741/741 740/740/740 716/716/716
f 726/726/726 724/724/724 716/716/716
f 740/740/740 739/739/739 716/716/716
f 727/727/727 726/726/726 716/716/716
f 739/739/739 738/738/738 716/716/716
f 728/728/728 727/727/727 716/716/716
f 738/738/738 737/737/737 716/716/716
f 729/729/729 728/728/728 716/716/716
f 737/737/737 736/736/736 716/716/716
f 730/730/730 729/729/729 716/716/716
f 736/736/736 735/735/735 716/716/716
f 731/731/731 730/730/730 716/716/716
f 735/735/735 734/734/734 716/716/716
f 732/732/732 731/731/731 716/716/716
f 734/734/734 733/733/733 716/716/716
f 733/733/733 732/732/732 716/716/716
o Leg_763
usemtl mat_Leg
v 0.168331 -0.275374 0.201289
v 0.167212 -0.275260 0.199053
v 0.165469 -0.275318 0.197257
v 0.163272 -0.275543 0.196078
v 0.160838 -0.275913 0.195631
v 0.158403 -0.276393 0.195959
v 0.156207 -0.276935 0.197030
v 0.154464 -0.277485 0.198740
v 0.153345 -0.277991 0.200921
v 0.152959 -0.278403 0.203360
v 0.153345 -0.278679 0.205817
v 0.154464 -0.278794 0.208053
v 0.156207 -0.278736 0.209849
v 0.158403 -0.278511 0.211028
v 0.160838 -0.278140 0.211475
v 0.163272 -0.277661 0.211147
v 0.165469 -0.277119 0.210076
v 0.167212 -0.276568 0.208366
v 0.168331 -0.276063 0.206185
v 0.168716 -0.275651 0.203746
v 0.126655 -0.041321 0.234183
v 0.125536 -0.041206 0.231947
v 0.123793 -0.041264 0.230152
v 0.121597 -0.041489 0.228972
v 0.119162 -0.041860 0.228525
v 0.116728 -0.042339 0.228853
v 0.114531 -0.042881 0.229924
v 0.112788 -0.043432 0.231634
v 0.111669 -0.043937 0.233815
v 0.111284 -0.044349 0.236254
v 0.111669 -0.044626 0.238711
v 0.112788 -0.044741 0.240947
v 0.114531 -0.044683 0.242743
v 0.116728 -0.044457 0.243922
v 0.119162 -0.044087 0.244369
v 0.121597 -0.043607 0.244041
v 0.123793 -0.043065 0.242970
v 0.125536 -0.042515 0.241260
v 0.126655 -0.042009 0.239079
v 0.127041 -0.041597 0.236640
v 0.160838 -0.277027 0.203553
v 0.119162 -0.042973 0.236447
v 0.152959 -0.278403 0.203360
v 0.111284 -0.044349 0.236254
v 0.168716 -0.275651 0.203746
v 0.127041 -0.041597 0.236640
v 0.126655 -0.041321 0.234183
v 0.168331 -0.275374 0.201289
v 0.167212 -0.275260 0.199053
v 0.168331 -0.275374 0.201289
v 0.165469 -0.275318 0.197257
v 0.163272 -0.275543 0.196078
v 0.160838 -0.275913 0.195631
v 0.158403 -0.276393 0.195959
v 0.156207 -0.276935 0.197030
v 0.154464 -0.277485 0.198740
v 0.153345 -0.277991 0.200921
v 0.152959 -0.278403 0.203360
v 0.153345 -0.278679 0.205817
v 0.154464 -0.278794 0.208053
v 0.156207 -0.278736 0.209849
v 0.158403 -0.278511 0.211028
v 0.160838 -0.278140 0.211475
v 0.163272 -0.277661 0.211147
v 0.165469 -0.277119 0.210076
v 0.167212 -0.276568 0.208366
v 0.168331 -0.276063 0.206185
v 0.168716 -0.275651 0.203746
v 0.126655 -0.041321 0.234183
v 0.125536 -0.041206 0.231947
v 0.123793 -0.041264 0.230152
v 0.121597 -0.041489 0.228972
v 0.119162 -0.041860 0.228525
v 0.116728 -0.042339 0.228853
v 0.114531 -0.042881 0.229924
v 0.112788 -0.043432 0.231634
v 0.111669 -0.043937 0.233815
v 0.111284 -0.044349 0.236254
v 0.111669 -0.044626 0.238711
v 0.112788 -0.044741 0.240947
v 0.114531 -0.044683 0.242743
v 0.116728 -0.044457 0.243922
v 0.119162 -0.044087 0.244369
v 0.121597 -0.043607 0.244041
v 0.123793 -0.043065 0.242970
v 0.125536 -0.042515 0.241260
v 0.126655 -0.042009 0.239079
v 0.127041 -0.041597 0.236640
vn 0.936608 0.206549 -0.283024
vn 0.796726 0.220921 -0.562513
vn 0.578855 0.213668 -0.786939
vn 0.304322 0.185500 -0.934333
vn 0.000000 0.139173 -0.990268
vn -0.304323 0.079223 -0.949269
vn -0.578856 0.011519 -0.815349
vn -0.796726 -0.057313 -0.601617
vn -0.936608 -0.120535 -0.328994
vn -0.984808 -0.171958 -0.024167
vn -0.936608 -0.206549 0.283025
vn -0.796726 -0.220921 0.562514
vn -0.578855 -0.213668 0.786939
vn -0.304322 -0.185500 0.934333
vn 0.000000 -0.139173 0.990268
vn 0.304322 -0.079223 0.949269
vn 0.578856 -0.011519 0.815349
vn 0.796726 0.057313 0.601617
vn 0.936608 0.120535 0.328994
vn 0.984808 0.171958 0.024167
vn 0.936608 0.206549 -0.283024
vn 0.796726 0.220921 -0.562513
vn 0.578855 0.213668 -0.786939
vn 0.304322 0.185500 -0.934333
vn 0.000000 0.139173 -0.990268
vn -0.304323 0.079223 -0.949269
vn -0.578856 0.011519 -0.815349
vn -0.796726 -0.057313 -0.601617
vn -0.936608 -0.120535 -0.328994
vn -0.984808 -0.171958 -0.024167
vn -0.936608 -0.206549 0.283025
vn -0.796726 -0.220921 0.562514
vn -0.578855 -0.213668 0.786939
vn -0.304322 -0.185500 0.934333
vn 0.000000 -0.139173 0.990268
vn 0.304322 -0.079223 0.949269
vn 0.578856 -0.011519 0.815349
vn 0.796726 0.057313 0.601617
vn 0.936608 0.120535 0.328994
vn 0.984808 0.171958 0.024167
vn 0.173648 -0.975224 -0.137059
vn -0.173648 0.975224 0.137059
vn -0.984808 -0.171958 -0.024167
vn -0.984808 -0.171958 -0.024167
vn 0.984808 0.171958 0.024167
vn 0.984808 0.171958 0.024167
vn 0.936608 0.206549 -0.283024
vn 0.936608 0.206549 -0.283024
vn 0.173648 -0.975224 -0.137059
vn 0.173648 -0.975224 -0.137059
vn 0.173648 -0.975224 -0.137059
vn 0.173648 -0.975224 -0.137059
vn 0.173648 -0.975224 -0.137059
vn 0.173648 -0.975224 -0.137059
vn 0.173648 -0.975224 -0.137059
vn 0.173648 -0.975224 -0.137059
vn 0.173648 -0.975224 -0.137059
vn 0.173648 -0.975224 -0.137059
vn 0.173648 -0.975224 -0.137059
vn 0.173648 -0.975224 -0.137059
vn 0.173648 -0.975224 -0.137059
vn 0.173648 -0.975224 -0.137059
vn 0.173648 -0.975224 -0.137059
vn 0.173648 -0.975224 -0.137059
vn 0.173648 -0.975224 -0.137059
vn 0.173648 -0.975224 -0.137059
vn 0.173648 -0.975224 -0.137059
vn 0.173648 -0.975224 -0.137059
vn -0.173648 0.975224 0.137059
vn -0.173648 0.975224 0.137059
vn -0.173648 0.975224 0.137059
vn -0.173648 0.975224 0.137059
vn -0.173648 0.975224 0.137059
vn -0.173648 0.975224 0.137059
vn -0.173648 0.975224 0.137059
vn -0.173648 0.975224 0.137059
vn -0.173648 0.975224 0.137059
vn -0.173648 0.975224 0.137059
vn -0.173648 0.975224 0.137059
vn -0.173648 0.975224 0.137059
vn -0.173648 0.975224 0.137059
vn -0.173648 0.975224 0.137059
vn -0.173648 0.975224 0.137059
vn -0.173648 0.975224 0.137059
vn -0.173648 0.975224 0.137059
vn -0.173648 0.975224 0.137059
vn -0.173648 0.975224 0.137059
vn -0.173648 0.975224 0.137059
vt 0.100600 0.000454
vt 0.200505 0.000454
vt 0.300411 0.000454
vt 0.400317 0.000454
vt 0.500222 0.000454
vt 0.600127 0.000454
vt 0.700033 0.000454
vt 0.799938 0.000454
vt 0.899843 0.000454
vt 0.999749 0.000454
vt 0.100599 0.000454
vt 0.200505 0.000454
vt 0.300411 0.000454
vt 0.400316 0.000454
vt 0.500222 0.000454
vt 0.600127 0.000454
vt 0.700032 0.000454
vt 0.799938 0.000454
vt 0.899843 0.000454
vt 0.999748 0.000454
vt 0.100600 0.999431
vt 0.200505 0.999431
vt 0.300411 0.999431
vt 0.400317 0.999431
vt 0.500222 0.999431
vt 0.600127 0.999431
vt 0.700033 0.999431
vt 0.799938 0.999431
vt 0.899844 0.999431
vt 0.999749 0.999431
vt 0.100600 0.999431
vt 0.200505 0.999431
vt 0.300411 0.999431
vt 0.400316 0.999431
vt 0.500222 0.999431
vt 0.600127 0.999431
vt 0.700032 0.999431
vt 0.799937 0.999431
vt 0.899842 0.999431
vt 0.999748 0.999431
vt 0.500224 0.499944
vt 0.500225 0.499944
vt 0.000694 0.000454
vt 0.000694 0.999431
vt 0.000694 0.000454
vt 0.000694 0.999431
vt 0.100600 0.999431
vt 0.100600 0.000454
vt 0.098857 0.791554
vt 0.028389 0.653252
vt 0.208614 0.901311
vt 0.346915 0.971779
vt 0.500224 0.996061
vt 0.653533 0.971779
vt 0.791834 0.901311
vt 0.901591 0.791554
vt 0.972059 0.653252
vt 0.996341 0.499944
vt 0.972059 0.346636
vt 0.901590 0.208334
vt 0.791834 0.098578
vt 0.653532 0.028109
vt 0.500223 0.003828
vt 0.346915 0.028110
vt 0.208614 0.098578
vt 0.098857 0.208335
vt 0.028389 0.346636
vt 0.004108 0.499944
vt 0.972060 0.653252
vt 0.901592 0.791554
vt 0.791835 0.901311
vt 0.653533 0.971779
vt 0.500224 0.996061
vt 0.346916 0.971779
vt 0.208614 0.901311
vt 0.098858 0.791554
vt 0.028390 0.653252
vt 0.004108 0.499944
vt 0.028390 0.346636
vt 0.098858 0.208334
vt 0.208614 0.098578
vt 0.346916 0.028109
vt 0.500224 0.003828
vt 0.653533 0.028109
vt 0.791834 0.098578
vt 0.901591 0.208334
vt 0.972059 0.346636
vt 0.996341 0.499944
f 764/764/764 785/785/785 784/784/784
f 764/764/764 765/765/765 785/785/785
f 765/765/765 786/786/786 785/785/785
f 765/765/765 766/766/766 786/786/786
f 766/766/766 787/787/787 786/786/786
f 766/766/766 767/767/767 787/787/787
f 767/767/767 788/788/788 787/787/787
f 767/767/767 768/768/768 788/788/788
f 768/768/768 789/789/789 788/788/788
f 768/768/768 769/769/769 789/789/789
f 769/769/769 790/790/790 789/789/789
f 769/769/769 770/770/770 790/790/790
f 770/770/770 791/791/791 790/790/790
f 770/770/770 771/771/771 791/791/791
f 771/771/771 792/792/792 791/791/791
f 771/771/771 772/772/772 792/792/792
f 772/772/772 793/793/793 792/792/792
f 772/772/772 773/773/773 793/793/793
f 806/806/806 794/794/794 807/807/807
f 806/806/806 774/774/774 794/794/794
f 774/774/774 795/795/795 794/794/794
f 774/774/774 775/775/775 795/795/795
f 775/775/775 796/796/796 795/795/795
f 775/775/775 776/776/776 796/796/796
f 776/776/776 797/797/797 796/796/796
f 776/776/776 777/777/777 797/797/797
f 777/777/777 798/798/798 797/797/797
f 777/777/777 778/778/778 798/798/798
f 778/778/778 799/799/799 798/798/798
f 778/778/778 779/779/779 799/799/799
f 779/779/779 800/800/800 799/799/799
f 779/779/779 780/780/780 800/800/800
f 780/780/780 801/801/801 800/800/800
f 780/780/780 781/781/781 801/801/801
f 781/781/781 802/802/802 801/801/801
f 781/781/781 782/782/782 802/802/802
f 782/782/782 803/803/803 802/802/802
f 782/782/782 783/783/783 803/803/803
f 808/808/808 810/810/810 809/809/809
f 808/808/808 811/811/811 810/810/810
f 850/850/850 851/851/851 805/805/805
f 849/849/849 850/850/850 805/805/805
f 851/851/851 832/832/832 805/805/805
f 848/848/848 849/849/849 805/805/805
f 832/832/832 833/833/833 805/805/805
f 847/847/847 848/848/848 805/805/805
f 833/833/833 834/834/834 805/805/805
f 846/846/846 847/847/847 805/805/805
f 834/834/834 835/835/835 805/805/805
f 845/845/845 846/846/846 805/805/805
f 835/835/835 836/836/836 805/805/805
f 844/844/844 845/845/845 805/805/805
f 836/836/836 837/837/837 805/805/805
f 843/843/843 844/844/844 805/805/805
f 837/837/837 838/838/838 805/805/805
f 842/842/842 843/843/843 805/805/805
f 838/838/838 839/839/839 805/805/805
f 841/841/841 842/842/842 805/805/805
f 839/839/839 840/840/840 805/805/805
f 840/840/840 841/841/841 805/805/805
f 831/831/831 830/830/830 804/804/804
f 813/813/813 831/831/831 804/804/804
f 830/830/830 829/829/829 804/804/804
f 812/812/812 813/813/813 804/804/804
f 829/829/829 828/828/828 804/804/804
f 814/814/814 812/812/812 804/804/804
f 828/828/828 827/827/827 804/804/804
f 815/815/815 814/814/814 804/804/804
f 827/827/827 826/826/826 804/804/804
f 816/816/816 815/815/815 804/804/804
f 826/826/826 825/825/825 804/804/804
f 817/817/817 816/816/816 804/804/804
f 825/825/825 824/824/824 804/804/804
f 818/818/818 817/817/817 804/804/804
f 824/824/824 823/823/823 804/804/804
f 819/819/819 818/818/818 804/804/804
f 823/823/823 822/822/822 804/804/804
f 820/820/820 819/819/819 804/804/804
f 822/822/822 821/821/821 804/804/804
f 821/821/821 820/820/820 804/804/804
o Leg_851
usemtl mat_Leg
v -0.153345 -0.278679 -0.205817
v -0.154464 -0.278794 -0.208053
v -0.156207 -0.278736 -0.209849
v -0.158403 -0.278511 -0.211028
v -0.160838 -0.278140 -0.211475
v -0.163272 -0.277661 -0.211147
v -0.165469 -0.277119 -0.210076
v -0.167212 -0.276568 -0.208366
v -0.168331 -0.276063 -0.206185
v -0.168716 -0.275651 -0.203746
v -0.168331 -0.275374 -0.201289
v -0.167212 -0.275260 -0.199053
v -0.165469 -0.275318 -0.197257
v -0.163272 -0.275543 -0.196078
v -0.160838 -0.275913 -0.195631
v -0.158403 -0.276393 -0.195959
v -0.156207 -0.276935 -0.197030
v -0.154464 -0.277485 -0.198740
v -0.153345 -0.277991 -0.200921
v -0.152959 -0.278403 -0.203360
v -0.111669 -0.044626 -0.238711
v -0.112788 -0.044741 -0.240947
v -0.114531 -0.044683 -0.242743
v -0.116728 -0.044457 -0.243922
v -0.119162 -0.044087 -0.244369
v -0.121597 -0.043607 -0.244041
v -0.123793 -0.043065 -0.242970
v -0.125536 -0.042515 -0.241260
v -0.126655 -0.042009 -0.239079
v -0.127041 -0.041597 -0.236640
v -0.126655 -0.041321 -0.234183
v -0.125536 -0.041206 -0.231947
v -0.123793 -0.041264 -0.230152
v -0.121597 -0.041489 -0.228972
v -0.119162 -0.041860 -0.228525
v -0.116728 -0.042339 -0.228853
v -0.114531 -0.042881 -0.229924
v -0.112788 -0.043432 -0.231634
v -0.111669 -0.043937 -0.233815
v -0.111284 -0.044349 -0.236254
v -0.160838 -0.277027 -0.203553
v -0.119162 -0.042973 -0.236447
v -0.168716 -0.275651 -0.203746
v -0.127041 -0.041597 -0.236640
v -0.152959 -0.278403 -0.203360
v -0.111284 -0.044349 -0.236254
v -0.111669 -0.044626 -0.238711
v -0.153345 -0.278679 -0.205817
v -0.154464 -0.278794 -0.208053
v -0.153345 -0.278679 -0.205817
v -0.156207 -0.278736 -0.209849
v -0.158403 -0.278511 -0.211028
v -0.160838 -0.278140 -0.211475
v -0.163272 -0.277661 -0.211147
v -0.165469 -0.277119 -0.210076
v -0.167212 -0.276568 -0.208366
v -0.168331 -0.276063 -0.206185
v -0.168716 -0.275651 -0.203746
v -0.168331 -0.275374 -0.201289
v -0.167212 -0.275260 -0.199053
v -0.165469 -0.275318 -0.197257
v -0.163272 -0.275543 -0.196078
v -0.160838 -0.275913 -0.195631
v -0.158403 -0.276393 -0.195959
v -0.156207 -0.276935 -0.197030
v -0.154464 -0.277485 -0.198740
v -0.153345 -0.277991 -0.200921
v -0.152959 -0.278403 -0.203360
v -0.111669 -0.044626 -0.238711
v -0.112788 -0.044741 -0.240947
v -0.114531 -0.044683 -0.242743
v -0.116728 -0.044457 -0.243922
v -0.119162 -0.044087 -0.244369
v -0.121597 -0.043607 -0.244041
v -0.123793 -0.043065 -0.242970
v -0.125536 -0.042515 -0.241260
v -0.126655 -0.042009 -0.239079
v -0.127041 -0.041597 -0.236640
v -0.126655 -0.041321 -0.234183
v -0.125536 -0.041206 -0.231947
v -0.123793 -0.041264 -0.230152
v -0.121597 -0.041489 -0.228972
v -0.119162 -0.041860 -0.228525
v -0.116728 -0.042339 -0.228853
v -0.114531 -0.042881 -0.229924
v -0.112788 -0.043432 -0.231634
v -0.111669 -0.043937 -0.233815
v -0.111284 -0.044349 -0.236254
vn 0.936608 -0.206549 -0.283024
vn 0.796726 -0.220921 -0.562513
vn 0.578855 -0.213668 -0.786939
vn 0.304322 -0.185500 -0.934333
vn 0.000000 -0.139173 -0.990268
vn -0.304323 -0.079223 -0.949269
vn -0.578856 -0.011519 -0.815349
vn -0.796726 0.057313 -0.601617
vn -0.936608 0.120535 -0.328994
vn -0.984808 0.171958 -0.024167
vn -0.936608 0.206549 0.283025
vn -0.796726 0.220921 0.562514
vn -0.578855 0.213668 0.786939
vn -0.304322 0.185500 0.934333
vn 0.000000 0.139173 0.990268
vn 0.304322 0.079223 0.949269
vn 0.578856 0.011519 0.815349
vn 0.796726 -0.057313 0.601617
vn 0.936608 -0.120535 0.328994
vn 0.984808 -0.171958 0.024167
vn 0.936608 -0.206549 -0.283024
vn 0.796726 -0.220921 -0.562513
vn 0.578855 -0.213668 -0.786939
vn 0.304322 -0.185500 -0.934333
vn 0.000000 -0.139173 -0.990268
vn -0.304323 -0.079223 -0.949269
vn -0.578856 -0.011519 -0.815349
vn -0.796726 0.057313 -0.601617
vn -0.936608 0.120535 -0.328994
vn -0.984808 0.171958 -0.024167
vn -0.936608 0.206549 0.283025
vn -0.796726 0.220921 0.562514
vn -0.578855 0.213668 0.786939
vn -0.304322 0.185500 0.934333
vn 0.000000 0.139173 0.990268
vn 0.304322 0.079223 0.949269
vn 0.578856 0.011519 0.815349
vn 0.796726 -0.057313 0.601617
vn 0.936608 -0.120535 0.328994
vn 0.984808 -0.171958 0.024167
vn -0.173648 -0.975224 0.137059
vn 0.173648 0.975224 -0.137059
vn -0.984808 0.171958 -0.024167
vn -0.984808 0.171958 -0.024167
vn 0.984808 -0.171958 0.024167
vn 0.984808 -0.171958 0.024167
vn 0.936608 -0.206549 -0.283024
vn 0.936608 -0.206549 -0.283024
vn -0.173648 -0.975224 0.137059
vn -0.173648 -0.975224 0.137059
vn -0.173648 -0.975224 0.137059
vn -0.173648 -0.975224 0.137059
vn -0.173648 -0.975224 0.137059
vn -0.173648 -0.975224 0.137059
vn -0.173648 -0.975224 0.137059
vn -0.173648 -0.975224 0.137059
vn -0.173648 -0.975224 0.137059
vn -0.173648 -0.975224 0.137059
vn -0.173648 -0.975224 0.137059
vn -0.173648 -0.975224 0.137059
vn -0.173648 -0.975224 0.137059
vn -0.173648 -0.975224 0.137059
vn -0.173648 -0.975224 0.137059
vn -0.173648 -0.975224 0.137059
vn -0.173648 -0.975224 0.137059
vn -0.173648 -0.975224 0.137059
vn -0.173648 -0.975224 0.137059
vn -0.173648 -0.975224 0.137059
vn 0.173648 0.975224 -0.137059
vn 0.173648 0.975224 -0.137059
vn 0.173648 0.975224 -0.137059
vn 0.173648 0.975224 -0.137059
vn 0.173648 0.975224 -0.137059
vn 0.173648 0.975224 -0.137059
vn 0.173648 0.975224 -0.137059
vn 0.173648 0.975224 -0.137059
vn 0.173648 0.975224 -0.137059
vn 0.173648 0.975224 -0.137059
vn 0.173648 0.975224 -0.137059
vn 0.173648 0.975224 -0.137059
vn 0.173648 0.975224 -0.137059
vn 0.173648 0.975224 -0.137059
vn 0.173648 0.975224 -0.137059
vn 0.173648 0.975224 -0.137059
vn 0.173648 0.975224 -0.137059
vn 0.173648 0.975224 -0.137059
vn 0.173648 0.975224 -0.137059
vn 0.173648 0.975224 -0.137059
vt 0.100600 0.000454
vt 0.200505 0.000454
vt 0.300411 0.000454
vt 0.400317 0.000454
vt 0.500222 0.000454
vt 0.600127 0.000454
vt 0.700033 0.000454
vt 0.799938 0.000454
vt 0.899843 0.000454
vt 0.999749 0.000454
vt 0.100599 0.000454
vt 0.200505 0.000454
vt 0.300411 0.000454
vt 0.400316 0.000454
vt 0.500222 0.000454
vt 0.600127 0.000454
vt 0.700032 0.000454
vt 0.799938 0.000454
vt 0.899843 0.000454
vt 0.999748 0.000454
vt 0.100600 0.999431
vt 0.200505 0.999431
vt 0.300411 0.999431
vt 0.400317 0.999431
vt 0.500222 0.999431
vt 0.600127 0.999431
vt 0.700033 0.999431
vt 0.799938 0.999431
vt 0.899844 0.999431
vt 0.999749 0.999431
vt 0.100600 0.999431
vt 0.200505 0.999431
vt 0.300411 0.999431
vt 0.400316 0.999431
vt 0.500222 0.999431
vt 0.600127 0.999431
vt 0.700032 0.999431
vt 0.799937 0.999431
vt 0.899842 0.999431
vt 0.999748 0.999431
vt 0.500224 0.499944
vt 0.500225 0.499944
vt 0.000694 0.000454
vt 0.000694 0.999431
vt 0.000694 0.000454
vt 0.000694 0.999431
vt 0.100600 0.999431
vt 0.100600 0.000454
vt 0.098857 0.791554
vt 0.028389 0.653252
vt 0.208614 0.901311
vt 0.346915 0.971779
vt 0.500224 0.996061
vt 0.653533 0.971779
vt 0.791834 0.901311
vt 0.901591 0.791554
vt 0.972059 0.653252
vt 0.996341 0.499944
vt 0.972059 0.346636
vt 0.901590 0.208334
vt 0.791834 0.098578
vt 0.653532 0.028109
vt 0.500223 0.003828
vt 0.346915 0.028110
vt 0.208614 0.098578
vt 0.098857 0.208335
vt 0.028389 0.346636
vt 0.004108 0.499944
vt 0.972060 0.653252
vt 0.901592 0.791554
vt 0.791835 0.901311
vt 0.653533 0.971779
vt 0.500224 0.996061
vt 0.346916 0.971779
vt 0.208614 0.901311
vt 0.098858 0.791554
vt 0.028390 0.653252
vt 0.004108 0.499944
vt 0.028390 0.346636
vt 0.098858 0.208334
vt 0.208614 0.098578
vt 0.346916 0.028109
vt 0.500224 0.003828
vt 0.653533 0.028109
vt 0.791834 0.098578
vt 0.901591 0.208334
vt 0.972059 0.346636
vt 0.996341 0.499944
f 852/852/852 873/873/873 872/872/872
f 852/852/852 853/853/853 873/873/873
f 853/853/853 874/874/874 873/873/873
f 853/853/853 854/854/854 874/874/874
f 854/854/854 875/875/875 874/874/874
f 854/854/854 855/855/855 875/875/875
f 855/855/855 876/876/876 875/875/875
f 855/855/855 856/856/856 876/876/876
f 856/856/856 877/877/877 876/876/876
f 856/856/856 857/857/857 877/877/877
f 857/857/857 878/878/878 877/877/877
f 857/857/857 858/858/858 878/878/878
f 858/858/858 879/879/879 878/878/878
f 858/858/858 859/859/859 879/879/879
f 859/859/859 880/880/880 879/879/879
f 859/859/859 860/860/860 880/880/880
f 860/860/860 881/881/881 880/880/880
f 860/860/860 861/861/861 881/881/881
f 894/894/894 882/882/882 895/895/895
f 894/894/894 862/862/862 882/882/882
f 862/862/862 883/883/883 882/882/882
f 862/862/862 863/863/863 883/883/883
f 863/863/863 884/884/884 883/883/883
f 863/863/863 864/864/864 884/884/884
f 864/864/864 885/885/885 884/884/884
f 864/864/864 865/865/865 885/885/885
f 865/865/865 886/886/886 885/885/885
f 865/865/865 866/866/866 886/886/886
f 866/866/866 887/887/887 886/886/886
f 866/866/866 867/867/867 887/887/887
f 867/867/867 888/888/888 887/887/887
f 867/867/867 868/868/868 888/888/888
f 868/868/868 889/889/889 888/888/888
f 868/868/868 869/869/869 889/889/889
f 869/869/869 890/890/890 889/889/889
f 869/869/869 870/870/870 890/890/890
f 870/870/870 891/891/891 890/890/890
f 870/870/870 871/871/871 891/891/891
f 896/896/896 898/898/898 897/897/897
f 896/896/896 899/899/899 898/898/898
f 938/938/938 939/939/939 893/893/893
f 937/937/937 938/938/938 893/893/893
f 939/939/939 920/920/920 893/893/893
f 936/936/936 937/937/937 893/893/893
f 920/920/920 921/921/921 893/893/893
f 935/935/935 936/936/936 893/893/893
f 921/921/921 922/922/922 893/893/893
f 934/934/934 935/935/935 893/893/893
f 922/922/922 923/923/923 893/893/893
f 933/933/933 934/934/934 893/893/893
f 923/923/923 924/924/924 893/893/893
f 932/932/932 933/933/933 893/893/893
f 924/924/924 925/925/925 893/893/893
f 931/931/931 932/932/932 893/893/893
f 925/925/925 926/926/926 893/893/893
f 930/930/930 931/931/931 893/893/893
f 926/926/926 927/927/927 893/893/893
f 929/929/929 930/930/930 893/893/893
f 927/927/927 928/928/928 893/893/893
f 928/928/928 929/929/929 893/893/893
f 919/919/919 918/918/918 892/892/892
f 901/901/901 919/919/919 892/892/892
f 918/918/918 917/917/917 892/892/892
f 900/900/900 901/901/901 892/892/892
f 917/917/917 916/916/916 892/892/892
f 902/902/902 900/900/900 892/892/892
f 916/916/916 915/915/915 892/892/892
f 903/903/903 902/902/902 892/892/892
f 915/915/915 914/914/914 892/892/892
f 904/904/904 903/903/903 892/892/892
f 914/914/914 913/913/913 892/892/892
f 905/905/905 904/904/904 892/892/892
f 913/913/913 912/912/912 892/892/892
f 906/906/906 905/905/905 892/892/892
f 912/912/912 911/911/911 892/892/892
f 907/907/907 906/906/906 892/892/892
f 911/911/911 910/910/910 892/892/892
f 908/908/908 907/907/907 892/892/892
f 910/910/910 909/909/909 892/892/892
f 909/909/909 908/908/908 892/892/892
o Leg_939
usemtl mat_Leg
v -0.153345 -0.277991 0.200921
v -0.154464 -0.277485 0.198740
v -0.156207 -0.276935 0.197030
v -0.158403 -0.276393 0.195959
v -0.160838 -0.275913 0.195631
v -0.163272 -0.275543 0.196078
v -0.165469 -0.275318 0.197257
v -0.167212 -0.275260 0.199053
v -0.168331 -0.275374 0.201289
v -0.168716 -0.275651 0.203746
v -0.168331 -0.276063 0.206185
v -0.167212 -0.276568 0.208366
v -0.165469 -0.277119 0.210076
v -0.163272 -0.277661 0.211147
v -0.160838 -0.278140 0.211475
v -0.158403 -0.278511 0.211028
v -0.156207 -0.278736 0.209849
v -0.154464 -0.278794 0.208053
v -0.153345 -0.278679 0.205817
v -0.152959 -0.278403 0.203360
v -0.111669 -0.043937 0.233815
v -0.112788 -0.043432 0.231634
v -0.114531 -0.042881 0.229924
v -0.116728 -0.042339 0.228853
v -0.119162 -0.041860 0.228525
v -0.121597 -0.041489 0.228972
v -0.123793 -0.041264 0.230152
v -0.125536 -0.041206 0.231947
v -0.126655 -0.041321 0.234183
v -0.127041 -0.041597 0.236640
v -0.126655 -0.042009 0.239079
v -0.125536 -0.042515 0.241260
v -0.123793 -0.043065 0.242970
v -0.121597 -0.043607 0.244041
v -0.119162 -0.044087 0.244369
v -0.116728 -0.044457 0.243922
v -0.114531 -0.044683 0.242743
v -0.112788 -0.044741 0.240947
v -0.111669 -0.044626 0.238711
v -0.111284 -0.044349 0.236254
v -0.160838 -0.277027 0.203553
v -0.119162 -0.042973 0.236447
v -0.168716 -0.275651 0.203746
v -0.127041 -0.041597 0.236640
v -0.152959 -0.278403 0.203360
v -0.111284 -0.044349 0.236254
v -0.111669 -0.043937 0.233815
v -0.153345 -0.277991 0.200921
v -0.154464 -0.277485 0.198740
v -0.153345 -0.277991 0.200921
v -0.156207 -0.276935 0.197030
v -0.158403 -0.276393 0.195959
v -0.160838 -0.275913 0.195631
v -0.163272 -0.275543 0.196078
v -0.165469 -0.275318 0.197257
v -0.167212 -0.275260 0.199053
v -0.168331 -0.275374 0.201289
v -0.168716 -0.275651 0.203746
v -0.168331 -0.276063 0.206185
v -0.167212 -0.276568 0.208366
v -0.165469 -0.277119 0.210076
v -0.163272 -0.277661 0.211147
v -0.160838 -0.278140 0.211475
v -0.158403 -0.278511 0.211028
v -0.156207 -0.278736 0.209849
v -0.154464 -0.278794 0.208053
v -0.153345 -0.278679 0.205817
v -0.152959 -0.278403 0.203360
v -0.111669 -0.043937 0.233815
v -0.112788 -0.043432 0.231634
v -0.114531 -0.042881 0.229924
v -0.116728 -0.042339 0.228853
v -0.119162 -0.041860 0.228525
v -0.121597 -0.041489 0.228972
v -0.123793 -0.041264 0.230152
v -0.125536 -0.041206 0.231947
v -0.126655 -0.041321 0.234183
v -0.127041 -0.041597 0.236640
v -0.126655 -0.042009 0.239079
v -0.125536 -0.042515 0.241260
v -0.123793 -0.043065 0.242970
v -0.121597 -0.043607 0.244041
v -0.119162 -0.044087 0.244369
v -0.116728 -0.044457 0.243922
v -0.114531 -0.044683 0.242743
v -0.112788 -0.044741 0.240947
v -0.111669 -0.044626 0.238711
v -0.111284 -0.044349 0.236254
vn 0.936608 -0.120535 -0.328993
vn 0.796726 -0.057313 -0.601617
vn 0.578855 0.011519 -0.815349
vn 0.304322 0.079224 -0.949269
vn 0.000000 0.139173 -0.990268
vn -0.304323 0.185500 -0.934333
vn -0.578856 0.213668 -0.786939
vn -0.796726 0.220921 -0.562513
vn -0.936608 0.206549 -0.283025
vn -0.984808 0.171958 0.024167
vn -0.936608 0.120535 0.328994
vn -0.796726 0.057313 0.601617
vn -0.578855 -0.011519 0.815349
vn -0.304322 -0.079223 0.949269
vn 0.000000 -0.139173 0.990268
vn 0.304322 -0.185500 0.934333
vn 0.578856 -0.213668 0.786939
vn 0.796726 -0.220921 0.562513
vn 0.936608 -0.206549 0.283025
vn 0.984808 -0.171958 -0.024167
vn 0.936608 -0.120535 -0.328993
vn 0.796726 -0.057313 -0.601617
vn 0.578855 0.011519 -0.815349
vn 0.304322 0.079224 -0.949269
vn 0.000000 0.139173 -0.990268
vn -0.304323 0.185500 -0.934333
vn -0.578856 0.213668 -0.786939
vn -0.796726 0.220921 -0.562513
vn -0.936608 0.206549 -0.283025
vn -0.984808 0.171958 0.024167
vn -0.936608 0.120535 0.328994
vn -0.796726 0.057313 0.601617
vn -0.578855 -0.011519 0.815349
vn -0.304322 -0.079223 0.949269
vn 0.000000 -0.139173 0.990268
vn 0.304322 -0.185500 0.934333
vn 0.578856 -0.213668 0.786939
vn 0.796726 -0.220921 0.562513
vn 0.936608 -0.206549 0.283025
vn 0.984808 -0.171958 -0.024167
vn -0.173648 -0.975224 -0.137059
vn 0.173648 0.975224 0.137059
vn -0.984808 0.171958 0.024167
vn -0.984808 0.171958 0.024167
vn 0.984808 -0.171958 -0.024167
vn 0.984808 -0.171958 -0.024167
vn 0.936608 -0.120535 -0.328993
vn 0.936608 -0.120535 -0.328993
vn -0.173648 -0.975224 -0.137059
vn -0.173648 -0.975224 -0.137059
vn -0.173648 -0.975224 -0.137059
vn -0.173648 -0.975224 -0.137059
vn -0.173648 -0.975224 -0.137059
vn -0.173648 -0.975224 -0.137059
vn -0.173648 -0.975224 -0.137059
vn -0.173648 -0.975224 -0.137059
vn -0.173648 -0.975224 -0.137059
vn -0.173648 -0.975224 -0.137059
vn -0.173648 -0.975224 -0.137059
vn -0.173648 -0.975224 -0.137059
vn -0.173648 -0.975224 -0.137059
vn -0.173648 -0.975224 -0.137059
vn -0.173648 -0.975224 -0.137059
vn -0.173648 -0.975224 -0.137059
vn -0.173648 -0.975224 -0.137059
vn -0.173648 -0.975224 -0.137059
vn -0.173648 -0.975224 -0.137059
vn -0.173648 -0.975224 -0.137059
vn 0.173648 0.975224 0.137059
vn 0.173648 0.975224 0.137059
vn 0.173648 0.975224 0.137059
vn 0.173648 0.975224 0.137059
vn 0.173648 0.975224 0.137059
vn 0.173648 0.975224 0.137059
vn 0.173648 0.975224 0.137059
vn 0.173648 0.975224 0.137059
vn 0.173648 0.975224 0.137059
vn 0.173648 0.975224 0.137059
vn 0.173648 0.975224 0.137059
vn 0.173648 0.975224 0.137059
vn 0.173648 0.975224 0.137059
vn 0.173648 0.975224 0.137059
vn 0.173648 0.975224 0.137059
vn 0.173648 0.975224 0.137059
vn 0.173648 0.975224 0.137059
vn 0.173648 0.975224 0.137059
vn 0.173648 0.975224 0.137059
vn 0.173648 0.975224 0.137059
vt 0.100600 0.000454
vt 0.200505 0.000454
vt 0.300411 0.000454
vt 0.400317 0.000454
vt 0.500222 0.000454
vt 0.600127 0.000454
vt 0.700033 0.000454
vt 0.799938 0.000454
vt 0.899843 0.000454
vt 0.999749 0.000454
vt 0.100599 0.000454
vt 0.200505 0.000454
vt 0.300411 0.000454
vt 0.400316 0.000454
vt 0.500222 0.000454
vt 0.600127 0.000454
vt 0.700032 0.000454
vt 0.799938 0.000454
vt 0.899843 0.000454
vt 0.999748 0.000454
vt 0.100600 0.999431
vt 0.200505 0.999431
vt 0.300411 0.999431
vt 0.400317 0.999431
vt 0.500222 0.999431
vt 0.600127 0.999431
vt 0.700033 0.999431
vt 0.799938 0.999431
vt 0.899844 0.999431
vt 0.999749 0.999431
vt 0.100600 0.999431
vt 0.200505 0.999431
vt 0.300411 0.999431
vt 0.400316 0.999431
vt 0.500222 0.999431
vt 0.600127 0.999431
vt 0.700032 0.999431
vt 0.799937 0.999431
vt 0.899842 0.999431
vt 0.999748 0.999431
vt 0.500224 0.499944
vt 0.500225 0.499944
vt 0.000694 0.000454
vt 0.000694 0.999431
vt 0.000694 0.000454
vt 0.000694 0.999431
vt 0.100600 0.999431
vt 0.100600 0.000454
vt 0.098857 0.791554
vt 0.028389 0.653252
vt 0.208614 0.901311
vt 0.346915 0.971779
vt 0.500224 0.996061
vt 0.653533 0.971779
vt 0.791834 0.901311
vt 0.901591 0.791554
vt 0.972059 0.653252
vt 0.996341 0.499944
vt 0.972059 0.346636
vt 0.901590 0.208334
vt 0.791834 0.098578
vt 0.653532 0.028109
vt 0.500223 0.003828
vt 0.346915 0.028110
vt 0.208614 0.098578
vt 0.098857 0.208335
vt 0.028389 0.346636
vt 0.004108 0.499944
vt 0.972060 0.653252
vt 0.901592 0.791554
vt 0.791835 0.901311
vt 0.653533 0.971779
vt 0.500224 0.996061
vt 0.346916 0.971779
vt 0.208614 0.901311
vt 0.098858 0.791554
vt 0.028390 0.653252
vt 0.004108 0.499944
vt 0.028390 0.346636
vt 0.098858 0.208334
vt 0.208614 0.098578
vt 0.346916 0.028109
vt 0.500224 0.003828
vt 0.653533 0.028109
vt 0.791834 0.098578
vt 0.901591 0.208334
vt 0.972059 0.346636
vt 0.996341 0.499944
f 940/940/940 961/961/961 960/960/960
f 940/940/940 941/941/941 961/961/961
f 941/941/941 962/962/962 961/961/961
f 941/941/941 942/942/942 962/962/962
f 942/942/942 963/963/963 962/962/962
f 942/942/942 943/943/943 963/963/963
f 943/943/943 964/964/964 963/963/963
f 943/943/943 944/944/944 964/964/964
f 944/944/944 965/965/965 964/964/964
f 944/944/944 945/945/945 965/965/965
f 945/945/945 966/966/966 965/965/965
f 945/945/945 946/946/946 966/966/966
f 946/946/946 967/967/967 966/966/966
f 946/946/946 947/947/947 967/967/967
f 947/947/947 968/968/968 967/967/967
f 947/947/947 948/948/948 968/968/968
f 948/948/948 969/969/969 968/968/968
f 948/948/948 949/949/949 969/969/969
f 982/982/982 970/970/970 983/983/983
f 982/982/982 950/950/950 970/970/970
f 950/950/950 971/971/971 970/970/970
f 950/950/950 951/951/951 971/971/971
f 951/951/951 972/972/972 971/971/971
f 951/951/951 952/952/952 972/972/972
f 952/952/952 973/973/973 972/972/972
f 952/952/952 953/953/953 973/973/973
f 953/953/953 974/974/974 973/973/973
f 953/953/953 954/954/954 974/974/974
f 954/954/954 975/975/975 974/974/974
f 954/954/954 955/955/955 975/975/975
f 955/955/955 976/976/976 975/975/975
f 955/955/955 956/956/956 976/976/976
f 956/956/956 977/977/977 976/976/976
f 956/956/956 957/957/957 977/977/977
f 957/957/957 978/978/978 977/977/977
f 957/957/957 958/958/958 978/978/978
f 958/958/958 979/979/979 978/978/978
f 958/958/958 959/959/959 979/979/979
f 984/984/984 986/986/986 985/985/985
f 984/984/984 987/987/987 986/986/986
f 1026/1026/1026 1027/1027/1027 981/981/981
f 1025/1025/1025 1026/1026/1026 981/981/981
f 1027/1027/1027 1008/1008/1008 981/981/981
f 1024/1024/1024 1025/1025/1025 981/981/981
f 1008/1008/1008 1009/1009/1009 981/981/981
f 1023/1023/1023 1024/1024/1024 981/981/981
f 1009/1009/1009 1010/1010/1010 981/981/981
f 1022/1022/1022 1023/1023/1023 981/981/981
f 1010/1010/1010 1011/1011/1011 981/981/981
f 1021/1021/1021 1022/1022/1022 981/981/981
f 1011/1011/1011 1012/1012/1012 981/981/981
f 1020/1020/1020 1021/1021/1021 981/981/981
f 1012/1012/1012 1013/1013/1013 981/981/981
f 1019/1019/1019 1020/1020/1020 981/981/981
f 1013/1013/1013 1014/1014/1014 981/981/981
f 1018/1018/1018 1019/1019/1019 981/981/981
f 1014/1014/1014 1015/1015/1015 981/981/981
f 1017/1017/1017 1018/1018/1018 981/981/981
f 1015/1015/1015 1016/1016/1016 981/981/981
f 1016/1016/1016 1017/1017/1017 981/981/981
f 1007/1007/1007 1006/1006/1006 980/980/980
f 989/989/989 1007/1007/1007 980/980/980
f 1006/1006/1006 1005/1005/1005 980/980/980
f 988/988/988 989/989/989 980/980/980
f 1005/1005/1005 1004/1004/1004 980/980/980
f 990/990/990 988/988/988 980/980/980
f 1004/1004/1004 1003/1003/1003 980/980/980
f 991/991/991 990/990/990 980/980/980
f 1003/1003/1003 1002/1002/1002 980/980/980
f 992/992/992 991/991/991 980/980/980
f 1002/1002/1002 1001/1001/1001 980/980/980
f 993/993/993 992/992/992 980/980/980
f 1001/1001/1001 1000/1000/1000 980/980/980
f 994/994/994 993/993/993 980/980/980
f 1000/1000/1000 999/999/999 980/980/980
f 995/995/995 994/994/994 980/980/980
f 999/999/999 998/998/998 980/980/980
f 996/996/996 995/995/995 980/980/980
f 998/998/998 997/997/997 980/980/980
f 997/997/997 996/996/996 980/980/980
o Arm_1027
usemtl mat_Arm
v -0.369463 -0.017500 0.337643
v -0.337644 -0.017500 0.369463
v -0.369463 0.017500 0.337643
v -0.337644 0.017500 0.369463
v -0.015910 0.017500 -0.015910
v 0.015910 0.017500 0.015910
v -0.015910 -0.017500 -0.015910
v 0.015910 -0.017500 0.015910
v -0.369463 0.017500 0.337643
v -0.337644 0.017500 0.369463
v -0.015910 0.017500 -0.015910
v 0.015910 0.017500 0.015910
v -0.015910 -0.017500 -0.015910
v -0.369463 -0.017500 0.337643
v -0.337644 -0.017500 0.369463
v 0.015910 -0.017500 0.015910
v -0.337644 -0.017500 0.369463
v -0.337644 0.017500 0.369463
v 0.015910 0.017500 0.015910
v 0.015910 -0.017500 0.015910
v -0.015910 -0.017500 -0.015910
v -0.015910 0.017500 -0.015910
v -0.369463 0.017500 0.337643
v -0.369463 -0.017500 0.337643
vn -0.707107 0.000000 0.707107
vn -0.707107 0.000000 0.707107
vn -0.707107 0.000000 0.707107
vn -0.707107 0.000000 0.707107
vn 0.000000 1.000000 0.000000
vn 0.000000 1.000000 0.000000
vn 0.707107 0.000000 -0.707107
vn 0.707107 0.000000 -0.707107
vn 0.000000 1.000000 0.000000
vn 0.000000 1.000000 0.000000
vn 0.707107 0.000000 -0.707107
vn 0.707107 0.000000 -0.707107
vn 0.000000 -1.000000 0.000000
vn 0.000000 -1.000000 0.000000
vn 0.000000 -1.000000 0.000000
vn 0.000000 -1.000000 0.000000
vn 0.707107 0.000000 0.707107
vn 0.707107 0.000000 0.707107
vn 0.707107 0.000000 0.707107
vn 0.707107 0.000000 0.707107
vn -0.707107 0.000000 -0.707107
vn -0.707107 0.000000 -0.707107
vn -0.707107 0.000000 -0.707107
vn -0.707107 0.000000 -0.707107
vt 0.000000 0.000000
vt 1.000000 0.000000
vt 0.000000 1.000000
vt 1.000000 1.000000
vt 0.000000 1.000000
vt 1.000000 1.000000
vt 0.000000 1.000000
vt 1.000000 1.000000
vt 0.000000 0.000000
vt 1.000000 0.000000
vt 0.000000 0.000000
vt 1.000000 0.000000
vt 0.000000 0.000000
vt 0.000000 1.000000
vt 1.000000 1.000000
vt 1.000000 0.000000
vt 0.000000 0.000000
vt 0.000000 1.000000
vt 1.000000 1.000000
vt 1.000000 0.000000
vt 0.000000 0.000000
vt 0.000000 1.000000
vt 1.000000 1.000000
vt 1.000000 0.000000
f 1028/1028/1028 1031/1031/1031 1030/1030/1030
f 1028/1028/1028 1029/1029/1029 1031/1031/1031
f 1036/1036/1036 1033/1033/1033 1032/1032/1032
f 1036/1036/1036 1037/1037/1037 1033/1033/1033
f 1038/1038/1038 1035/1035/1035 1034/1034/1034
f 1038/1038/1038 1039/1039/1039 1035/1035/1035
f 1040/1040/1040 1042/1042/1042 1041/1041/1041
f 1040/1040/1040 1043/1043/1043 1042/1042/1042
f 1044/1044/1044 1046/1046/1046 1045/1045/1045
f 1044/1044/1044 1047/1047/1047 1046/1046/1046
f 1048/1048/1048 1050/1050/1050 1049/1049/1049
f 1048/1048/1048 1051/1051/1051 1050/1050/1050
o ArmTip_1051
usemtl mat_ArmTip
v -0.348171 -0.015830 0.316510
v -0.348171 -0.015830 0.348171
v -0.316510 -0.015830 0.316510
v -0.316510 -0.015830 0.348171
v -0.348226 0.015835 0.316454
v -0.348226 0.015835 0.348226
v -0.316454 0.015835 0.316454
v -0.316454 0.015835 0.348226
v -0.332340 -0.027500 0.332340
v -0.332340 0.027500 0.332340
v -0.359840 0.000000 0.332340
v -0.332340 0.000000 0.359840
v -0.304840 0.000000 0.332340
v -0.332340 0.000000 0.304840
v -0.332340 -0.019388 0.312952
v -0.312952 -0.019388 0.332340
v -0.332340 -0.019388 0.351729
v -0.351729 -0.019388 0.332340
v -0.351793 0.019403 0.332340
v -0.332340 0.019403 0.351793
v -0.312887 0.019403 0.332340
v -0.332340 0.019403 0.312887
v -0.351786 0.000000 0.351786
v -0.351793 -0.000049 0.312887
v -0.312895 0.000000 0.351786
v -0.312887 -0.000049 0.312887
v -0.345551 -0.016990 0.315351
v -0.341698 -0.018224 0.314116
v -0.337184 -0.019083 0.313257
v -0.319130 -0.016990 0.315351
v -0.322982 -0.018224 0.314116
v -0.327497 -0.019083 0.313257
v -0.315351 -0.016990 0.319130
v -0.314116 -0.018224 0.322982
v -0.313257 -0.019083 0.327497
v -0.315351 -0.016990 0.345551
v -0.314116 -0.018224 0.341698
v -0.313257 -0.019083 0.337184
v -0.319130 -0.016990 0.349330
v -0.322982 -0.018224 0.350564
v -0.327497 -0.019083 0.351424
v -0.345551 -0.016990 0.349330
v -0.341698 -0.018224 0.350564
v -0.337184 -0.019083 0.351424
v -0.349330 -0.016990 0.345551
v -0.350564 -0.018224 0.341698
v -0.351424 -0.019083 0.337184
v -0.349330 -0.016990 0.319130
v -0.350564 -0.018224 0.322982
v -0.351424 -0.019083 0.327497
v -0.349388 0.017000 0.319090
v -0.350626 0.018236 0.322951
v -0.351487 0.019097 0.327481
v -0.349388 0.017000 0.345590
v -0.350626 0.018236 0.341729
v -0.351487 0.019097 0.337200
v -0.345590 0.017000 0.349388
v -0.341729 0.018236 0.350626
v -0.337200 0.019097 0.351487
v -0.319090 0.017000 0.349388
v -0.322951 0.018236 0.350626
v -0.327481 0.019097 0.351487
v -0.315293 0.017000 0.345590
v -0.314054 0.018236 0.341729
v -0.313193 0.019097 0.337200
v -0.315293 0.017000 0.319090
v -0.314054 0.018236 0.322951
v -0.313193 0.019097 0.327481
v -0.319090 0.017000 0.315293
v -0.322951 0.018236 0.314054
v -0.327481 0.019097 0.313193
v -0.345590 0.017000 0.315293
v -0.341729 0.018236 0.314054
v -0.337200 0.019097 0.313193
v -0.349330 -0.013211 0.349330
v -0.350564 -0.009358 0.350564
v -0.351424 -0.004843 0.351424
v -0.349388 0.013210 0.349388
v -0.350626 0.009344 0.350626
v -0.351487 0.004813 0.351487
v -0.349388 0.013210 0.315293
v -0.350626 0.009344 0.314054
v -0.351487 0.004813 0.313193
v -0.349330 -0.013211 0.315351
v -0.350564 -0.009358 0.314116
v -0.351424 -0.004843 0.313257
v -0.315351 -0.013211 0.349330
v -0.314116 -0.009358 0.350564
v -0.313257 -0.004843 0.351424
v -0.315293 0.013210 0.349388
v -0.314054 0.009344 0.350626
v -0.313193 0.004813 0.351487
v -0.315351 -0.013211 0.315351
v -0.314116 -0.009358 0.314116
v -0.313257 -0.004843 0.313257
v -0.315293 0.013210 0.315293
v -0.314054 0.009344 0.314054
v -0.313193 0.004813 0.313193
v -0.332340 -0.022680 0.316931
v -0.332340 -0.025221 0.321582
v -0.332340 -0.026853 0.326796
v -0.316932 -0.022680 0.332340
v -0.321582 -0.025221 0.332340
v -0.326797 -0.026853 0.332340
v -0.332340 -0.022680 0.347749
v -0.332340 -0.025221 0.343099
v -0.332340 -0.026853 0.337884
v -0.347749 -0.022680 0.332340
v -0.343099 -0.025221 0.332340
v -0.337884 -0.026853 0.332340
v -0.347803 0.022707 0.332340
v -0.343135 0.025251 0.332340
v -0.337903 0.026887 0.332340
v -0.332340 0.022707 0.347803
v -0.332340 0.025251 0.343135
v -0.332340 0.026887 0.337903
v -0.316877 0.022707 0.332340
v -0.321545 0.025251 0.332340
v -0.326778 0.026887 0.332340
v -0.332340 0.022707 0.316877
v -0.332340 0.025251 0.321545
v -0.332340 0.026887 0.326778
v -0.355020 -0.015409 0.332340
v -0.357561 -0.010758 0.332340
v -0.359193 -0.005544 0.332340
v -0.355206 0.000000 0.347618
v -0.357747 0.000000 0.342864
v -0.359312 0.000000 0.337705
v -0.355096 0.015412 0.332340
v -0.357632 0.010750 0.332340
v -0.359271 0.005516 0.332340
v -0.355096 -0.000049 0.316877
v -0.357632 -0.000049 0.321545
v -0.359271 -0.000049 0.326778
v -0.332340 -0.015409 0.355020
v -0.332340 -0.010758 0.357561
v -0.332340 -0.005544 0.359193
v -0.317062 0.000000 0.355206
v -0.321816 0.000000 0.357747
v -0.326975 0.000000 0.359312
v -0.332340 0.015412 0.355096
v -0.332340 0.010750 0.357632
v -0.332340 0.005516 0.359271
v -0.347618 0.000000 0.355206
v -0.342864 0.000000 0.357747
v -0.337705 0.000000 0.359312
v -0.309660 -0.015409 0.332340
v -0.307120 -0.010758 0.332340
v -0.305487 -0.005544 0.332340
v -0.309584 -0.000049 0.316877
v -0.307049 -0.000049 0.321545
v -0.305409 -0.000049 0.326778
v -0.309584 0.015412 0.332340
v -0.307049 0.010750 0.332340
v -0.305409 0.005516 0.332340
v -0.309475 0.000000 0.347618
v -0.306934 0.000000 0.342864
v -0.305369 0.000000 0.337705
v -0.332340 -0.015409 0.309660
v -0.332340 -0.010758 0.307120
v -0.332340 -0.005544 0.305487
v -0.347803 -0.000049 0.309584
v -0.343135 -0.000049 0.307049
v -0.337903 -0.000049 0.305409
v -0.332340 0.015412 0.309584
v -0.332340 0.010750 0.307049
v -0.332340 0.005516 0.305409
v -0.316877 -0.000049 0.309584
v -0.321545 -0.000049 0.307049
v -0.326778 -0.000049 0.305409
v -0.346008 -0.019447 0.318672
v -0.341959 -0.021188 0.317836
v -0.337302 -0.022307 0.317188
v -0.346844 -0.021188 0.322722
v -0.342457 -0.023390 0.322223
v -0.337538 -0.024765 0.321780
v -0.347493 -0.022307 0.327379
v -0.342900 -0.024765 0.327142
v -0.337772 -0.026321 0.326909
v -0.318673 -0.019447 0.318672
v -0.317836 -0.021188 0.322722
v -0.317188 -0.022307 0.327379
v -0.322722 -0.021188 0.317836
v -0.322223 -0.023390 0.322223
v -0.321780 -0.024765 0.327142
v -0.327379 -0.022307 0.317188
v -0.327142 -0.024765 0.321780
v -0.326909 -0.026321 0.326909
v -0.318673 -0.019447 0.346008
v -0.322722 -0.021188 0.346844
v -0.327379 -0.022307 0.347492
v -0.317836 -0.021188 0.341958
v -0.322223 -0.023390 0.342457
v -0.327142 -0.024765 0.342900
v -0.317188 -0.022307 0.337302
v -0.321780 -0.024765 0.337538
v -0.326909 -0.026321 0.337772
v -0.346008 -0.019447 0.346008
v -0.346844 -0.021188 0.341958
v -0.347493 -0.022307 0.337302
v -0.341959 -0.021188 0.346844
v -0.342457 -0.023390 0.342457
v -0.342900 -0.024765 0.337538
v -0.337302 -0.022307 0.347492
v -0.337538 -0.024765 0.342900
v -0.337772 -0.026321 0.337772
v -0.346048 0.019462 0.318632
v -0.346896 0.021210 0.322690
v -0.347546 0.022334 0.327362
v -0.341990 0.021210 0.317785
v -0.342491 0.023418 0.322189
v -0.342935 0.024795 0.327125
v -0.337319 0.022334 0.317134
v -0.337555 0.024795 0.321745
v -0.337790 0.026356 0.326890
v -0.346048 0.019462 0.346048
v -0.341990 0.021210 0.346896
v -0.337319 0.022334 0.347546
v -0.346896 0.021210 0.341990
v -0.342491 0.023418 0.342491
v -0.337555 0.024795 0.342935
v -0.347546 0.022334 0.337319
v -0.342935 0.024795 0.337555
v -0.337790 0.026356 0.337790
v -0.318632 0.019462 0.346048
v -0.317785 0.021210 0.341990
v -0.317134 0.022334 0.337319
v -0.322690 0.021210 0.346896
v -0.322189 0.023418 0.342491
v -0.321745 0.024795 0.337555
v -0.327362 0.022334 0.347546
v -0.327125 0.024795 0.342935
v -0.326890 0.026356 0.337790
v -0.318632 0.019462 0.318632
v -0.322690 0.021210 0.317785
v -0.327362 0.022334 0.317134
v -0.317785 0.021210 0.322690
v -0.322189 0.023418 0.322189
v -0.327125 0.024795 0.321745
v -0.317134 0.022334 0.327362
v -0.321745 0.024795 0.327125
v -0.326890 0.026356 0.326890
v -0.351788 -0.013668 0.318672
v -0.353528 -0.014504 0.322722
v -0.354647 -0.015152 0.327379
v -0.353528 -0.009618 0.317836
v -0.355731 -0.010117 0.322223
v -0.357105 -0.010560 0.327142
v -0.354647 -0.004962 0.317188
v -0.357105 -0.005198 0.321780
v -0.358662 -0.005431 0.326909
v -0.351788 -0.013668 0.346008
v -0.353528 -0.009618 0.346844
v -0.354647 -0.004962 0.347492
v -0.353528 -0.014504 0.341958
v -0.355731 -0.010117 0.342457
v -0.357105 -0.005198 0.342900
v -0.354647 -0.015152 0.337302
v -0.357105 -0.010560 0.337538
v -0.358662 -0.005431 0.337772
v -0.351852 0.013668 0.346048
v -0.353598 0.014506 0.341990
v -0.354723 0.015155 0.337319
v -0.353598 0.009606 0.346896
v -0.355798 0.010106 0.342491
v -0.357176 0.010551 0.337555
v -0.354723 0.004932 0.347546
v -0.357176 0.005169 0.342935
v -0.358738 0.005403 0.337790
v -0.351852 0.013668 0.318632
v -0.353598 0.009606 0.317785
v -0.354723 0.004932 0.317134
v -0.353598 0.014506 0.322690
v -0.355798 0.010106 0.322189
v -0.357176 0.005169 0.321745
v -0.354723 0.015155 0.327362
v -0.357176 0.010551 0.327125
v -0.358738 0.005403 0.326890
v -0.346008 -0.013668 0.351787
v -0.341959 -0.014504 0.353528
v -0.337302 -0.015152 0.354647
v -0.346844 -0.009618 0.353528
v -0.342457 -0.010117 0.355730
v -0.337538 -0.010560 0.357105
v -0.347493 -0.004962 0.354647
v -0.342900 -0.005198 0.357105
v -0.337772 -0.005431 0.358662
v -0.318673 -0.013668 0.351787
v -0.317836 -0.009618 0.353528
v -0.317188 -0.004962 0.354647
v -0.322722 -0.014504 0.353528
v -0.322223 -0.010117 0.355730
v -0.321780 -0.005198 0.357105
v -0.327379 -0.015152 0.354647
v -0.327142 -0.010560 0.357105
v -0.326909 -0.005431 0.358662
v -0.318632 0.013668 0.351852
v -0.322690 0.014506 0.353598
v -0.327362 0.015155 0.354723
v -0.317785 0.009606 0.353598
v -0.322189 0.010106 0.355798
v -0.327125 0.010551 0.357176
v -0.317134 0.004932 0.354723
v -0.321745 0.005169 0.357176
v -0.326890 0.005403 0.358738
v -0.346048 0.013668 0.351852
v -0.346896 0.009606 0.353598
v -0.347546 0.004932 0.354723
v -0.341990 0.014506 0.353598
v -0.342491 0.010106 0.355798
v -0.342935 0.005169 0.357176
v -0.337319 0.015155 0.354723
v -0.337555 0.010551 0.357176
v -0.337790 0.005403 0.358738
v -0.312893 -0.013668 0.346008
v -0.311152 -0.014504 0.341959
v -0.310033 -0.015152 0.337302
v -0.311152 -0.009618 0.346844
v -0.308950 -0.010117 0.342457
v -0.307576 -0.010560 0.337538
v -0.310033 -0.004962 0.347492
v -0.307576 -0.005198 0.342900
v -0.306019 -0.005431 0.337772
v -0.312893 -0.013668 0.318672
v -0.311152 -0.009618 0.317836
v -0.310033 -0.004962 0.317188
v -0.311152 -0.014504 0.322722
v -0.308950 -0.010117 0.322223
v -0.307576 -0.005198 0.321780
v -0.310033 -0.015152 0.327379
v -0.307576 -0.010560 0.327142
v -0.306019 -0.005431 0.326909
v -0.312829 0.013668 0.318632
v -0.311082 0.014506 0.322690
v -0.309957 0.015155 0.327362
v -0.311082 0.009606 0.317785
v -0.308883 0.010106 0.322189
v -0.307505 0.010551 0.327125
v -0.309957 0.004932 0.317134
v -0.307505 0.005169 0.321745
v -0.305943 0.005403 0.326890
v -0.312829 0.013668 0.346048
v -0.311082 0.009606 0.346896
v -0.309957 0.004932 0.347546
v -0.311082 0.014506 0.341990
v -0.308883 0.010106 0.342491
v -0.307505 0.005169 0.342935
v -0.309957 0.015155 0.337319
v -0.307505 0.010551 0.337555
v -0.305943 0.005403 0.337790
v -0.318673 -0.013668 0.312893
v -0.322722 -0.014504 0.311152
v -0.327379 -0.015152 0.310033
v -0.317836 -0.009618 0.311152
v -0.322223 -0.010117 0.308950
v -0.327142 -0.010560 0.307576
v -0.317188 -0.004962 0.310033
v -0.321780 -0.005198 0.307576
v -0.326909 -0.005431 0.306019
v -0.346008 -0.013668 0.312893
v -0.346844 -0.009618 0.311152
v -0.347493 -0.004962 0.310033
v -0.341959 -0.014504 0.311152
v -0.342457 -0.010117 0.308950
v -0.342900 -0.005198 0.307576
v -0.337302 -0.015152 0.310033
v -0.337538 -0.010560 0.307576
v -0.337772 -0.005431 0.306019
v -0.346048 0.013668 0.312829
v -0.341990 0.014506 0.311082
v -0.337319 0.015155 0.309957
v -0.346896 0.009606 0.311082
v -0.342491 0.010106 0.308882
v -0.337555 0.010551 0.307505
v -0.347546 0.004932 0.309957
v -0.342935 0.005169 0.307505
v -0.337790 0.005403 0.305943
v -0.318632 0.013668 0.312829
v -0.317785 0.009606 0.311082
v -0.317134 0.004932 0.309957
v -0.322690 0.014506 0.311082
v -0.322189 0.010106 0.308882
v -0.321745 0.005169 0.307505
v -0.327362 0.015155 0.309957
v -0.327125 0.010551 0.307505
v -0.326890 0.005403 0.305943
v -0.337884 -0.026853 0.332340
v -0.332340 -0.027500 0.332340
v -0.332340 -0.027500 0.332340
v -0.312952 -0.019388 0.332340
v -0.316932 -0.022680 0.332340
v -0.321582 -0.025221 0.332340
v -0.326797 -0.026853 0.332340
v -0.332340 -0.027500 0.332340
v -0.332340 -0.027500 0.332340
v -0.332340 -0.027500 0.332340
v -0.337884 -0.026853 0.332340
v -0.332340 0.027500 0.332340
v -0.332340 0.027500 0.332340
v -0.332340 0.027500 0.332340
v -0.332340 0.027500 0.332340
v -0.312887 0.019403 0.332340
v -0.316877 0.022707 0.332340
v -0.321545 0.025251 0.332340
v -0.326778 0.026887 0.332340
v -0.332340 0.027500 0.332340
v -0.348171 -0.015830 0.316510
v -0.349330 -0.016990 0.319130
v -0.350564 -0.018224 0.322982
v -0.351424 -0.019083 0.327497
v -0.351729 -0.019388 0.332340
v -0.349330 -0.016990 0.345551
v -0.348171 -0.015830 0.348171
v -0.350564 -0.018224 0.341698
v -0.351424 -0.019083 0.337184
v -0.348226 0.015835 0.348226
v -0.349388 0.017000 0.345590
v -0.350626 0.018236 0.341729
v -0.351487 0.019097 0.337200
v -0.351793 0.019403 0.332340
v -0.349388 0.017000 0.319090
v -0.348226 0.015835 0.316454
v -0.350626 0.018236 0.322951
v -0.351487 0.019097 0.327481
v -0.348171 -0.015830 0.348171
v -0.349330 -0.013211 0.349330
v -0.345551 -0.016990 0.349330
v -0.341698 -0.018224 0.350564
v -0.337184 -0.019083 0.351424
v -0.332340 -0.019388 0.351729
v -0.350564 -0.009358 0.350564
v -0.351424 -0.004843 0.351424
v -0.351786 0.000000 0.351786
v -0.319130 -0.016990 0.349330
v -0.316510 -0.015830 0.348171
v -0.322982 -0.018224 0.350564
v -0.327497 -0.019083 0.351424
v -0.316454 0.015835 0.348226
v -0.319090 0.017000 0.349388
v -0.322951 0.018236 0.350626
v -0.327481 0.019097 0.351487
v -0.332340 0.019403 0.351793
v -0.345590 0.017000 0.349388
v -0.349388 0.013210 0.349388
v -0.348226 0.015835 0.348226
v -0.350626 0.009344 0.350626
v -0.351487 0.004813 0.351487
v -0.341729 0.018236 0.350626
v -0.337200 0.019097 0.351487
v -0.316510 -0.015830 0.348171
v -0.315351 -0.013211 0.349330
v -0.315351 -0.016990 0.345551
v -0.314116 -0.018224 0.341698
v -0.313257 -0.019083 0.337184
v -0.312952 -0.019388 0.332340
v -0.314116 -0.009358 0.350564
v -0.313257 -0.004843 0.351424
v -0.312895 0.000000 0.351786
v -0.315351 -0.016990 0.319130
v -0.316510 -0.015830 0.316510
v -0.314116 -0.018224 0.322982
v -0.313257 -0.019083 0.327497
v -0.312952 -0.019388 0.332340
v -0.309660 -0.015409 0.332340
v -0.307120 -0.010758 0.332340
v -0.305487 -0.005544 0.332340
v -0.304840 0.000000 0.332340
v -0.316454 0.015835 0.316454
v -0.315293 0.017000 0.319090
v -0.314054 0.018236 0.322951
v -0.313193 0.019097 0.327481
v -0.312887 0.019403 0.332340
v -0.315293 0.017000 0.345590
v -0.315293 0.013210 0.349388
v -0.316454 0.015835 0.348226
v -0.314054 0.009344 0.350626
v -0.313193 0.004813 0.351487
v -0.314054 0.018236 0.341729
v -0.313193 0.019097 0.337200
v -0.312887 0.019403 0.332340
v -0.309584 0.015412 0.332340
v -0.307049 0.010750 0.332340
v -0.305409 0.005516 0.332340
v -0.316510 -0.015830 0.316510
v -0.315351 -0.013211 0.315351
v -0.319130 -0.016990 0.315351
v -0.322982 -0.018224 0.314116
v -0.327497 -0.019083 0.313257
v -0.332340 -0.019388 0.312952
v -0.314116 -0.009358 0.314116
v -0.313257 -0.004843 0.313257
v -0.312887 -0.000049 0.312887
v -0.345551 -0.016990 0.315351
v -0.349330 -0.013211 0.315351
v -0.348171 -0.015830 0.316510
v -0.350564 -0.009358 0.314116
v -0.351424 -0.004843 0.313257
v -0.351793 -0.000049 0.312887
v -0.341698 -0.018224 0.314116
v -0.337184 -0.019083 0.313257
v -0.348226 0.015835 0.316454
v -0.349388 0.013210 0.315293
v -0.345590 0.017000 0.315293
v -0.341729 0.018236 0.314054
v -0.337200 0.019097 0.313193
v -0.332340 0.019403 0.312887
v -0.350626 0.009344 0.314054
v -0.351487 0.004813 0.313193
v -0.319090 0.017000 0.315293
v -0.315293 0.013210 0.315293
v -0.316454 0.015835 0.316454
v -0.314054 0.009344 0.314054
v -0.313193 0.004813 0.313193
v -0.322951 0.018236 0.314054
v -0.327481 0.019097 0.313193
vn -0.577350 -0.577350 -0.577350
vn -0.577350 -0.577350 0.577350
vn 0.577350 -0.577350 -0.577350
vn 0.577350 -0.577350 0.577350
vn -0.577053 0.577944 -0.577053
vn -0.577053 0.577944 0.577053
vn 0.577053 0.577944 -0.577053
vn 0.577053 0.577944 0.577053
vn 0.000000 -1.000000 0.000000
vn 0.000000 1.000000 0.000000
vn -0.999975 -0.007027 -0.000914
vn 0.000000 -0.006784 0.999977
vn 0.999975 -0.007028 -0.000914
vn 0.000000 -0.007271 -0.999974
vn 0.000000 -0.707107 -0.707107
vn 0.707107 -0.707107 0.000000
vn 0.000000 -0.707107 0.707107
vn -0.707107 -0.707107 0.000000
vn -0.707206 0.707008 0.000000
vn 0.000000 0.707008 0.707206
vn 0.707206 0.707008 0.000000
vn 0.000000 0.707008 -0.707206
vn -0.707078 -0.009016 0.707078
vn -0.707072 -0.009977 -0.707072
vn 0.707078 -0.009016 0.707078
vn 0.707072 -0.009977 -0.707072
vn -0.480539 -0.620114 -0.620114
vn -0.341098 -0.664700 -0.664700
vn -0.176933 -0.695951 -0.695951
vn 0.480540 -0.620114 -0.620113
vn 0.341098 -0.664701 -0.664699
vn 0.176933 -0.695951 -0.695950
vn 0.620114 -0.620114 -0.480539
vn 0.664700 -0.664700 -0.341098
vn 0.695951 -0.695951 -0.176933
vn 0.620113 -0.620114 0.480540
vn 0.664699 -0.664701 0.341098
vn 0.695950 -0.695951 0.176933
vn 0.480539 -0.620114 0.620114
vn 0.341098 -0.664700 0.664700
vn 0.176933 -0.695951 0.695951
vn -0.480540 -0.620114 0.620113
vn -0.341098 -0.664701 0.664699
vn -0.176933 -0.695951 0.695951
vn -0.620114 -0.620114 0.480539
vn -0.664700 -0.664700 0.341098
vn -0.695951 -0.695951 0.176933
vn -0.620114 -0.620114 -0.480539
vn -0.664700 -0.664700 -0.341098
vn -0.695951 -0.695951 -0.176933
vn -0.619905 0.620459 -0.480362
vn -0.664596 0.664652 -0.341394
vn -0.696051 0.695869 -0.176858
vn -0.619905 0.620459 0.480362
vn -0.664595 0.664652 0.341395
vn -0.696051 0.695869 0.176858
vn -0.480362 0.620459 0.619905
vn -0.341395 0.664652 0.664595
vn -0.176858 0.695869 0.696051
vn 0.480362 0.620459 0.619905
vn 0.341395 0.664652 0.664595
vn 0.176858 0.695869 0.696051
vn 0.619905 0.620459 0.480362
vn 0.664595 0.664652 0.341395
vn 0.696051 0.695869 0.176858
vn 0.619905 0.620459 -0.480362
vn 0.664595 0.664652 -0.341395
vn 0.696051 0.695869 -0.176858
vn 0.480362 0.620459 -0.619905
vn 0.341394 0.664652 -0.664596
vn 0.176858 0.695869 -0.696051
vn -0.480362 0.620459 -0.619905
vn -0.341394 0.664652 -0.664596
vn -0.176858 0.695869 -0.696051
vn -0.620113 -0.480541 0.620113
vn -0.664700 -0.341099 0.664700
vn -0.695038 -0.183967 0.695038
vn -0.619981 0.480883 0.619980
vn -0.664625 0.341393 0.664623
vn -0.696185 0.175080 0.696185
vn -0.619981 0.480883 -0.619980
vn -0.664625 0.341393 -0.664623
vn -0.695964 0.176834 -0.695963
vn -0.620113 -0.480541 -0.620113
vn -0.664700 -0.341099 -0.664700
vn -0.694679 -0.186661 -0.694679
vn 0.620114 -0.480539 0.620114
vn 0.664700 -0.341098 0.664700
vn 0.695038 -0.183968 0.695038
vn 0.619980 0.480884 0.619980
vn 0.664624 0.341393 0.664624
vn 0.696185 0.175080 0.696185
vn 0.620114 -0.480539 -0.620114
vn 0.664700 -0.341098 -0.664700
vn 0.694679 -0.186662 -0.694679
vn 0.619980 0.480884 -0.619980
vn 0.664624 0.341393 -0.664624
vn 0.695963 0.176833 -0.695963
vn 0.000000 -0.828751 -0.559617
vn 0.000000 -0.921249 -0.388973
vn 0.000000 -0.979125 -0.203257
vn 0.559617 -0.828751 0.000000
vn 0.388973 -0.921249 0.000000
vn 0.203258 -0.979125 0.000000
vn 0.000000 -0.828751 0.559617
vn 0.000000 -0.921249 0.388973
vn 0.000000 -0.979125 0.203257
vn -0.559617 -0.828751 0.000000
vn -0.388973 -0.921249 0.000000
vn -0.203257 -0.979125 0.000000
vn -0.559402 0.828896 0.000000
vn -0.388341 0.921516 0.000000
vn -0.201446 0.979500 0.000000
vn 0.000000 0.828896 0.559402
vn 0.000000 0.921516 0.388341
vn 0.000000 0.979500 0.201446
vn 0.559402 0.828896 0.000000
vn 0.388341 0.921516 0.000000
vn 0.201446 0.979500 0.000000
vn 0.000000 0.828896 -0.559402
vn 0.000000 0.921516 -0.388341
vn 0.000000 0.979500 -0.201446
vn -0.828751 -0.559617 0.000000
vn -0.921249 -0.388973 0.000000
vn -0.978280 -0.207289 -0.000337
vn -0.830622 -0.008560 0.556771
vn -0.923028 -0.007570 0.384660
vn -0.980438 -0.006910 0.196709
vn -0.829181 0.558980 0.000000
vn -0.921612 0.388113 0.000000
vn -0.979703 0.200453 -0.000575
vn -0.829044 -0.009544 -0.559102
vn -0.921477 -0.008558 -0.388339
vn -0.979799 -0.007640 -0.199838
vn 0.000000 -0.559617 0.828751
vn 0.000000 -0.388973 0.921249
vn 0.000000 -0.207612 0.978211
vn 0.556771 -0.008560 0.830622
vn 0.384660 -0.007570 0.923028
vn 0.196709 -0.006910 0.980438
vn 0.000000 0.558980 0.829181
vn 0.000000 0.388113 0.921612
vn 0.000000 0.201010 0.979589
vn -0.556771 -0.008560 0.830622
vn -0.384660 -0.007570 0.923028
vn -0.196709 -0.006910 0.980438
vn 0.828751 -0.559617 0.000000
vn 0.921249 -0.388973 0.000000
vn 0.978280 -0.207288 -0.000337
vn 0.829044 -0.009544 -0.559102
vn 0.921477 -0.008558 -0.388339
vn 0.979799 -0.007640 -0.199838
vn 0.829181 0.558980 0.000000
vn 0.921612 0.388113 0.000000
vn 0.979703 0.200453 -0.000575
vn 0.830622 -0.008560 0.556771
vn 0.923028 -0.007570 0.384660
vn 0.980438 -0.006910 0.196709
vn 0.000000 -0.559617 -0.828751
vn 0.000000 -0.388973 -0.921249
vn 0.000000 -0.206966 -0.978348
vn -0.559102 -0.009544 -0.829044
vn -0.388339 -0.008558 -0.921477
vn -0.199838 -0.007640 -0.979799
vn 0.000000 0.558981 -0.829181
vn 0.000000 0.388113 -0.921612
vn 0.000000 0.199896 -0.979817
vn 0.559102 -0.009544 -0.829044
vn 0.388339 -0.008558 -0.921477
vn 0.199838 -0.007640 -0.979799
vn -0.496353 -0.712227 -0.496353
vn -0.349238 -0.774614 -0.527262
vn -0.180544 -0.814840 -0.550854
vn -0.527262 -0.774614 -0.349238
vn -0.367019 -0.854748 -0.367019
vn -0.188731 -0.904340 -0.382819
vn -0.550854 -0.814840 -0.180544
vn -0.382819 -0.904340 -0.188731
vn -0.198211 -0.959909 -0.198211
vn 0.496353 -0.712227 -0.496353
vn 0.527262 -0.774614 -0.349238
vn 0.550854 -0.814840 -0.180544
vn 0.349238 -0.774614 -0.527262
vn 0.367019 -0.854748 -0.367019
vn 0.382819 -0.904340 -0.188731
vn 0.180544 -0.814840 -0.550854
vn 0.188731 -0.904340 -0.382819
vn 0.198212 -0.959909 -0.198212
vn 0.496353 -0.712227 0.496353
vn 0.349238 -0.774614 0.527262
vn 0.180544 -0.814840 0.550854
vn 0.527262 -0.774614 0.349238
vn 0.367019 -0.854748 0.367019
vn 0.188731 -0.904340 0.382819
vn 0.550854 -0.814840 0.180544
vn 0.382819 -0.904340 0.188731
vn 0.198212 -0.959909 0.198212
vn -0.496353 -0.712227 0.496353
vn -0.527262 -0.774614 0.349238
vn -0.550854 -0.814840 0.180544
vn -0.349238 -0.774614 0.527262
vn -0.367019 -0.854748 0.367019
vn -0.382819 -0.904340 0.188731
vn -0.180544 -0.814840 0.550854
vn -0.188731 -0.904340 0.382819
vn -0.198211 -0.959909 0.198211
vn -0.496224 0.712407 -0.496224
vn -0.527125 0.774560 -0.349565
vn -0.550679 0.814974 -0.180470
vn -0.349565 0.774560 -0.527125
vn -0.366859 0.854886 -0.366859
vn -0.382253 0.904621 -0.188532
vn -0.180470 0.814974 -0.550679
vn -0.188532 0.904621 -0.382253
vn -0.197209 0.960322 -0.197209
vn -0.496224 0.712407 0.496224
vn -0.349565 0.774560 0.527125
vn -0.180470 0.814974 0.550679
vn -0.527125 0.774560 0.349565
vn -0.366859 0.854886 0.366859
vn -0.188532 0.904621 0.382253
vn -0.550679 0.814974 0.180470
vn -0.382253 0.904621 0.188532
vn -0.197209 0.960322 0.197209
vn 0.496224 0.712407 0.496224
vn 0.527125 0.774560 0.349565
vn 0.550679 0.814974 0.180470
vn 0.349565 0.774560 0.527125
vn 0.366859 0.854886 0.366859
vn 0.382253 0.904621 0.188532
vn 0.180470 0.814974 0.550679
vn 0.188532 0.904621 0.382253
vn 0.197209 0.960322 0.197209
vn 0.496224 0.712407 -0.496224
vn 0.349565 0.774560 -0.527125
vn 0.180470 0.814974 -0.550679
vn 0.527125 0.774560 -0.349565
vn 0.366859 0.854886 -0.366859
vn 0.188532 0.904621 -0.382253
vn 0.550679 0.814974 -0.180470
vn 0.382253 0.904621 -0.188532
vn 0.197209 0.960322 -0.197209
vn -0.712227 -0.496354 -0.496352
vn -0.774614 -0.527263 -0.349237
vn -0.814840 -0.550854 -0.180544
vn -0.774614 -0.349239 -0.527262
vn -0.854748 -0.367020 -0.367018
vn -0.904340 -0.382819 -0.188731
vn -0.813445 -0.189825 -0.549794
vn -0.902870 -0.197032 -0.382106
vn -0.959100 -0.204040 -0.196202
vn -0.712227 -0.496354 0.496352
vn -0.774614 -0.349239 0.527262
vn -0.814564 -0.187771 0.548843
vn -0.774614 -0.527263 0.349237
vn -0.854748 -0.367020 0.367018
vn -0.903776 -0.196343 0.380313
vn -0.814840 -0.550854 0.180544
vn -0.904340 -0.382819 0.188731
vn -0.959330 -0.204362 0.194739
vn -0.712537 0.496406 0.495855
vn -0.774906 0.526865 0.349191
vn -0.815263 0.550245 0.180492
vn -0.775027 0.349374 0.526566
vn -0.855252 0.366519 0.366343
vn -0.904724 0.381953 0.188647
vn -0.816335 0.179389 0.549015
vn -0.905539 0.188871 0.379903
vn -0.960723 0.197565 0.194883
vn -0.712537 0.496406 -0.495855
vn -0.775027 0.349374 -0.526566
vn -0.815389 0.180480 -0.550062
vn -0.774906 0.526865 -0.349191
vn -0.855252 0.366520 -0.366343
vn -0.904820 0.188590 -0.381752
vn -0.815263 0.550245 -0.180491
vn -0.904723 0.381953 -0.188647
vn -0.960587 0.196523 -0.196599
vn -0.496354 -0.496354 0.712226
vn -0.349237 -0.527263 0.774614
vn -0.180543 -0.550854 0.814840
vn -0.527263 -0.349238 0.774614
vn -0.367018 -0.367019 0.854748
vn -0.188731 -0.382819 0.904340
vn -0.548843 -0.187771 0.814564
vn -0.380313 -0.196343 0.903776
vn -0.194739 -0.204362 0.959330
vn 0.496353 -0.496353 0.712227
vn 0.527262 -0.349238 0.774614
vn 0.548843 -0.187772 0.814563
vn 0.349238 -0.527262 0.774615
vn 0.367019 -0.367020 0.854748
vn 0.380313 -0.196344 0.903776
vn 0.180543 -0.550854 0.814840
vn 0.188731 -0.382819 0.904340
vn 0.194739 -0.204362 0.959330
vn 0.495855 0.496407 0.712536
vn 0.349190 0.526866 0.774906
vn 0.180492 0.550245 0.815263
vn 0.526566 0.349374 0.775026
vn 0.366342 0.366520 0.855253
vn 0.188647 0.381953 0.904723
vn 0.549015 0.179389 0.816335
vn 0.379903 0.188871 0.905540
vn 0.194883 0.197565 0.960723
vn -0.495855 0.496407 0.712536
vn -0.526566 0.349374 0.775026
vn -0.549015 0.179389 0.816335
vn -0.349190 0.526866 0.774906
vn -0.366342 0.366520 0.855253
vn -0.379903 0.188871 0.905540
vn -0.180492 0.550245 0.815263
vn -0.188647 0.381953 0.904723
vn -0.194883 0.197565 0.960723
vn 0.712227 -0.496352 0.496354
vn 0.774614 -0.527262 0.349239
vn 0.814840 -0.550854 0.180543
vn 0.774614 -0.349237 0.527263
vn 0.854748 -0.367018 0.367020
vn 0.904340 -0.382818 0.188731
vn 0.814563 -0.187772 0.548843
vn 0.903776 -0.196344 0.380313
vn 0.959330 -0.204362 0.194738
vn 0.712227 -0.496353 -0.496353
vn 0.774614 -0.349238 -0.527262
vn 0.813445 -0.189826 -0.549794
vn 0.774614 -0.527262 -0.349238
vn 0.854748 -0.367019 -0.367019
vn 0.902870 -0.197032 -0.382106
vn 0.814840 -0.550854 -0.180544
vn 0.904340 -0.382819 -0.188731
vn 0.959100 -0.204040 -0.196202
vn 0.712536 0.496407 -0.495855
vn 0.774906 0.526866 -0.349190
vn 0.815263 0.550245 -0.180492
vn 0.775026 0.349374 -0.526566
vn 0.855253 0.366520 -0.366342
vn 0.904723 0.381953 -0.188647
vn 0.815389 0.180479 -0.550062
vn 0.904820 0.188590 -0.381751
vn 0.960587 0.196523 -0.196600
vn 0.712536 0.496407 0.495855
vn 0.775026 0.349374 0.526566
vn 0.816335 0.179389 0.549015
vn 0.774906 0.526866 0.349190
vn 0.855253 0.366520 0.366342
vn 0.905540 0.188871 0.379903
vn 0.815263 0.550245 0.180492
vn 0.904723 0.381953 0.188647
vn 0.960723 0.197565 0.194883
vn 0.496354 -0.496352 -0.712227
vn 0.349239 -0.527262 -0.774614
vn 0.180543 -0.550854 -0.814840
vn 0.527263 -0.349237 -0.774614
vn 0.367020 -0.367018 -0.854748
vn 0.188731 -0.382819 -0.904340
vn 0.549794 -0.189826 -0.813445
vn 0.382106 -0.197032 -0.902870
vn 0.196202 -0.204040 -0.959100
vn -0.496352 -0.496354 -0.712227
vn -0.527262 -0.349239 -0.774614
vn -0.549794 -0.189825 -0.813445
vn -0.349237 -0.527263 -0.774614
vn -0.367018 -0.367020 -0.854748
vn -0.382106 -0.197032 -0.902870
vn -0.180544 -0.550854 -0.814840
vn -0.188731 -0.382819 -0.904340
vn -0.196202 -0.204040 -0.959100
vn -0.495855 0.496407 -0.712536
vn -0.349190 0.526866 -0.774906
vn -0.180491 0.550245 -0.815263
vn -0.526566 0.349374 -0.775026
vn -0.366341 0.366520 -0.855253
vn -0.188647 0.381953 -0.904723
vn -0.550062 0.180479 -0.815389
vn -0.381751 0.188590 -0.904820
vn -0.196600 0.196523 -0.960587
vn 0.495855 0.496407 -0.712536
vn 0.526566 0.349374 -0.775026
vn 0.550062 0.180479 -0.815389
vn 0.349190 0.526866 -0.774906
vn 0.366341 0.366520 -0.855253
vn 0.381751 0.188590 -0.904820
vn 0.180491 0.550245 -0.815263
vn 0.188647 0.381953 -0.904723
vn 0.196600 0.196523 -0.960587
vn -0.203257 -0.979125 0.000000
vn 0.000000 -1.000000 0.000000
vn 0.000000 -1.000000 0.000000
vn 0.707107 -0.707107 0.000000
vn 0.559617 -0.828751 0.000000
vn 0.388973 -0.921249 0.000000
vn 0.203258 -0.979125 0.000000
vn 0.000000 -1.000000 0.000000
vn 0.000000 -1.000000 0.000000
vn 0.000000 -1.000000 0.000000
vn -0.203257 -0.979125 0.000000
vn 0.000000 1.000000 0.000000
vn 0.000000 1.000000 0.000000
vn 0.000000 1.000000 0.000000
vn 0.000000 1.000000 0.000000
vn 0.707206 0.707008 0.000000
vn 0.559402 0.828896 0.000000
vn 0.388341 0.921516 0.000000
vn 0.201446 0.979500 0.000000
vn 0.000000 1.000000 0.000000
vn -0.577350 -0.577350 -0.577350
vn -0.620114 -0.620114 -0.480539
vn -0.664700 -0.664700 -0.341098
vn -0.695951 -0.695951 -0.176933
vn -0.707107 -0.707107 0.000000
vn -0.620114 -0.620114 0.480539
vn -0.577350 -0.577350 0.577350
vn -0.664700 -0.664700 0.341098
vn -0.695951 -0.695951 0.176933
vn -0.577053 0.577944 0.577053
vn -0.619905 0.620459 0.480362
vn -0.664595 0.664652 0.341395
vn -0.696051 0.695869 0.176858
vn -0.707206 0.707008 0.000000
vn -0.619905 0.620459 -0.480362
vn -0.577053 0.577944 -0.577053
vn -0.664596 0.664652 -0.341394
vn -0.696051 0.695869 -0.176858
vn -0.577350 -0.577350 0.577350
vn -0.620113 -0.480541 0.620113
vn -0.480540 -0.620114 0.620113
vn -0.341098 -0.664701 0.664699
vn -0.176933 -0.695951 0.695951
vn 0.000000 -0.707107 0.707107
vn -0.664700 -0.341099 0.664700
vn -0.695038 -0.183967 0.695038
vn -0.707078 -0.009016 0.707078
vn 0.480539 -0.620114 0.620114
vn 0.577350 -0.577350 0.577350
vn 0.341098 -0.664700 0.664700
vn 0.176933 -0.695951 0.695951
vn 0.577053 0.577944 0.577053
vn 0.480362 0.620459 0.619905
vn 0.341395 0.664652 0.664595
vn 0.176858 0.695869 0.696051
vn 0.000000 0.707008 0.707206
vn -0.480362 0.620459 0.619905
vn -0.619981 0.480883 0.619980
vn -0.577053 0.577944 0.577053
vn -0.664625 0.341393 0.664623
vn -0.696185 0.175080 0.696185
vn -0.341395 0.664652 0.664595
vn -0.176858 0.695869 0.696051
vn 0.577350 -0.577350 0.577350
vn 0.620114 -0.480539 0.620114
vn 0.620113 -0.620114 0.480540
vn 0.664699 -0.664701 0.341098
vn 0.695950 -0.695951 0.176933
vn 0.707107 -0.707107 0.000000
vn 0.664700 -0.341098 0.664700
vn 0.695038 -0.183968 0.695038
vn 0.707078 -0.009016 0.707078
vn 0.620114 -0.620114 -0.480539
vn 0.577350 -0.577350 -0.577350
vn 0.664700 -0.664700 -0.341098
vn 0.695951 -0.695951 -0.176933
vn 0.707107 -0.707107 0.000000
vn 0.828751 -0.559617 0.000000
vn 0.921249 -0.388973 0.000000
vn 0.978280 -0.207288 -0.000337
vn 0.999975 -0.007028 -0.000914
vn 0.577053 0.577944 -0.577053
vn 0.619905 0.620459 -0.480362
vn 0.664595 0.664652 -0.341395
vn 0.696051 0.695869 -0.176858
vn 0.707206 0.707008 0.000000
vn 0.619905 0.620459 0.480362
vn 0.619980 0.480884 0.619980
vn 0.577053 0.577944 0.577053
vn 0.664624 0.341393 0.664624
vn 0.696185 0.175080 0.696185
vn 0.664595 0.664652 0.341395
vn 0.696051 0.695869 0.176858
vn 0.707206 0.707008 0.000000
vn 0.829181 0.558980 0.000000
vn 0.921612 0.388113 0.000000
vn 0.979703 0.200453 -0.000575
vn 0.577350 -0.577350 -0.577350
vn 0.620114 -0.480539 -0.620114
vn 0.480540 -0.620114 -0.620113
vn 0.341098 -0.664701 -0.664699
vn 0.176933 -0.695951 -0.695950
vn 0.000000 -0.707107 -0.707107
vn 0.664700 -0.341098 -0.664700
vn 0.694679 -0.186662 -0.694679
vn 0.707072 -0.009977 -0.707072
vn -0.480539 -0.620114 -0.620114
vn -0.620113 -0.480541 -0.620113
vn -0.577350 -0.577350 -0.577350
vn -0.664700 -0.341099 -0.664700
vn -0.694679 -0.186661 -0.694679
vn -0.707072 -0.009977 -0.707072
vn -0.341098 -0.664700 -0.664700
vn -0.176933 -0.695951 -0.695951
vn -0.577053 0.577944 -0.577053
vn -0.619981 0.480883 -0.619980
vn -0.480362 0.620459 -0.619905
vn -0.341394 0.664652 -0.664596
vn -0.176858 0.695869 -0.696051
vn 0.000000 0.707008 -0.707206
vn -0.664625 0.341393 -0.664623
vn -0.695964 0.176834 -0.695963
vn 0.480362 0.620459 -0.619905
vn 0.619980 0.480884 -0.619980
vn 0.577053 0.577944 -0.577053
vn 0.664624 0.341393 -0.664624
vn 0.695963 0.176833 -0.695963
vn 0.341394 0.664652 -0.664596
vn 0.176858 0.695869 -0.696051
vt 0.373799 0.318191
vt 0.623613 0.318191
vt 0.123986 0.318191
vt 0.873427 0.318191
vt 0.373799 0.683609
vt 0.623613 0.683609
vt 0.123986 0.683609
vt 0.873427 0.683609
vt 0.373458 0.021756
vt 0.384783 0.971765
vt 0.498706 0.500900
vt 0.748520 0.500900
vt 0.998334 0.500900
vt 0.248892 0.500900
vt 0.248892 0.277129
vt -0.000921 0.277129
vt 0.748520 0.277129
vt 0.498706 0.277129
vt 0.498706 0.724672
vt 0.748520 0.724672
vt 0.998334 0.724672
vt 0.248892 0.724672
vt 0.623613 0.500900
vt 0.373799 0.500900
vt 0.873427 0.500900
vt 0.123986 0.500900
vt 0.354002 0.304814
vt 0.324335 0.290564
vt 0.288421 0.280647
vt 0.143782 0.304814
vt 0.173450 0.290564
vt 0.209364 0.280647
vt 0.104189 0.304814
vt 0.074521 0.290564
vt 0.038607 0.280647
vt 0.893224 0.304814
vt 0.922891 0.290564
vt 0.958805 0.280647
vt 0.853630 0.304814
vt 0.823963 0.290564
vt 0.788048 0.280647
vt 0.643410 0.304814
vt 0.673077 0.290564
vt 0.708991 0.280647
vt 0.603816 0.304814
vt 0.574149 0.290564
vt 0.538235 0.280647
vt 0.393596 0.304814
vt 0.423264 0.290564
vt 0.459178 0.280647
vt 0.393596 0.696987
vt 0.423264 0.711237
vt 0.459178 0.721153
vt 0.603816 0.696987
vt 0.574149 0.711237
vt 0.538235 0.721153
vt 0.643410 0.696987
vt 0.673077 0.711237
vt 0.708991 0.721153
vt 0.853630 0.696987
vt 0.823963 0.711237
vt 0.788048 0.721153
vt 0.893224 0.696987
vt 0.922891 0.711237
vt 0.958805 0.721153
vt 0.104189 0.696987
vt 0.074521 0.711237
vt 0.038607 0.721153
vt 0.143782 0.696987
vt 0.173450 0.711237
vt 0.209364 0.721153
vt 0.354002 0.696987
vt 0.324335 0.711237
vt 0.288421 0.721153
vt 0.623613 0.348428
vt 0.623613 0.392897
vt 0.623613 0.445000
vt 0.623613 0.653373
vt 0.623613 0.608904
vt 0.623613 0.556800
vt 0.373799 0.653373
vt 0.373799 0.608904
vt 0.373799 0.556800
vt 0.373799 0.348428
vt 0.373799 0.392897
vt 0.373799 0.445000
vt 0.873427 0.348428
vt 0.873427 0.392897
vt 0.873427 0.445000
vt 0.873427 0.653373
vt 0.873427 0.608904
vt 0.873427 0.556800
vt 0.123986 0.348428
vt 0.123986 0.392897
vt 0.123986 0.445000
vt 0.123986 0.653373
vt 0.123986 0.608904
vt 0.123986 0.556800
vt 0.248892 0.233575
vt 0.248892 0.174340
vt 0.248892 0.102047
vt -0.000921 0.233575
vt -0.000921 0.173344
vt -0.000921 0.111119
vt 0.748520 0.233575
vt 0.748520 0.174340
vt 0.748520 0.104690
vt 0.498706 0.233575
vt 0.498706 0.169569
vt 0.498706 0.097569
vt 0.498706 0.762664
vt 0.498706 0.816243
vt 0.498706 0.902040
vt 0.748520 0.762664
vt 0.748520 0.816243
vt 0.748657 0.901957
vt 0.998334 0.762664
vt 0.998334 0.816243
vt 0.997860 0.899095
vt 0.248892 0.762664
vt 0.248892 0.816243
vt 0.248892 0.902040
vt 0.498706 0.323059
vt 0.498706 0.376732
vt 0.498706 0.436917
vt 0.593613 0.500900
vt 0.562830 0.500900
vt 0.531084 0.500900
vt 0.498706 0.678741
vt 0.498706 0.625069
vt 0.498706 0.564884
vt 0.403799 0.500900
vt 0.434582 0.500900
vt 0.466328 0.500900
vt 0.748520 0.323059
vt 0.748520 0.376732
vt 0.748520 0.436917
vt 0.843427 0.500900
vt 0.812644 0.500900
vt 0.780898 0.500900
vt 0.748520 0.678741
vt 0.748520 0.625069
vt 0.748520 0.564884
vt 0.653613 0.500900
vt 0.684396 0.500900
vt 0.716142 0.500900
vt 0.998334 0.323059
vt 0.998334 0.376732
vt 0.998334 0.436917
vt 0.093986 0.500900
vt 0.063202 0.500900
vt 0.031457 0.500900
vt -0.000921 0.678741
vt -0.000921 0.625069
vt -0.000921 0.564884
vt 0.903427 0.500900
vt 0.934210 0.500900
vt 0.965956 0.500900
vt 0.248892 0.323059
vt 0.248892 0.376732
vt 0.248892 0.436917
vt 0.343800 0.500900
vt 0.313016 0.500900
vt 0.281270 0.500900
vt 0.248892 0.678741
vt 0.248892 0.625069
vt 0.248892 0.564884
vt 0.153985 0.500900
vt 0.184769 0.500900
vt 0.216515 0.500900
vt 0.373799 0.283400
vt 0.342019 0.250794
vt 0.299219 0.237880
vt 0.405580 0.250794
vt 0.373799 0.214219
vt 0.321637 0.185627
vt 0.448379 0.237880
vt 0.425961 0.175268
vt 0.372580 0.133626
vt 0.123986 0.283400
vt 0.092205 0.250794
vt 0.049406 0.237880
vt 0.155766 0.250794
vt 0.123986 0.209653
vt 0.071823 0.185920
vt 0.198565 0.237880
vt 0.176148 0.184810
vt 0.125205 0.142172
vt 0.873427 0.283400
vt 0.841646 0.250794
vt 0.798847 0.237880
vt 0.905208 0.250794
vt 0.873427 0.209653
vt 0.821265 0.181853
vt 0.948007 0.237880
vt 0.925589 0.185920
vt 0.881960 0.139528
vt 0.623613 0.283400
vt 0.591833 0.250794
vt 0.549033 0.237880
vt 0.655394 0.250794
vt 0.623613 0.214219
vt 0.571451 0.180770
vt 0.698193 0.237880
vt 0.675775 0.183082
vt 0.615080 0.132108
vt 0.373799 0.725353
vt 0.405580 0.745444
vt 0.448379 0.758358
vt 0.342019 0.745444
vt 0.373799 0.770862
vt 0.425961 0.810544
vt 0.299219 0.758358
vt 0.321637 0.810544
vt 0.373799 0.870621
vt 0.623613 0.725353
vt 0.655394 0.745444
vt 0.698193 0.758358
vt 0.591833 0.745444
vt 0.623613 0.770862
vt 0.675775 0.810544
vt 0.549033 0.758358
vt 0.571451 0.810544
vt 0.623613 0.870621
vt 0.873427 0.725353
vt 0.905208 0.745444
vt 0.948007 0.758358
vt 0.841646 0.745444
vt 0.873427 0.770862
vt 0.925589 0.810544
vt 0.798847 0.758358
vt 0.821265 0.810544
vt 0.873427 0.876644
vt 0.123986 0.725353
vt 0.155766 0.745444
vt 0.198565 0.758358
vt 0.092205 0.745444
vt 0.123986 0.770862
vt 0.176148 0.810544
vt 0.049406 0.758358
vt 0.071823 0.810544
vt 0.123986 0.870621
vt 0.401279 0.343153
vt 0.430935 0.333502
vt 0.463899 0.326019
vt 0.403241 0.389889
vt 0.433784 0.384136
vt 0.465803 0.379021
vt 0.403814 0.443635
vt 0.434603 0.440908
vt 0.466343 0.438214
vt 0.596133 0.343153
vt 0.594171 0.389889
vt 0.593599 0.443635
vt 0.566477 0.333502
vt 0.563629 0.384136
vt 0.562809 0.440908
vt 0.533514 0.326019
vt 0.531610 0.379021
vt 0.531069 0.438214
vt 0.596133 0.658648
vt 0.566477 0.668299
vt 0.533514 0.675782
vt 0.594171 0.611911
vt 0.563629 0.617665
vt 0.531610 0.622780
vt 0.593599 0.558166
vt 0.562809 0.560893
vt 0.531069 0.563587
vt 0.401279 0.658648
vt 0.403241 0.611911
vt 0.403814 0.558166
vt 0.430935 0.668299
vt 0.433784 0.617665
vt 0.434603 0.560893
vt 0.463899 0.675782
vt 0.465803 0.622780
vt 0.466343 0.563587
vt 0.651093 0.343153
vt 0.680749 0.333502
vt 0.713713 0.326019
vt 0.653055 0.389889
vt 0.683597 0.384136
vt 0.715617 0.379021
vt 0.653627 0.443635
vt 0.684417 0.440908
vt 0.716157 0.438214
vt 0.845947 0.343153
vt 0.843985 0.389889
vt 0.843413 0.443635
vt 0.816291 0.333502
vt 0.813443 0.384136
vt 0.812623 0.440908
vt 0.783327 0.326019
vt 0.781423 0.379021
vt 0.780883 0.438214
vt 0.845947 0.658648
vt 0.816291 0.668299
vt 0.783327 0.675782
vt 0.843985 0.611911
vt 0.813443 0.617665
vt 0.781423 0.622780
vt 0.843413 0.558166
vt 0.812623 0.560893
vt 0.780883 0.563587
vt 0.651093 0.658648
vt 0.653055 0.611911
vt 0.653627 0.558166
vt 0.680749 0.668299
vt 0.683597 0.617665
vt 0.684417 0.560893
vt 0.713713 0.675782
vt 0.715617 0.622780
vt 0.716157 0.563587
vt 0.900906 0.343153
vt 0.930563 0.333502
vt 0.963526 0.326019
vt 0.902869 0.389889
vt 0.933411 0.384136
vt 0.965431 0.379021
vt 0.903441 0.443635
vt 0.934231 0.440908
vt 0.965971 0.438214
vt 0.096506 0.343153
vt 0.094543 0.389889
vt 0.093971 0.443635
vt 0.066850 0.333502
vt 0.064001 0.384136
vt 0.063182 0.440908
vt 0.033886 0.326019
vt 0.031982 0.379021
vt 0.031441 0.438214
vt 0.096506 0.658648
vt 0.066850 0.668299
vt 0.033886 0.675782
vt 0.094543 0.611911
vt 0.064001 0.617665
vt 0.031982 0.622780
vt 0.093971 0.558166
vt 0.063182 0.560893
vt 0.031441 0.563587
vt 0.900906 0.658648
vt 0.902869 0.611911
vt 0.903441 0.558166
vt 0.930563 0.668299
vt 0.933411 0.617665
vt 0.934231 0.560893
vt 0.963526 0.675782
vt 0.965431 0.622780
vt 0.965971 0.563587
vt 0.151465 0.343153
vt 0.181122 0.333502
vt 0.214085 0.326019
vt 0.153428 0.389889
vt 0.183970 0.384136
vt 0.215989 0.379021
vt 0.154000 0.443635
vt 0.184789 0.440908
vt 0.216530 0.438214
vt 0.346320 0.343153
vt 0.344357 0.389889
vt 0.343785 0.443635
vt 0.316663 0.333502
vt 0.313815 0.384136
vt 0.312995 0.440908
vt 0.283700 0.326019
vt 0.281796 0.379021
vt 0.281255 0.438214
vt 0.346320 0.658648
vt 0.316663 0.668299
vt 0.283700 0.675782
vt 0.344357 0.611911
vt 0.313815 0.617665
vt 0.281796 0.622780
vt 0.343785 0.558166
vt 0.312995 0.560893
vt 0.281255 0.563587
vt 0.151465 0.658648
vt 0.153428 0.611911
vt 0.154000 0.558166
vt 0.181122 0.668299
vt 0.183970 0.617665
vt 0.184789 0.560893
vt 0.214085 0.675782
vt 0.215989 0.622780
vt 0.216530 0.563587
vt 0.498706 0.097569
vt 0.373458 0.021756
vt 0.119418 0.021756
vt 0.998334 0.277129
vt 0.998334 0.233575
vt 0.998334 0.173344
vt 0.998334 0.103510
vt 0.873917 0.020380
vt 0.873917 0.020380
vt 0.622417 0.017629
vt 0.498706 0.097569
vt 0.384783 0.971765
vt 0.619770 0.975891
vt 0.875080 0.973140
vt 0.875080 0.973140
vt -0.000921 0.724672
vt -0.000921 0.762664
vt -0.000921 0.816243
vt -0.000921 0.902040
vt 0.129473 0.971765
vt 0.373799 0.318191
vt 0.393596 0.304814
vt 0.423264 0.290564
vt 0.459178 0.280647
vt 0.498706 0.277129
vt 0.603816 0.304814
vt 0.623613 0.318191
vt 0.574149 0.290564
vt 0.538235 0.280647
vt 0.623613 0.683609
vt 0.603816 0.696987
vt 0.574149 0.711237
vt 0.538235 0.721153
vt 0.498706 0.724672
vt 0.393596 0.696987
vt 0.373799 0.683609
vt 0.423264 0.711237
vt 0.459178 0.721153
vt 0.623613 0.318191
vt 0.623613 0.348428
vt 0.643410 0.304814
vt 0.673077 0.290564
vt 0.708991 0.280647
vt 0.748520 0.277129
vt 0.623613 0.392897
vt 0.623613 0.445000
vt 0.623613 0.500900
vt 0.853630 0.304814
vt 0.873427 0.318191
vt 0.823963 0.290564
vt 0.788048 0.280647
vt 0.873427 0.683609
vt 0.853630 0.696987
vt 0.823963 0.711237
vt 0.788048 0.721153
vt 0.748520 0.724672
vt 0.643410 0.696987
vt 0.623613 0.653373
vt 0.623613 0.683609
vt 0.623613 0.608904
vt 0.623613 0.556800
vt 0.673077 0.711237
vt 0.708991 0.721153
vt 0.873427 0.318191
vt 0.873427 0.348428
vt 0.893224 0.304814
vt 0.922891 0.290564
vt 0.958805 0.280647
vt 0.998334 0.277129
vt 0.873427 0.392897
vt 0.873427 0.445000
vt 0.873427 0.500900
vt 0.104189 0.304814
vt 0.123986 0.318191
vt 0.074521 0.290564
vt 0.038607 0.280647
vt -0.000921 0.277129
vt -0.000921 0.323059
vt -0.000921 0.376732
vt -0.000921 0.436917
vt -0.000921 0.500900
vt 0.123986 0.683609
vt 0.104189 0.696987
vt 0.074521 0.711237
vt 0.038607 0.721153
vt -0.000921 0.724672
vt 0.893224 0.696987
vt 0.873427 0.653373
vt 0.873427 0.683609
vt 0.873427 0.608904
vt 0.873427 0.556800
vt 0.922891 0.711237
vt 0.958805 0.721153
vt 0.998334 0.724672
vt 0.998334 0.678741
vt 0.998334 0.625069
vt 0.998334 0.564884
vt 0.123986 0.318191
vt 0.123986 0.348428
vt 0.143782 0.304814
vt 0.173450 0.290564
vt 0.209364 0.280647
vt 0.248892 0.277129
vt 0.123986 0.392897
vt 0.123986 0.445000
vt 0.123986 0.500900
vt 0.354002 0.304814
vt 0.373799 0.348428
vt 0.373799 0.318191
vt 0.373799 0.392897
vt 0.373799 0.445000
vt 0.373799 0.500900
vt 0.324335 0.290564
vt 0.288421 0.280647
vt 0.373799 0.683609
vt 0.373799 0.653373
vt 0.354002 0.696987
vt 0.324335 0.711237
vt 0.288421 0.721153
vt 0.248892 0.724672
vt 0.373799 0.608904
vt 0.373799 0.556800
vt 0.143782 0.696987
vt 0.123986 0.653373
vt 0.123986 0.683609
vt 0.123986 0.608904
vt 0.123986 0.556800
vt 0.173450 0.711237
vt 0.209364 0.721153
f 1229/1229/1229 1230/1230/1230 1438/1438/1438
f 1226/1226/1226 1230/1230/1230 1229/1229/1229
f 1225/1225/1225 1226/1226/1226 1229/1229/1229
f 1225/1225/1225 1229/1229/1229 1228/1228/1228
f 1228/1228/1228 1229/1229/1229 1160/1160/1160
f 1229/1229/1229 1161/1161/1161 1160/1160/1160
f 1230/1230/1230 1060/1060/1060 1161/1161/1161
f 1257/1257/1257 1160/1160/1160 1161/1161/1161
f 1226/1226/1226 1227/1227/1227 1230/1230/1230
f 1227/1227/1227 1152/1152/1152 1230/1230/1230
f 1230/1230/1230 1152/1152/1152 1439/1439/1439
f 1222/1222/1222 1226/1226/1226 1225/1225/1225
f 1223/1223/1223 1227/1227/1227 1226/1226/1226
f 1222/1222/1222 1223/1223/1223 1226/1226/1226
f 1100/1100/1100 1225/1225/1225 1228/1228/1228
f 1099/1099/1099 1225/1225/1225 1100/1100/1100
f 1099/1099/1099 1222/1222/1222 1225/1225/1225
f 1052/1052/1052 1222/1222/1222 1099/1099/1099
f 1052/1052/1052 1078/1078/1078 1222/1222/1222
f 1078/1078/1078 1223/1223/1223 1222/1222/1222
f 1100/1100/1100 1228/1228/1228 1101/1101/1101
f 1078/1078/1078 1079/1079/1079 1223/1223/1223
f 1101/1101/1101 1228/1228/1228 1159/1159/1159
f 1101/1101/1101 1159/1159/1159 1069/1069/1069
f 1228/1228/1228 1160/1160/1160 1159/1159/1159
f 1079/1079/1079 1224/1224/1224 1223/1223/1223
f 1223/1223/1223 1224/1224/1224 1227/1227/1227
f 1079/1079/1079 1080/1080/1080 1224/1224/1224
f 1251/1251/1251 1069/1069/1069 1159/1159/1159
f 1251/1251/1251 1098/1098/1098 1069/1069/1069
f 1254/1254/1254 1159/1159/1159 1160/1160/1160
f 1254/1254/1254 1251/1251/1251 1159/1159/1159
f 1257/1257/1257 1254/1254/1254 1160/1160/1160
f 1224/1224/1224 1151/1151/1151 1227/1227/1227
f 1227/1227/1227 1151/1151/1151 1152/1152/1152
f 1080/1080/1080 1150/1150/1150 1224/1224/1224
f 1224/1224/1224 1150/1150/1150 1151/1151/1151
f 1080/1080/1080 1066/1066/1066 1150/1150/1150
f 1250/1250/1250 1098/1098/1098 1251/1251/1251
f 1250/1250/1250 1097/1097/1097 1098/1098/1098
f 1253/1253/1253 1251/1251/1251 1254/1254/1254
f 1253/1253/1253 1250/1250/1250 1251/1251/1251
f 1066/1066/1066 1237/1237/1237 1150/1150/1150
f 1066/1066/1066 1083/1083/1083 1237/1237/1237
f 1150/1150/1150 1238/1238/1238 1151/1151/1151
f 1150/1150/1150 1237/1237/1237 1238/1238/1238
f 1151/1151/1151 1239/1239/1239 1152/1152/1152
f 1151/1151/1151 1238/1238/1238 1239/1239/1239
f 1249/1249/1249 1097/1097/1097 1250/1250/1250
f 1249/1249/1249 1096/1096/1096 1097/1097/1097
f 1083/1083/1083 1234/1234/1234 1237/1237/1237
f 1083/1083/1083 1082/1082/1082 1234/1234/1234
f 1152/1152/1152 1239/1239/1239 1155/1155/1155
f 1152/1152/1152 1155/1155/1155 1440/1440/1440
f 1239/1239/1239 1154/1154/1154 1155/1155/1155
f 1239/1239/1239 1236/1236/1236 1154/1154/1154
f 1238/1238/1238 1236/1236/1236 1239/1239/1239
f 1236/1236/1236 1153/1153/1153 1154/1154/1154
f 1237/1237/1237 1235/1235/1235 1238/1238/1238
f 1238/1238/1238 1235/1235/1235 1236/1236/1236
f 1237/1237/1237 1234/1234/1234 1235/1235/1235
f 1236/1236/1236 1233/1233/1233 1153/1153/1153
f 1235/1235/1235 1233/1233/1233 1236/1236/1236
f 1233/1233/1233 1067/1067/1067 1153/1153/1153
f 1233/1233/1233 1086/1086/1086 1067/1067/1067
f 1235/1235/1235 1232/1232/1232 1233/1233/1233
f 1232/1232/1232 1086/1086/1086 1233/1233/1233
f 1234/1234/1234 1232/1232/1232 1235/1235/1235
f 1232/1232/1232 1085/1085/1085 1086/1086/1086
f 1234/1234/1234 1231/1231/1231 1232/1232/1232
f 1231/1231/1231 1085/1085/1085 1232/1232/1232
f 1082/1082/1082 1231/1231/1231 1234/1234/1234
f 1231/1231/1231 1084/1084/1084 1085/1085/1085
f 1082/1082/1082 1081/1081/1081 1231/1231/1231
f 1081/1081/1081 1084/1084/1084 1231/1231/1231
f 1081/1081/1081 1054/1054/1054 1084/1084/1084
f 1158/1158/1158 1161/1161/1161 1447/1447/1447
f 1248/1248/1248 1158/1158/1158 1446/1446/1446
f 1245/1245/1245 1158/1158/1158 1248/1248/1248
f 1245/1245/1245 1157/1157/1157 1158/1158/1158
f 1157/1157/1157 1257/1257/1257 1158/1158/1158
f 1158/1158/1158 1257/1257/1257 1448/1448/1448
f 1157/1157/1157 1256/1256/1256 1257/1257/1257
f 1256/1256/1256 1254/1254/1254 1257/1257/1257
f 1256/1256/1256 1253/1253/1253 1254/1254/1254
f 1156/1156/1156 1256/1256/1256 1157/1157/1157
f 1255/1255/1255 1253/1253/1253 1256/1256/1256
f 1156/1156/1156 1255/1255/1255 1256/1256/1256
f 1242/1242/1242 1157/1157/1157 1245/1245/1245
f 1242/1242/1242 1156/1156/1156 1157/1157/1157
f 1255/1255/1255 1252/1252/1252 1253/1253/1253
f 1252/1252/1252 1250/1250/1250 1253/1253/1253
f 1252/1252/1252 1249/1249/1249 1250/1250/1250
f 1068/1068/1068 1255/1255/1255 1156/1156/1156
f 1092/1092/1092 1068/1068/1068 1156/1156/1156
f 1092/1092/1092 1156/1156/1156 1242/1242/1242
f 1068/1068/1068 1095/1095/1095 1255/1255/1255
f 1095/1095/1095 1252/1252/1252 1255/1255/1255
f 1095/1095/1095 1094/1094/1094 1252/1252/1252
f 1094/1094/1094 1249/1249/1249 1252/1252/1252
f 1094/1094/1094 1093/1093/1093 1249/1249/1249
f 1093/1093/1093 1096/1096/1096 1249/1249/1249
f 1093/1093/1093 1053/1053/1053 1096/1096/1096
f 1091/1091/1091 1092/1092/1092 1242/1242/1242
f 1091/1091/1091 1242/1242/1242 1241/1241/1241
f 1090/1090/1090 1091/1091/1091 1241/1241/1241
f 1241/1241/1241 1242/1242/1242 1245/1245/1245
f 1090/1090/1090 1241/1241/1241 1240/1240/1240
f 1055/1055/1055 1090/1090/1090 1240/1240/1240
f 1055/1055/1055 1240/1240/1240 1087/1087/1087
f 1241/1241/1241 1245/1245/1245 1244/1244/1244
f 1240/1240/1240 1241/1241/1241 1244/1244/1244
f 1244/1244/1244 1245/1245/1245 1248/1248/1248
f 1087/1087/1087 1240/1240/1240 1243/1243/1243
f 1240/1240/1240 1244/1244/1244 1243/1243/1243
f 1087/1087/1087 1243/1243/1243 1088/1088/1088
f 1244/1244/1244 1248/1248/1248 1247/1247/1247
f 1243/1243/1243 1244/1244/1244 1247/1247/1247
f 1088/1088/1088 1243/1243/1243 1246/1246/1246
f 1243/1243/1243 1247/1247/1247 1246/1246/1246
f 1088/1088/1088 1246/1246/1246 1089/1089/1089
f 1247/1247/1247 1248/1248/1248 1444/1444/1444
f 1248/1248/1248 1445/1445/1445 1444/1444/1444
f 1247/1247/1247 1444/1444/1444 1443/1443/1443
f 1246/1246/1246 1247/1247/1247 1443/1443/1443
f 1246/1246/1246 1443/1443/1443 1442/1442/1442
f 1089/1089/1089 1246/1246/1246 1442/1442/1442
f 1089/1089/1089 1442/1442/1442 1441/1441/1441
f 1266/1266/1266 1061/1061/1061 1173/1173/1173
f 1265/1265/1265 1266/1266/1266 1173/1173/1173
f 1262/1262/1262 1266/1266/1266 1265/1265/1265
f 1262/1262/1262 1263/1263/1263 1266/1266/1266
f 1263/1263/1263 1164/1164/1164 1266/1266/1266
f 1266/1266/1266 1164/1164/1164 1449/1449/1449
f 1265/1265/1265 1173/1173/1173 1172/1172/1172
f 1261/1261/1261 1262/1262/1262 1265/1265/1265
f 1264/1264/1264 1265/1265/1265 1172/1172/1172
f 1261/1261/1261 1265/1265/1265 1264/1264/1264
f 1259/1259/1259 1263/1263/1263 1262/1262/1262
f 1258/1258/1258 1262/1262/1262 1261/1261/1261
f 1258/1258/1258 1259/1259/1259 1262/1262/1262
f 1124/1124/1124 1261/1261/1261 1264/1264/1264
f 1123/1123/1123 1261/1261/1261 1124/1124/1124
f 1123/1123/1123 1258/1258/1258 1261/1261/1261
f 1056/1056/1056 1258/1258/1258 1123/1123/1123
f 1056/1056/1056 1102/1102/1102 1258/1258/1258
f 1102/1102/1102 1259/1259/1259 1258/1258/1258
f 1124/1124/1124 1264/1264/1264 1125/1125/1125
f 1102/1102/1102 1103/1103/1103 1259/1259/1259
f 1125/1125/1125 1264/1264/1264 1171/1171/1171
f 1264/1264/1264 1172/1172/1172 1171/1171/1171
f 1125/1125/1125 1171/1171/1171 1073/1073/1073
f 1103/1103/1103 1260/1260/1260 1259/1259/1259
f 1259/1259/1259 1260/1260/1260 1263/1263/1263
f 1103/1103/1103 1104/1104/1104 1260/1260/1260
f 1287/1287/1287 1073/1073/1073 1171/1171/1171
f 1287/1287/1287 1122/1122/1122 1073/1073/1073
f 1290/1290/1290 1171/1171/1171 1172/1172/1172
f 1290/1290/1290 1287/1287/1287 1171/1171/1171
f 1260/1260/1260 1163/1163/1163 1263/1263/1263
f 1263/1263/1263 1163/1163/1163 1164/1164/1164
f 1104/1104/1104 1162/1162/1162 1260/1260/1260
f 1260/1260/1260 1162/1162/1162 1163/1163/1163
f 1104/1104/1104 1070/1070/1070 1162/1162/1162
f 1286/1286/1286 1122/1122/1122 1287/1287/1287
f 1286/1286/1286 1121/1121/1121 1122/1122/1122
f 1070/1070/1070 1273/1273/1273 1162/1162/1162
f 1070/1070/1070 1107/1107/1107 1273/1273/1273
f 1162/1162/1162 1274/1274/1274 1163/1163/1163
f 1162/1162/1162 1273/1273/1273 1274/1274/1274
f 1163/1163/1163 1275/1275/1275 1164/1164/1164
f 1163/1163/1163 1274/1274/1274 1275/1275/1275
f 1107/1107/1107 1270/1270/1270 1273/1273/1273
f 1107/1107/1107 1106/1106/1106 1270/1270/1270
f 1273/1273/1273 1271/1271/1271 1274/1274/1274
f 1273/1273/1273 1270/1270/1270 1271/1271/1271
f 1106/1106/1106 1267/1267/1267 1270/1270/1270
f 1106/1106/1106 1105/1105/1105 1267/1267/1267
f 1105/1105/1105 1108/1108/1108 1267/1267/1267
f 1105/1105/1105 1057/1057/1057 1108/1108/1108
f 1267/1267/1267 1108/1108/1108 1109/1109/1109
f 1270/1270/1270 1267/1267/1267 1268/1268/1268
f 1267/1267/1267 1109/1109/1109 1268/1268/1268
f 1270/1270/1270 1268/1268/1268 1271/1271/1271
f 1268/1268/1268 1109/1109/1109 1110/1110/1110
f 1268/1268/1268 1110/1110/1110 1269/1269/1269
f 1271/1271/1271 1268/1268/1268 1269/1269/1269
f 1269/1269/1269 1110/1110/1110 1071/1071/1071
f 1274/1274/1274 1271/1271/1271 1272/1272/1272
f 1271/1271/1271 1269/1269/1269 1272/1272/1272
f 1274/1274/1274 1272/1272/1272 1275/1275/1275
f 1269/1269/1269 1071/1071/1071 1165/1165/1165
f 1272/1272/1272 1269/1269/1269 1165/1165/1165
f 1113/1113/1113 1165/1165/1165 1071/1071/1071
f 1275/1275/1275 1272/1272/1272 1166/1166/1166
f 1272/1272/1272 1165/1165/1165 1166/1166/1166
f 1113/1113/1113 1282/1282/1282 1165/1165/1165
f 1282/1282/1282 1166/1166/1166 1165/1165/1165
f 1112/1112/1112 1282/1282/1282 1113/1113/1113
f 1275/1275/1275 1166/1166/1166 1167/1167/1167
f 1164/1164/1164 1275/1275/1275 1167/1167/1167
f 1164/1164/1164 1167/1167/1167 1450/1450/1450
f 1112/1112/1112 1279/1279/1279 1282/1282/1282
f 1111/1111/1111 1279/1279/1279 1112/1112/1112
f 1282/1282/1282 1283/1283/1283 1166/1166/1166
f 1283/1283/1283 1167/1167/1167 1166/1166/1166
f 1279/1279/1279 1283/1283/1283 1282/1282/1282
f 1111/1111/1111 1276/1276/1276 1279/1279/1279
f 1059/1059/1059 1276/1276/1276 1111/1111/1111
f 1059/1059/1059 1114/1114/1114 1276/1276/1276
f 1283/1283/1283 1284/1284/1284 1167/1167/1167
f 1284/1284/1284 1451/1451/1451 1167/1167/1167
f 1279/1279/1279 1280/1280/1280 1283/1283/1283
f 1276/1276/1276 1280/1280/1280 1279/1279/1279
f 1280/1280/1280 1284/1284/1284 1283/1283/1283
f 1114/1114/1114 1277/1277/1277 1276/1276/1276
f 1276/1276/1276 1277/1277/1277 1280/1280/1280
f 1114/1114/1114 1115/1115/1115 1277/1277/1277
f 1280/1280/1280 1281/1281/1281 1284/1284/1284
f 1277/1277/1277 1281/1281/1281 1280/1280/1280
f 1115/1115/1115 1278/1278/1278 1277/1277/1277
f 1277/1277/1277 1278/1278/1278 1281/1281/1281
f 1115/1115/1115 1116/1116/1116 1278/1278/1278
f 1281/1281/1281 1170/1170/1170 1284/1284/1284
f 1284/1284/1284 1170/1170/1170 1452/1452/1452
f 1281/1281/1281 1169/1169/1169 1170/1170/1170
f 1278/1278/1278 1169/1169/1169 1281/1281/1281
f 1278/1278/1278 1168/1168/1168 1169/1169/1169
f 1116/1116/1116 1168/1168/1168 1278/1278/1278
f 1116/1116/1116 1072/1072/1072 1168/1168/1168
f 1117/1117/1117 1058/1058/1058 1120/1120/1120
f 1117/1117/1117 1120/1120/1120 1285/1285/1285
f 1285/1285/1285 1120/1120/1120 1121/1121/1121
f 1118/1118/1118 1117/1117/1117 1285/1285/1285
f 1285/1285/1285 1121/1121/1121 1286/1286/1286
f 1118/1118/1118 1285/1285/1285 1288/1288/1288
f 1288/1288/1288 1285/1285/1285 1286/1286/1286
f 1119/1119/1119 1118/1118/1118 1288/1288/1288
f 1288/1288/1288 1286/1286/1286 1289/1289/1289
f 1289/1289/1289 1286/1286/1286 1287/1287/1287
f 1289/1289/1289 1287/1287/1287 1290/1290/1290
f 1119/1119/1119 1288/1288/1288 1291/1291/1291
f 1291/1291/1291 1288/1288/1288 1289/1289/1289
f 1453/1453/1453 1119/1119/1119 1291/1291/1291
f 1453/1453/1453 1291/1291/1291 1454/1454/1454
f 1291/1291/1291 1289/1289/1289 1292/1292/1292
f 1454/1454/1454 1291/1291/1291 1292/1292/1292
f 1292/1292/1292 1289/1289/1289 1290/1290/1290
f 1454/1454/1454 1292/1292/1292 1455/1455/1455
f 1292/1292/1292 1290/1290/1290 1293/1293/1293
f 1455/1455/1455 1292/1292/1292 1293/1293/1293
f 1293/1293/1293 1290/1290/1290 1172/1172/1172
f 1455/1455/1455 1293/1293/1293 1456/1456/1456
f 1293/1293/1293 1172/1172/1172 1173/1173/1173
f 1456/1456/1456 1293/1293/1293 1173/1173/1173
f 1456/1456/1456 1173/1173/1173 1457/1457/1457
f 1463/1463/1463 1464/1464/1464 1126/1126/1126
f 1463/1463/1463 1126/1126/1126 1303/1303/1303
f 1465/1465/1465 1463/1463/1463 1303/1303/1303
f 1303/1303/1303 1126/1126/1126 1127/1127/1127
f 1465/1465/1465 1303/1303/1303 1306/1306/1306
f 1466/1466/1466 1465/1465/1465 1306/1306/1306
f 1303/1303/1303 1127/1127/1127 1304/1304/1304
f 1306/1306/1306 1303/1303/1303 1304/1304/1304
f 1304/1304/1304 1127/1127/1127 1128/1128/1128
f 1466/1466/1466 1306/1306/1306 1309/1309/1309
f 1462/1462/1462 1466/1466/1466 1309/1309/1309
f 1304/1304/1304 1128/1128/1128 1305/1305/1305
f 1305/1305/1305 1128/1128/1128 1074/1074/1074
f 1306/1306/1306 1304/1304/1304 1307/1307/1307
f 1309/1309/1309 1306/1306/1306 1307/1307/1307
f 1307/1307/1307 1304/1304/1304 1305/1305/1305
f 1462/1462/1462 1309/1309/1309 1174/1174/1174
f 1461/1461/1461 1462/1462/1462 1174/1174/1174
f 1305/1305/1305 1074/1074/1074 1177/1177/1177
f 1131/1131/1131 1177/1177/1177 1074/1074/1074
f 1307/1307/1307 1305/1305/1305 1308/1308/1308
f 1308/1308/1308 1305/1305/1305 1177/1177/1177
f 1309/1309/1309 1307/1307/1307 1310/1310/1310
f 1174/1174/1174 1309/1309/1309 1310/1310/1310
f 1310/1310/1310 1307/1307/1307 1308/1308/1308
f 1461/1461/1461 1174/1174/1174 1296/1296/1296
f 1460/1460/1460 1461/1461/1461 1296/1296/1296
f 1131/1131/1131 1318/1318/1318 1177/1177/1177
f 1130/1130/1130 1318/1318/1318 1131/1131/1131
f 1174/1174/1174 1310/1310/1310 1175/1175/1175
f 1296/1296/1296 1174/1174/1174 1175/1175/1175
f 1308/1308/1308 1177/1177/1177 1178/1178/1178
f 1318/1318/1318 1178/1178/1178 1177/1177/1177
f 1310/1310/1310 1308/1308/1308 1311/1311/1311
f 1175/1175/1175 1310/1310/1310 1311/1311/1311
f 1311/1311/1311 1308/1308/1308 1178/1178/1178
f 1460/1460/1460 1296/1296/1296 1295/1295/1295
f 1459/1459/1459 1460/1460/1460 1295/1295/1295
f 1130/1130/1130 1315/1315/1315 1318/1318/1318
f 1129/1129/1129 1315/1315/1315 1130/1130/1130
f 1296/1296/1296 1175/1175/1175 1299/1299/1299
f 1295/1295/1295 1296/1296/1296 1299/1299/1299
f 1175/1175/1175 1311/1311/1311 1176/1176/1176
f 1299/1299/1299 1175/1175/1175 1176/1176/1176
f 1311/1311/1311 1178/1178/1178 1179/1179/1179
f 1176/1176/1176 1311/1311/1311 1179/1179/1179
f 1318/1318/1318 1319/1319/1319 1178/1178/1178
f 1315/1315/1315 1319/1319/1319 1318/1318/1318
f 1319/1319/1319 1179/1179/1179 1178/1178/1178
f 1459/1459/1459 1295/1295/1295 1294/1294/1294
f 1458/1458/1458 1459/1459/1459 1294/1294/1294
f 1458/1458/1458 1294/1294/1294 1135/1135/1135
f 1295/1295/1295 1299/1299/1299 1298/1298/1298
f 1294/1294/1294 1295/1295/1295 1298/1298/1298
f 1135/1135/1135 1294/1294/1294 1297/1297/1297
f 1294/1294/1294 1298/1298/1298 1297/1297/1297
f 1135/1135/1135 1297/1297/1297 1136/1136/1136
f 1299/1299/1299 1176/1176/1176 1302/1302/1302
f 1298/1298/1298 1299/1299/1299 1302/1302/1302
f 1176/1176/1176 1179/1179/1179 1062/1062/1062
f 1302/1302/1302 1176/1176/1176 1062/1062/1062
f 1319/1319/1319 1320/1320/1320 1179/1179/1179
f 1320/1320/1320 1062/1062/1062 1179/1179/1179
f 1136/1136/1136 1297/1297/1297 1300/1300/1300
f 1136/1136/1136 1300/1300/1300 1137/1137/1137
f 1297/1297/1297 1298/1298/1298 1301/1301/1301
f 1298/1298/1298 1302/1302/1302 1301/1301/1301
f 1297/1297/1297 1301/1301/1301 1300/1300/1300
f 1302/1302/1302 1062/1062/1062 1185/1185/1185
f 1301/1301/1301 1302/1302/1302 1185/1185/1185
f 1137/1137/1137 1300/1300/1300 1183/1183/1183
f 1137/1137/1137 1183/1183/1183 1075/1075/1075
f 1300/1300/1300 1301/1301/1301 1184/1184/1184
f 1301/1301/1301 1185/1185/1185 1184/1184/1184
f 1300/1300/1300 1184/1184/1184 1183/1183/1183
f 1182/1182/1182 1185/1185/1185 1062/1062/1062
f 1320/1320/1320 1182/1182/1182 1062/1062/1062
f 1316/1316/1316 1320/1320/1320 1319/1319/1319
f 1315/1315/1315 1316/1316/1316 1319/1319/1319
f 1323/1323/1323 1075/1075/1075 1183/1183/1183
f 1323/1323/1323 1134/1134/1134 1075/1075/1075
f 1326/1326/1326 1183/1183/1183 1184/1184/1184
f 1326/1326/1326 1323/1323/1323 1183/1183/1183
f 1329/1329/1329 1184/1184/1184 1185/1185/1185
f 1182/1182/1182 1329/1329/1329 1185/1185/1185
f 1329/1329/1329 1326/1326/1326 1184/1184/1184
f 1317/1317/1317 1182/1182/1182 1320/1320/1320
f 1316/1316/1316 1317/1317/1317 1320/1320/1320
f 1312/1312/1312 1316/1316/1316 1315/1315/1315
f 1129/1129/1129 1312/1312/1312 1315/1315/1315
f 1467/1467/1467 1312/1312/1312 1129/1129/1129
f 1467/1467/1467 1468/1468/1468 1312/1312/1312
f 1312/1312/1312 1313/1313/1313 1316/1316/1316
f 1468/1468/1468 1313/1313/1313 1312/1312/1312
f 1313/1313/1313 1317/1317/1317 1316/1316/1316
f 1468/1468/1468 1469/1469/1469 1313/1313/1313
f 1469/1469/1469 1314/1314/1314 1313/1313/1313
f 1313/1313/1313 1314/1314/1314 1317/1317/1317
f 1469/1469/1469 1470/1470/1470 1314/1314/1314
f 1317/1317/1317 1181/1181/1181 1182/1182/1182
f 1314/1314/1314 1181/1181/1181 1317/1317/1317
f 1181/1181/1181 1329/1329/1329 1182/1182/1182
f 1470/1470/1470 1180/1180/1180 1314/1314/1314
f 1314/1314/1314 1180/1180/1180 1181/1181/1181
f 1470/1470/1470 1471/1471/1471 1180/1180/1180
f 1181/1181/1181 1328/1328/1328 1329/1329/1329
f 1180/1180/1180 1328/1328/1328 1181/1181/1181
f 1328/1328/1328 1326/1326/1326 1329/1329/1329
f 1471/1471/1471 1327/1327/1327 1180/1180/1180
f 1180/1180/1180 1327/1327/1327 1328/1328/1328
f 1471/1471/1471 1475/1475/1475 1327/1327/1327
f 1328/1328/1328 1325/1325/1325 1326/1326/1326
f 1327/1327/1327 1325/1325/1325 1328/1328/1328
f 1325/1325/1325 1323/1323/1323 1326/1326/1326
f 1475/1475/1475 1324/1324/1324 1327/1327/1327
f 1327/1327/1327 1324/1324/1324 1325/1325/1325
f 1475/1475/1475 1474/1474/1474 1324/1324/1324
f 1325/1325/1325 1322/1322/1322 1323/1323/1323
f 1324/1324/1324 1322/1322/1322 1325/1325/1325
f 1322/1322/1322 1134/1134/1134 1323/1323/1323
f 1322/1322/1322 1133/1133/1133 1134/1134/1134
f 1474/1474/1474 1321/1321/1321 1324/1324/1324
f 1324/1324/1324 1321/1321/1321 1322/1322/1322
f 1321/1321/1321 1133/1133/1133 1322/1322/1322
f 1474/1474/1474 1472/1472/1472 1321/1321/1321
f 1321/1321/1321 1132/1132/1132 1133/1133/1133
f 1472/1472/1472 1132/1132/1132 1321/1321/1321
f 1472/1472/1472 1473/1473/1473 1132/1132/1132
f 1485/1485/1485 1486/1486/1486 1138/1138/1138
f 1485/1485/1485 1138/1138/1138 1339/1339/1339
f 1487/1487/1487 1485/1485/1485 1339/1339/1339
f 1339/1339/1339 1138/1138/1138 1139/1139/1139
f 1487/1487/1487 1339/1339/1339 1342/1342/1342
f 1488/1488/1488 1487/1487/1487 1342/1342/1342
f 1339/1339/1339 1139/1139/1139 1340/1340/1340
f 1342/1342/1342 1339/1339/1339 1340/1340/1340
f 1340/1340/1340 1139/1139/1139 1140/1140/1140
f 1488/1488/1488 1342/1342/1342 1345/1345/1345
f 1481/1481/1481 1488/1488/1488 1345/1345/1345
f 1340/1340/1340 1140/1140/1140 1341/1341/1341
f 1341/1341/1341 1140/1140/1140 1076/1076/1076
f 1342/1342/1342 1340/1340/1340 1343/1343/1343
f 1345/1345/1345 1342/1342/1342 1343/1343/1343
f 1343/1343/1343 1340/1340/1340 1341/1341/1341
f 1481/1481/1481 1345/1345/1345 1186/1186/1186
f 1480/1480/1480 1481/1481/1481 1186/1186/1186
f 1341/1341/1341 1076/1076/1076 1189/1189/1189
f 1143/1143/1143 1189/1189/1189 1076/1076/1076
f 1343/1343/1343 1341/1341/1341 1344/1344/1344
f 1344/1344/1344 1341/1341/1341 1189/1189/1189
f 1345/1345/1345 1343/1343/1343 1346/1346/1346
f 1186/1186/1186 1345/1345/1345 1346/1346/1346
f 1346/1346/1346 1343/1343/1343 1344/1344/1344
f 1480/1480/1480 1186/1186/1186 1332/1332/1332
f 1479/1479/1479 1480/1480/1480 1332/1332/1332
f 1143/1143/1143 1354/1354/1354 1189/1189/1189
f 1142/1142/1142 1354/1354/1354 1143/1143/1143
f 1186/1186/1186 1346/1346/1346 1187/1187/1187
f 1332/1332/1332 1186/1186/1186 1187/1187/1187
f 1344/1344/1344 1189/1189/1189 1190/1190/1190
f 1354/1354/1354 1190/1190/1190 1189/1189/1189
f 1346/1346/1346 1344/1344/1344 1347/1347/1347
f 1187/1187/1187 1346/1346/1346 1347/1347/1347
f 1347/1347/1347 1344/1344/1344 1190/1190/1190
f 1479/1479/1479 1332/1332/1332 1331/1331/1331
f 1478/1478/1478 1479/1479/1479 1331/1331/1331
f 1142/1142/1142 1351/1351/1351 1354/1354/1354
f 1141/1141/1141 1351/1351/1351 1142/1142/1142
f 1332/1332/1332 1187/1187/1187 1335/1335/1335
f 1331/1331/1331 1332/1332/1332 1335/1335/1335
f 1187/1187/1187 1347/1347/1347 1188/1188/1188
f 1335/1335/1335 1187/1187/1187 1188/1188/1188
f 1347/1347/1347 1190/1190/1190 1191/1191/1191
f 1188/1188/1188 1347/1347/1347 1191/1191/1191
f 1354/1354/1354 1355/1355/1355 1190/1190/1190
f 1351/1351/1351 1355/1355/1355 1354/1354/1354
f 1355/1355/1355 1191/1191/1191 1190/1190/1190
f 1478/1478/1478 1331/1331/1331 1330/1330/1330
f 1476/1476/1476 1478/1478/1478 1330/1330/1330
f 1476/1476/1476 1330/1330/1330 1477/1477/1477
f 1331/1331/1331 1335/1335/1335 1334/1334/1334
f 1330/1330/1330 1331/1331/1331 1334/1334/1334
f 1477/1477/1477 1330/1330/1330 1333/1333/1333
f 1330/1330/1330 1334/1334/1334 1333/1333/1333
f 1477/1477/1477 1333/1333/1333 1482/1482/1482
f 1335/1335/1335 1188/1188/1188 1338/1338/1338
f 1334/1334/1334 1335/1335/1335 1338/1338/1338
f 1188/1188/1188 1191/1191/1191 1063/1063/1063
f 1338/1338/1338 1188/1188/1188 1063/1063/1063
f 1355/1355/1355 1356/1356/1356 1191/1191/1191
f 1356/1356/1356 1063/1063/1063 1191/1191/1191
f 1482/1482/1482 1333/1333/1333 1336/1336/1336
f 1482/1482/1482 1336/1336/1336 1483/1483/1483
f 1333/1333/1333 1334/1334/1334 1337/1337/1337
f 1334/1334/1334 1338/1338/1338 1337/1337/1337
f 1333/1333/1333 1337/1337/1337 1336/1336/1336
f 1338/1338/1338 1063/1063/1063 1197/1197/1197
f 1337/1337/1337 1338/1338/1338 1197/1197/1197
f 1483/1483/1483 1336/1336/1336 1195/1195/1195
f 1483/1483/1483 1195/1195/1195 1484/1484/1484
f 1336/1336/1336 1337/1337/1337 1196/1196/1196
f 1337/1337/1337 1197/1197/1197 1196/1196/1196
f 1336/1336/1336 1196/1196/1196 1195/1195/1195
f 1194/1194/1194 1197/1197/1197 1063/1063/1063
f 1356/1356/1356 1194/1194/1194 1063/1063/1063
f 1352/1352/1352 1356/1356/1356 1355/1355/1355
f 1351/1351/1351 1352/1352/1352 1355/1355/1355
f 1359/1359/1359 1484/1484/1484 1195/1195/1195
f 1359/1359/1359 1498/1498/1498 1484/1484/1484
f 1362/1362/1362 1195/1195/1195 1196/1196/1196
f 1362/1362/1362 1359/1359/1359 1195/1195/1195
f 1365/1365/1365 1196/1196/1196 1197/1197/1197
f 1194/1194/1194 1365/1365/1365 1197/1197/1197
f 1365/1365/1365 1362/1362/1362 1196/1196/1196
f 1353/1353/1353 1194/1194/1194 1356/1356/1356
f 1352/1352/1352 1353/1353/1353 1356/1356/1356
f 1348/1348/1348 1352/1352/1352 1351/1351/1351
f 1141/1141/1141 1348/1348/1348 1351/1351/1351
f 1489/1489/1489 1348/1348/1348 1141/1141/1141
f 1489/1489/1489 1490/1490/1490 1348/1348/1348
f 1348/1348/1348 1349/1349/1349 1352/1352/1352
f 1490/1490/1490 1349/1349/1349 1348/1348/1348
f 1349/1349/1349 1353/1353/1353 1352/1352/1352
f 1490/1490/1490 1491/1491/1491 1349/1349/1349
f 1491/1491/1491 1350/1350/1350 1349/1349/1349
f 1349/1349/1349 1350/1350/1350 1353/1353/1353
f 1491/1491/1491 1492/1492/1492 1350/1350/1350
f 1353/1353/1353 1193/1193/1193 1194/1194/1194
f 1350/1350/1350 1193/1193/1193 1353/1353/1353
f 1193/1193/1193 1365/1365/1365 1194/1194/1194
f 1492/1492/1492 1192/1192/1192 1350/1350/1350
f 1350/1350/1350 1192/1192/1192 1193/1193/1193
f 1492/1492/1492 1493/1493/1493 1192/1192/1192
f 1193/1193/1193 1364/1364/1364 1365/1365/1365
f 1192/1192/1192 1364/1364/1364 1193/1193/1193
f 1364/1364/1364 1362/1362/1362 1365/1365/1365
f 1493/1493/1493 1363/1363/1363 1192/1192/1192
f 1192/1192/1192 1363/1363/1363 1364/1364/1364
f 1493/1493/1493 1500/1500/1500 1363/1363/1363
f 1364/1364/1364 1361/1361/1361 1362/1362/1362
f 1363/1363/1363 1361/1361/1361 1364/1364/1364
f 1361/1361/1361 1359/1359/1359 1362/1362/1362
f 1500/1500/1500 1360/1360/1360 1363/1363/1363
f 1363/1363/1363 1360/1360/1360 1361/1361/1361
f 1500/1500/1500 1499/1499/1499 1360/1360/1360
f 1361/1361/1361 1358/1358/1358 1359/1359/1359
f 1360/1360/1360 1358/1358/1358 1361/1361/1361
f 1358/1358/1358 1498/1498/1498 1359/1359/1359
f 1358/1358/1358 1497/1497/1497 1498/1498/1498
f 1499/1499/1499 1357/1357/1357 1360/1360/1360
f 1360/1360/1360 1357/1357/1357 1358/1358/1358
f 1357/1357/1357 1497/1497/1497 1358/1358/1358
f 1499/1499/1499 1494/1494/1494 1357/1357/1357
f 1357/1357/1357 1495/1495/1495 1497/1497/1497
f 1494/1494/1494 1495/1495/1495 1357/1357/1357
f 1494/1494/1494 1496/1496/1496 1495/1495/1495
f 1505/1505/1505 1506/1506/1506 1198/1198/1198
f 1505/1505/1505 1198/1198/1198 1368/1368/1368
f 1504/1504/1504 1505/1505/1505 1368/1368/1368
f 1368/1368/1368 1198/1198/1198 1199/1199/1199
f 1504/1504/1504 1368/1368/1368 1367/1367/1367
f 1503/1503/1503 1504/1504/1504 1367/1367/1367
f 1368/1368/1368 1199/1199/1199 1371/1371/1371
f 1367/1367/1367 1368/1368/1368 1371/1371/1371
f 1371/1371/1371 1199/1199/1199 1200/1200/1200
f 1503/1503/1503 1367/1367/1367 1366/1366/1366
f 1501/1501/1501 1503/1503/1503 1366/1366/1366
f 1501/1501/1501 1366/1366/1366 1502/1502/1502
f 1367/1367/1367 1371/1371/1371 1370/1370/1370
f 1366/1366/1366 1367/1367/1367 1370/1370/1370
f 1371/1371/1371 1200/1200/1200 1374/1374/1374
f 1370/1370/1370 1371/1371/1371 1374/1374/1374
f 1374/1374/1374 1200/1200/1200 1064/1064/1064
f 1502/1502/1502 1366/1366/1366 1369/1369/1369
f 1366/1366/1366 1370/1370/1370 1369/1369/1369
f 1502/1502/1502 1369/1369/1369 1507/1507/1507
f 1370/1370/1370 1374/1374/1374 1373/1373/1373
f 1369/1369/1369 1370/1370/1370 1373/1373/1373
f 1374/1374/1374 1064/1064/1064 1209/1209/1209
f 1373/1373/1373 1374/1374/1374 1209/1209/1209
f 1534/1534/1534 1209/1209/1209 1064/1064/1064
f 1507/1507/1507 1369/1369/1369 1372/1372/1372
f 1369/1369/1369 1373/1373/1373 1372/1372/1372
f 1507/1507/1507 1372/1372/1372 1508/1508/1508
f 1534/1534/1534 1401/1401/1401 1209/1209/1209
f 1533/1533/1533 1401/1401/1401 1534/1534/1534
f 1373/1373/1373 1209/1209/1209 1208/1208/1208
f 1372/1372/1372 1373/1373/1373 1208/1208/1208
f 1401/1401/1401 1208/1208/1208 1209/1209/1209
f 1508/1508/1508 1372/1372/1372 1207/1207/1207
f 1372/1372/1372 1208/1208/1208 1207/1207/1207
f 1508/1508/1508 1207/1207/1207 1509/1509/1509
f 1533/1533/1533 1400/1400/1400 1401/1401/1401
f 1532/1532/1532 1400/1400/1400 1533/1533/1533
f 1401/1401/1401 1398/1398/1398 1208/1208/1208
f 1398/1398/1398 1207/1207/1207 1208/1208/1208
f 1400/1400/1400 1398/1398/1398 1401/1401/1401
f 1395/1395/1395 1509/1509/1509 1207/1207/1207
f 1398/1398/1398 1395/1395/1395 1207/1207/1207
f 1395/1395/1395 1528/1528/1528 1509/1509/1509
f 1532/1532/1532 1399/1399/1399 1400/1400/1400
f 1531/1531/1531 1399/1399/1399 1532/1532/1532
f 1531/1531/1531 1530/1530/1530 1399/1399/1399
f 1400/1400/1400 1397/1397/1397 1398/1398/1398
f 1397/1397/1397 1395/1395/1395 1398/1398/1398
f 1399/1399/1399 1397/1397/1397 1400/1400/1400
f 1394/1394/1394 1528/1528/1528 1395/1395/1395
f 1397/1397/1397 1394/1394/1394 1395/1395/1395
f 1394/1394/1394 1527/1527/1527 1528/1528/1528
f 1530/1530/1530 1396/1396/1396 1399/1399/1399
f 1399/1399/1399 1396/1396/1396 1397/1397/1397
f 1396/1396/1396 1394/1394/1394 1397/1397/1397
f 1530/1530/1530 1529/1529/1529 1396/1396/1396
f 1393/1393/1393 1527/1527/1527 1394/1394/1394
f 1396/1396/1396 1393/1393/1393 1394/1394/1394
f 1529/1529/1529 1393/1393/1393 1396/1396/1396
f 1393/1393/1393 1525/1525/1525 1527/1527/1527
f 1529/1529/1529 1524/1524/1524 1393/1393/1393
f 1524/1524/1524 1525/1525/1525 1393/1393/1393
f 1524/1524/1524 1526/1526/1526 1525/1525/1525
f 1510/1510/1510 1511/1511/1511 1144/1144/1144
f 1510/1510/1510 1144/1144/1144 1375/1375/1375
f 1512/1512/1512 1510/1510/1510 1375/1375/1375
f 1375/1375/1375 1144/1144/1144 1145/1145/1145
f 1512/1512/1512 1375/1375/1375 1378/1378/1378
f 1513/1513/1513 1512/1512/1512 1378/1378/1378
f 1375/1375/1375 1145/1145/1145 1376/1376/1376
f 1378/1378/1378 1375/1375/1375 1376/1376/1376
f 1376/1376/1376 1145/1145/1145 1146/1146/1146
f 1513/1513/1513 1378/1378/1378 1381/1381/1381
f 1514/1514/1514 1513/1513/1513 1381/1381/1381
f 1514/1514/1514 1381/1381/1381 1515/1515/1515
f 1376/1376/1376 1146/1146/1146 1377/1377/1377
f 1377/1377/1377 1146/1146/1146 1077/1077/1077
f 1378/1378/1378 1376/1376/1376 1379/1379/1379
f 1381/1381/1381 1378/1378/1378 1379/1379/1379
f 1379/1379/1379 1376/1376/1376 1377/1377/1377
f 1515/1515/1515 1381/1381/1381 1382/1382/1382
f 1381/1381/1381 1379/1379/1379 1382/1382/1382
f 1515/1515/1515 1382/1382/1382 1516/1516/1516
f 1377/1377/1377 1077/1077/1077 1201/1201/1201
f 1149/1149/1149 1201/1201/1201 1077/1077/1077
f 1379/1379/1379 1377/1377/1377 1380/1380/1380
f 1382/1382/1382 1379/1379/1379 1380/1380/1380
f 1380/1380/1380 1377/1377/1377 1201/1201/1201
f 1516/1516/1516 1382/1382/1382 1383/1383/1383
f 1382/1382/1382 1380/1380/1380 1383/1383/1383
f 1516/1516/1516 1383/1383/1383 1517/1517/1517
f 1149/1149/1149 1390/1390/1390 1201/1201/1201
f 1148/1148/1148 1390/1390/1390 1149/1149/1149
f 1380/1380/1380 1201/1201/1201 1202/1202/1202
f 1383/1383/1383 1380/1380/1380 1202/1202/1202
f 1390/1390/1390 1202/1202/1202 1201/1201/1201
f 1517/1517/1517 1383/1383/1383 1203/1203/1203
f 1383/1383/1383 1202/1202/1202 1203/1203/1203
f 1517/1517/1517 1203/1203/1203 1518/1518/1518
f 1148/1148/1148 1387/1387/1387 1390/1390/1390
f 1147/1147/1147 1387/1387/1387 1148/1148/1148
f 1390/1390/1390 1391/1391/1391 1202/1202/1202
f 1391/1391/1391 1203/1203/1203 1202/1202/1202
f 1387/1387/1387 1391/1391/1391 1390/1390/1390
f 1392/1392/1392 1518/1518/1518 1203/1203/1203
f 1391/1391/1391 1392/1392/1392 1203/1203/1203
f 1392/1392/1392 1206/1206/1206 1518/1518/1518
f 1147/1147/1147 1384/1384/1384 1387/1387/1387
f 1519/1519/1519 1384/1384/1384 1147/1147/1147
f 1519/1519/1519 1520/1520/1520 1384/1384/1384
f 1387/1387/1387 1388/1388/1388 1391/1391/1391
f 1388/1388/1388 1392/1392/1392 1391/1391/1391
f 1384/1384/1384 1388/1388/1388 1387/1387/1387
f 1389/1389/1389 1206/1206/1206 1392/1392/1392
f 1388/1388/1388 1389/1389/1389 1392/1392/1392
f 1389/1389/1389 1205/1205/1205 1206/1206/1206
f 1520/1520/1520 1385/1385/1385 1384/1384/1384
f 1384/1384/1384 1385/1385/1385 1388/1388/1388
f 1385/1385/1385 1389/1389/1389 1388/1388/1388
f 1520/1520/1520 1521/1521/1521 1385/1385/1385
f 1386/1386/1386 1205/1205/1205 1389/1389/1389
f 1385/1385/1385 1386/1386/1386 1389/1389/1389
f 1521/1521/1521 1386/1386/1386 1385/1385/1385
f 1386/1386/1386 1204/1204/1204 1205/1205/1205
f 1521/1521/1521 1522/1522/1522 1386/1386/1386
f 1522/1522/1522 1204/1204/1204 1386/1386/1386
f 1522/1522/1522 1523/1523/1523 1204/1204/1204
f 1544/1544/1544 1546/1546/1546 1545/1545/1545
f 1544/1544/1544 1545/1545/1545 1411/1411/1411
f 1550/1550/1550 1544/1544/1544 1411/1411/1411
f 1411/1411/1411 1545/1545/1545 1547/1547/1547
f 1550/1550/1550 1411/1411/1411 1414/1414/1414
f 1551/1551/1551 1550/1550/1550 1414/1414/1414
f 1411/1411/1411 1547/1547/1547 1412/1412/1412
f 1414/1414/1414 1411/1411/1411 1412/1412/1412
f 1412/1412/1412 1547/1547/1547 1548/1548/1548
f 1551/1551/1551 1414/1414/1414 1417/1417/1417
f 1540/1540/1540 1551/1551/1551 1417/1417/1417
f 1412/1412/1412 1548/1548/1548 1413/1413/1413
f 1413/1413/1413 1548/1548/1548 1549/1549/1549
f 1414/1414/1414 1412/1412/1412 1415/1415/1415
f 1417/1417/1417 1414/1414/1414 1415/1415/1415
f 1415/1415/1415 1412/1412/1412 1413/1413/1413
f 1540/1540/1540 1417/1417/1417 1210/1210/1210
f 1539/1539/1539 1540/1540/1540 1210/1210/1210
f 1413/1413/1413 1549/1549/1549 1213/1213/1213
f 1559/1559/1559 1213/1213/1213 1549/1549/1549
f 1415/1415/1415 1413/1413/1413 1416/1416/1416
f 1416/1416/1416 1413/1413/1413 1213/1213/1213
f 1417/1417/1417 1415/1415/1415 1418/1418/1418
f 1210/1210/1210 1417/1417/1417 1418/1418/1418
f 1418/1418/1418 1415/1415/1415 1416/1416/1416
f 1539/1539/1539 1210/1210/1210 1404/1404/1404
f 1538/1538/1538 1539/1539/1539 1404/1404/1404
f 1559/1559/1559 1426/1426/1426 1213/1213/1213
f 1558/1558/1558 1426/1426/1426 1559/1559/1559
f 1210/1210/1210 1418/1418/1418 1211/1211/1211
f 1404/1404/1404 1210/1210/1210 1211/1211/1211
f 1416/1416/1416 1213/1213/1213 1214/1214/1214
f 1426/1426/1426 1214/1214/1214 1213/1213/1213
f 1418/1418/1418 1416/1416/1416 1419/1419/1419
f 1211/1211/1211 1418/1418/1418 1419/1419/1419
f 1419/1419/1419 1416/1416/1416 1214/1214/1214
f 1538/1538/1538 1404/1404/1404 1403/1403/1403
f 1537/1537/1537 1538/1538/1538 1403/1403/1403
f 1558/1558/1558 1423/1423/1423 1426/1426/1426
f 1553/1553/1553 1423/1423/1423 1558/1558/1558
f 1404/1404/1404 1211/1211/1211 1407/1407/1407
f 1403/1403/1403 1404/1404/1404 1407/1407/1407
f 1211/1211/1211 1419/1419/1419 1212/1212/1212
f 1407/1407/1407 1211/1211/1211 1212/1212/1212
f 1419/1419/1419 1214/1214/1214 1215/1215/1215
f 1212/1212/1212 1419/1419/1419 1215/1215/1215
f 1426/1426/1426 1427/1427/1427 1214/1214/1214
f 1423/1423/1423 1427/1427/1427 1426/1426/1426
f 1427/1427/1427 1215/1215/1215 1214/1214/1214
f 1537/1537/1537 1403/1403/1403 1402/1402/1402
f 1535/1535/1535 1537/1537/1537 1402/1402/1402
f 1535/1535/1535 1402/1402/1402 1536/1536/1536
f 1403/1403/1403 1407/1407/1407 1406/1406/1406
f 1402/1402/1402 1403/1403/1403 1406/1406/1406
f 1536/1536/1536 1402/1402/1402 1405/1405/1405
f 1402/1402/1402 1406/1406/1406 1405/1405/1405
f 1536/1536/1536 1405/1405/1405 1541/1541/1541
f 1407/1407/1407 1212/1212/1212 1410/1410/1410
f 1406/1406/1406 1407/1407/1407 1410/1410/1410
f 1212/1212/1212 1215/1215/1215 1065/1065/1065
f 1410/1410/1410 1212/1212/1212 1065/1065/1065
f 1427/1427/1427 1428/1428/1428 1215/1215/1215
f 1428/1428/1428 1065/1065/1065 1215/1215/1215
f 1541/1541/1541 1405/1405/1405 1408/1408/1408
f 1541/1541/1541 1408/1408/1408 1542/1542/1542
f 1405/1405/1405 1406/1406/1406 1409/1409/1409
f 1406/1406/1406 1410/1410/1410 1409/1409/1409
f 1405/1405/1405 1409/1409/1409 1408/1408/1408
f 1410/1410/1410 1065/1065/1065 1221/1221/1221
f 1409/1409/1409 1410/1410/1410 1221/1221/1221
f 1542/1542/1542 1408/1408/1408 1219/1219/1219
f 1542/1542/1542 1219/1219/1219 1543/1543/1543
f 1408/1408/1408 1409/1409/1409 1220/1220/1220
f 1409/1409/1409 1221/1221/1221 1220/1220/1220
f 1408/1408/1408 1220/1220/1220 1219/1219/1219
f 1218/1218/1218 1221/1221/1221 1065/1065/1065
f 1428/1428/1428 1218/1218/1218 1065/1065/1065
f 1424/1424/1424 1428/1428/1428 1427/1427/1427
f 1423/1423/1423 1424/1424/1424 1427/1427/1427
f 1431/1431/1431 1543/1543/1543 1219/1219/1219
f 1431/1431/1431 1564/1564/1564 1543/1543/1543
f 1434/1434/1434 1219/1219/1219 1220/1220/1220
f 1434/1434/1434 1431/1431/1431 1219/1219/1219
f 1437/1437/1437 1220/1220/1220 1221/1221/1221
f 1218/1218/1218 1437/1437/1437 1221/1221/1221
f 1437/1437/1437 1434/1434/1434 1220/1220/1220
f 1425/1425/1425 1218/1218/1218 1428/1428/1428
f 1424/1424/1424 1425/1425/1425 1428/1428/1428
f 1420/1420/1420 1424/1424/1424 1423/1423/1423
f 1553/1553/1553 1420/1420/1420 1423/1423/1423
f 1552/1552/1552 1420/1420/1420 1553/1553/1553
f 1552/1552/1552 1554/1554/1554 1420/1420/1420
f 1420/1420/1420 1421/1421/1421 1424/1424/1424
f 1554/1554/1554 1421/1421/1421 1420/1420/1420
f 1421/1421/1421 1425/1425/1425 1424/1424/1424
f 1554/1554/1554 1555/1555/1555 1421/1421/1421
f 1555/1555/1555 1422/1422/1422 1421/1421/1421
f 1421/1421/1421 1422/1422/1422 1425/1425/1425
f 1555/1555/1555 1556/1556/1556 1422/1422/1422
f 1425/1425/1425 1217/1217/1217 1218/1218/1218
f 1422/1422/1422 1217/1217/1217 1425/1425/1425
f 1217/1217/1217 1437/1437/1437 1218/1218/1218
f 1556/1556/1556 1216/1216/1216 1422/1422/1422
f 1422/1422/1422 1216/1216/1216 1217/1217/1217
f 1556/1556/1556 1557/1557/1557 1216/1216/1216
f 1217/1217/1217 1436/1436/1436 1437/1437/1437
f 1216/1216/1216 1436/1436/1436 1217/1217/1217
f 1436/1436/1436 1434/1434/1434 1437/1437/1437
f 1557/1557/1557 1435/1435/1435 1216/1216/1216
f 1216/1216/1216 1435/1435/1435 1436/1436/1436
f 1557/1557/1557 1566/1566/1566 1435/1435/1435
f 1436/1436/1436 1433/1433/1433 1434/1434/1434
f 1435/1435/1435 1433/1433/1433 1436/1436/1436
f 1433/1433/1433 1431/1431/1431 1434/1434/1434
f 1566/1566/1566 1432/1432/1432 1435/1435/1435
f 1435/1435/1435 1432/1432/1432 1433/1433/1433
f 1566/1566/1566 1565/1565/1565 1432/1432/1432
f 1433/1433/1433 1430/1430/1430 1431/1431/1431
f 1432/1432/1432 1430/1430/1430 1433/1433/1433
f 1430/1430/1430 1564/1564/1564 1431/1431/1431
f 1430/1430/1430 1563/1563/1563 1564/1564/1564
f 1565/1565/1565 1429/1429/1429 1432/1432/1432
f 1432/1432/1432 1429/1429/1429 1430/1430/1430
f 1429/1429/1429 1563/1563/1563 1430/1430/1430
f 1565/1565/1565 1560/1560/1560 1429/1429/1429
f 1429/1429/1429 1561/1561/1561 1563/1563/1563
f 1560/1560/1560 1561/1561/1561 1429/1429/1429
f 1560/1560/1560 1562/1562/1562 1561/1561/1561
o Arm_1566
usemtl mat_Arm
v -0.337644 -0.017500 -0.369463
v -0.369463 -0.017500 -0.337644
v -0.337644 0.017500 -0.369463
v -0.369463 0.017500 -0.337644
v 0.015910 0.017500 -0.015910
v -0.015910 0.017500 0.015910
v 0.015910 -0.017500 -0.015910
v -0.015910 -0.017500 0.015910
v -0.337644 0.017500 -0.369463
v -0.369463 0.017500 -0.337644
v 0.015910 0.017500 -0.015910
v -0.015910 0.017500 0.015910
v 0.015910 -0.017500 -0.015910
v -0.337644 -0.017500 -0.369463
v -0.369463 -0.017500 -0.337644
v -0.015910 -0.017500 0.015910
v -0.369463 -0.017500 -0.337644
v -0.369463 0.017500 -0.337644
v -0.015910 0.017500 0.015910
v -0.015910 -0.017500 0.015910
v 0.015910 -0.017500 -0.015910
v 0.015910 0.017500 -0.015910
v -0.337644 0.017500 -0.369463
v -0.337644 -0.017500 -0.369463
vn -0.707107 0.000000 -0.707107
vn -0.707107 0.000000 -0.707107
vn -0.707107 0.000000 -0.707107
vn -0.707107 0.000000 -0.707107
vn 0.000000 1.000000 0.000000
vn 0.000000 1.000000 0.000000
vn 0.707107 0.000000 0.707107
vn 0.707107 0.000000 0.707107
vn 0.000000 1.000000 0.000000
vn 0.000000 1.000000 0.000000
vn 0.707107 0.000000 0.707107
vn 0.707107 0.000000 0.707107
vn 0.000000 -1.000000 0.000000
vn 0.000000 -1.000000 0.000000
vn 0.000000 -1.000000 0.000000
vn 0.000000 -1.000000 0.000000
vn -0.707107 0.000000 0.707107
vn -0.707107 0.000000 0.707107
vn -0.707107 0.000000 0.707107
vn -0.707107 0.000000 0.707107
vn 0.707107 0.000000 -0.707107
vn 0.707107 0.000000 -0.707107
vn 0.707107 0.000000 -0.707107
vn 0.707107 0.000000 -0.707107
vt 0.000000 0.000000
vt 1.000000 0.000000
vt 0.000000 1.000000
vt 1.000000 1.000000
vt 0.000000 1.000000
vt 1.000000 1.000000
vt 0.000000 1.000000
vt 1.000000 1.000000
vt 0.000000 0.000000
vt 1.000000 0.000000
vt 0.000000 0.000000
vt 1.000000 0.000000
vt 0.000000 0.000000
vt 0.000000 1.000000
vt 1.000000 1.000000
vt 1.000000 0.000000
vt 0.000000 0.000000
vt 0.000000 1.000000
vt 1.000000 1.000000
vt 1.000000 0.000000
vt 0.000000 0.000000
vt 0.000000 1.000000
vt 1.000000 1.000000
vt 1.000000 0.000000
f 1567/1567/1567 1570/1570/1570 1569/1569/1569
f 1567/1567/1567 1568/1568/1568 1570/1570/1570
f 1575/1575/1575 1572/1572/1572 1571/1571/1571
f 1575/1575/1575 1576/1576/1576 1572/1572/1572
f 1577/1577/1577 1574/1574/1574 1573/1573/1573
f 1577/1577/1577 1578/1578/1578 1574/1574/1574
f 1579/1579/1579 1581/1581/1581 1580/1580/1580
f 1579/1579/1579 1582/1582/1582 1581/1581/1581
f 1583/1583/1583 1585/1585/1585 1584/1584/1584
f 1583/1583/1583 1586/1586/1586 1585/1585/1585
f 1587/1587/1587 1589/1589/1589 1588/1588/1588
f 1587/1587/1587 1590/1590/1590 1589/1589/1589
o ArmTip_1590
usemtl mat_ArmTip
v -0.348171 -0.015830 -0.348171
v -0.348171 -0.015830 -0.316510
v -0.316510 -0.015830 -0.348171
v -0.316510 -0.015830 -0.316510
v -0.348226 0.015835 -0.348226
v -0.348226 0.015835 -0.316454
v -0.316454 0.015835 -0.348226
v -0.316454 0.015835 -0.316454
v -0.332340 -0.027500 -0.332340
v -0.332340 0.027500 -0.332340
v -0.359840 0.000000 -0.332340
v -0.332340 0.000000 -0.304840
v -0.304840 0.000000 -0.332340
v -0.332340 0.000000 -0.359840
v -0.332340 -0.019388 -0.351729
v -0.312952 -0.019388 -0.332340
v -0.332340 -0.019388 -0.312952
v -0.351729 -0.019388 -0.332340
v -0.351793 0.019403 -0.332340
v -0.332340 0.019403 -0.312887
v -0.312887 0.019403 -0.332340
v -0.332340 0.019403 -0.351793
v -0.351786 0.000000 -0.312895
v -0.351793 -0.000049 -0.351793
v -0.312895 0.000000 -0.312895
v -0.312887 -0.000049 -0.351793
v -0.345551 -0.016990 -0.349330
v -0.341698 -0.018224 -0.350564
v -0.337184 -0.019083 -0.351424
v -0.319130 -0.016990 -0.349330
v -0.322982 -0.018224 -0.350564
v -0.327497 -0.019083 -0.351424
v -0.315351 -0.016990 -0.345551
v -0.314116 -0.018224 -0.341698
v -0.313257 -0.019083 -0.337184
v -0.315351 -0.016990 -0.319130
v -0.314116 -0.018224 -0.322982
v -0.313257 -0.019083 -0.327497
v -0.319130 -0.016990 -0.315351
v -0.322982 -0.018224 -0.314116
v -0.327497 -0.019083 -0.313257
v -0.345551 -0.016990 -0.315351
v -0.341698 -0.018224 -0.314116
v -0.337184 -0.019083 -0.313257
v -0.349330 -0.016990 -0.319130
v -0.350564 -0.018224 -0.322982
v -0.351424 -0.019083 -0.327497
v -0.349330 -0.016990 -0.345551
v -0.350564 -0.018224 -0.341698
v -0.351424 -0.019083 -0.337184
v -0.349388 0.017000 -0.345590
v -0.350626 0.018236 -0.341729
v -0.351487 0.019097 -0.337200
v -0.349388 0.017000 -0.319090
v -0.350626 0.018236 -0.322951
v -0.351487 0.019097 -0.327481
v -0.345590 0.017000 -0.315293
v -0.341729 0.018236 -0.314054
v -0.337200 0.019097 -0.313193
v -0.319090 0.017000 -0.315293
v -0.322951 0.018236 -0.314054
v -0.327481 0.019097 -0.313193
v -0.315293 0.017000 -0.319090
v -0.314054 0.018236 -0.322951
v -0.313193 0.019097 -0.327481
v -0.315293 0.017000 -0.345590
v -0.314054 0.018236 -0.341729
v -0.313193 0.019097 -0.337200
v -0.319090 0.017000 -0.349388
v -0.322951 0.018236 -0.350626
v -0.327481 0.019097 -0.351487
v -0.345590 0.017000 -0.349388
v -0.341729 0.018236 -0.350626
v -0.337200 0.019097 -0.351487
v -0.349330 -0.013211 -0.315351
v -0.350564 -0.009358 -0.314116
v -0.351424 -0.004843 -0.313257
v -0.349388 0.013210 -0.315293
v -0.350626 0.009344 -0.314054
v -0.351487 0.004813 -0.313193
v -0.349388 0.013210 -0.349388
v -0.350626 0.009344 -0.350626
v -0.351487 0.004813 -0.351487
v -0.349330 -0.013211 -0.349330
v -0.350564 -0.009358 -0.350564
v -0.351424 -0.004843 -0.351424
v -0.315351 -0.013211 -0.315351
v -0.314116 -0.009358 -0.314116
v -0.313257 -0.004843 -0.313257
v -0.315293 0.013210 -0.315293
v -0.314054 0.009344 -0.314054
v -0.313193 0.004813 -0.313193
v -0.315351 -0.013211 -0.349330
v -0.314116 -0.009358 -0.350564
v -0.313257 -0.004843 -0.351424
v -0.315293 0.013210 -0.349388
v -0.314054 0.009344 -0.350626
v -0.313193 0.004813 -0.351487
v -0.332340 -0.022680 -0.347749
v -0.332340 -0.025221 -0.343099
v -0.332340 -0.026853 -0.337884
v -0.316932 -0.022680 -0.332340
v -0.321582 -0.025221 -0.332340
v -0.326796 -0.026853 -0.332340
v -0.332340 -0.022680 -0.316931
v -0.332340 -0.025221 -0.321582
v -0.332340 -0.026853 -0.326796
v -0.347749 -0.022680 -0.332340
v -0.343099 -0.025221 -0.332340
v -0.337884 -0.026853 -0.332340
v -0.347803 0.022707 -0.332340
v -0.343135 0.025251 -0.332340
v -0.337903 0.026887 -0.332340
v -0.332340 0.022707 -0.316877
v -0.332340 0.025251 -0.321545
v -0.332340 0.026887 -0.326778
v -0.316877 0.022707 -0.332340
v -0.321545 0.025251 -0.332340
v -0.326778 0.026887 -0.332340
v -0.332340 0.022707 -0.347803
v -0.332340 0.025251 -0.343135
v -0.332340 0.026887 -0.337903
v -0.355020 -0.015409 -0.332340
v -0.357561 -0.010758 -0.332340
v -0.359193 -0.005544 -0.332340
v -0.355206 0.000000 -0.317062
v -0.357747 0.000000 -0.321816
v -0.359312 0.000000 -0.326975
v -0.355096 0.015412 -0.332340
v -0.357632 0.010750 -0.332340
v -0.359271 0.005516 -0.332340
v -0.355096 -0.000049 -0.347803
v -0.357632 -0.000049 -0.343135
v -0.359271 -0.000049 -0.337903
v -0.332340 -0.015409 -0.309660
v -0.332340 -0.010758 -0.307120
v -0.332340 -0.005544 -0.305487
v -0.317062 0.000000 -0.309475
v -0.321816 0.000000 -0.306934
v -0.326975 0.000000 -0.305369
v -0.332340 0.015412 -0.309584
v -0.332340 0.010750 -0.307049
v -0.332340 0.005516 -0.305409
v -0.347618 0.000000 -0.309475
v -0.342864 0.000000 -0.306934
v -0.337705 0.000000 -0.305369
v -0.309660 -0.015409 -0.332340
v -0.307120 -0.010758 -0.332340
v -0.305487 -0.005544 -0.332340
v -0.309584 -0.000049 -0.347803
v -0.307049 -0.000049 -0.343135
v -0.305409 -0.000049 -0.337903
v -0.309584 0.015412 -0.332340
v -0.307049 0.010750 -0.332340
v -0.305409 0.005516 -0.332340
v -0.309475 0.000000 -0.317062
v -0.306934 0.000000 -0.321816
v -0.305369 0.000000 -0.326975
v -0.332340 -0.015409 -0.355020
v -0.332340 -0.010758 -0.357561
v -0.332340 -0.005544 -0.359193
v -0.347803 -0.000049 -0.355096
v -0.343135 -0.000049 -0.357632
v -0.337903 -0.000049 -0.359271
v -0.332340 0.015412 -0.355096
v -0.332340 0.010750 -0.357632
v -0.332340 0.005516 -0.359271
v -0.316877 -0.000049 -0.355096
v -0.321545 -0.000049 -0.357632
v -0.326778 -0.000049 -0.359271
v -0.346008 -0.019447 -0.346008
v -0.341959 -0.021188 -0.346844
v -0.337302 -0.022307 -0.347492
v -0.346844 -0.021188 -0.341958
v -0.342457 -0.023390 -0.342457
v -0.337538 -0.024765 -0.342900
v -0.347492 -0.022307 -0.337302
v -0.342900 -0.024765 -0.337538
v -0.337772 -0.026321 -0.337772
v -0.318673 -0.019447 -0.346008
v -0.317836 -0.021188 -0.341958
v -0.317188 -0.022307 -0.337302
v -0.322722 -0.021188 -0.346844
v -0.322223 -0.023390 -0.342457
v -0.321780 -0.024765 -0.337538
v -0.327379 -0.022307 -0.347492
v -0.327142 -0.024765 -0.342900
v -0.326909 -0.026321 -0.337772
v -0.318673 -0.019447 -0.318672
v -0.322722 -0.021188 -0.317836
v -0.327379 -0.022307 -0.317188
v -0.317836 -0.021188 -0.322722
v -0.322223 -0.023390 -0.322223
v -0.327142 -0.024765 -0.321780
v -0.317188 -0.022307 -0.327379
v -0.321780 -0.024765 -0.327142
v -0.326909 -0.026321 -0.326909
v -0.346008 -0.019447 -0.318672
v -0.346844 -0.021188 -0.322722
v -0.347492 -0.022307 -0.327379
v -0.341959 -0.021188 -0.317836
v -0.342457 -0.023390 -0.322223
v -0.342900 -0.024765 -0.327142
v -0.337302 -0.022307 -0.317188
v -0.337538 -0.024765 -0.321780
v -0.337772 -0.026321 -0.326909
v -0.346048 0.019462 -0.346048
v -0.346896 0.021210 -0.341990
v -0.347546 0.022334 -0.337319
v -0.341990 0.021210 -0.346896
v -0.342491 0.023418 -0.342491
v -0.342935 0.024795 -0.337555
v -0.337319 0.022334 -0.347546
v -0.337555 0.024795 -0.342935
v -0.337790 0.026356 -0.337790
v -0.346048 0.019462 -0.318632
v -0.341990 0.021210 -0.317785
v -0.337319 0.022334 -0.317134
v -0.346896 0.021210 -0.322690
v -0.342491 0.023418 -0.322189
v -0.337555 0.024795 -0.321745
v -0.347546 0.022334 -0.327362
v -0.342935 0.024795 -0.327125
v -0.337790 0.026356 -0.326890
v -0.318632 0.019462 -0.318632
v -0.317785 0.021210 -0.322690
v -0.317134 0.022334 -0.327362
v -0.322690 0.021210 -0.317785
v -0.322189 0.023418 -0.322189
v -0.321745 0.024795 -0.327125
v -0.327362 0.022334 -0.317134
v -0.327125 0.024795 -0.321745
v -0.326890 0.026356 -0.326890
v -0.318632 0.019462 -0.346048
v -0.322690 0.021210 -0.346896
v -0.327362 0.022334 -0.347546
v -0.317785 0.021210 -0.341990
v -0.322189 0.023418 -0.342491
v -0.327125 0.024795 -0.342935
v -0.317134 0.022334 -0.337319
v -0.321745 0.024795 -0.337555
v -0.326890 0.026356 -0.337790
v -0.351787 -0.013668 -0.346008
v -0.353528 -0.014504 -0.341958
v -0.354647 -0.015152 -0.337302
v -0.353528 -0.009618 -0.346844
v -0.355731 -0.010117 -0.342457
v -0.357105 -0.010560 -0.337538
v -0.354647 -0.004962 -0.347492
v -0.357105 -0.005198 -0.342900
v -0.358662 -0.005431 -0.337772
v -0.351787 -0.013668 -0.318672
v -0.353528 -0.009618 -0.317836
v -0.354647 -0.004962 -0.317188
v -0.353528 -0.014504 -0.322722
v -0.355731 -0.010117 -0.322223
v -0.357105 -0.005198 -0.321780
v -0.354647 -0.015152 -0.327379
v -0.357105 -0.010560 -0.327142
v -0.358662 -0.005431 -0.326909
v -0.351852 0.013668 -0.318632
v -0.353598 0.014506 -0.322690
v -0.354723 0.015155 -0.327362
v -0.353598 0.009606 -0.317785
v -0.355798 0.010106 -0.322189
v -0.357176 0.010551 -0.327125
v -0.354723 0.004932 -0.317134
v -0.357176 0.005169 -0.321745
v -0.358738 0.005403 -0.326890
v -0.351852 0.013668 -0.346048
v -0.353598 0.009606 -0.346896
v -0.354723 0.004932 -0.347546
v -0.353598 0.014506 -0.341990
v -0.355798 0.010106 -0.342491
v -0.357176 0.005169 -0.342935
v -0.354723 0.015155 -0.337319
v -0.357176 0.010551 -0.337555
v -0.358738 0.005403 -0.337790
v -0.346008 -0.013668 -0.312893
v -0.341959 -0.014504 -0.311152
v -0.337302 -0.015152 -0.310033
v -0.346844 -0.009618 -0.311152
v -0.342457 -0.010117 -0.308950
v -0.337538 -0.010560 -0.307576
v -0.347492 -0.004962 -0.310033
v -0.342900 -0.005198 -0.307576
v -0.337772 -0.005431 -0.306019
v -0.318673 -0.013668 -0.312893
v -0.317836 -0.009618 -0.311152
v -0.317188 -0.004962 -0.310033
v -0.322722 -0.014504 -0.311152
v -0.322223 -0.010117 -0.308950
v -0.321780 -0.005198 -0.307576
v -0.327379 -0.015152 -0.310033
v -0.327142 -0.010560 -0.307576
v -0.326909 -0.005431 -0.306019
v -0.318632 0.013668 -0.312829
v -0.322690 0.014506 -0.311082
v -0.327362 0.015155 -0.309957
v -0.317785 0.009606 -0.311082
v -0.322189 0.010106 -0.308882
v -0.327125 0.010551 -0.307505
v -0.317134 0.004932 -0.309957
v -0.321745 0.005169 -0.307505
v -0.326890 0.005403 -0.305943
v -0.346048 0.013668 -0.312829
v -0.346896 0.009606 -0.311082
v -0.347546 0.004932 -0.309957
v -0.341990 0.014506 -0.311082
v -0.342491 0.010106 -0.308882
v -0.342935 0.005169 -0.307505
v -0.337319 0.015155 -0.309957
v -0.337555 0.010551 -0.307505
v -0.337790 0.005403 -0.305943
v -0.312893 -0.013668 -0.318672
v -0.311152 -0.014504 -0.322722
v -0.310033 -0.015152 -0.327379
v -0.311152 -0.009618 -0.317836
v -0.308950 -0.010117 -0.322223
v -0.307576 -0.010560 -0.327142
v -0.310033 -0.004962 -0.317188
v -0.307576 -0.005198 -0.321780
v -0.306019 -0.005431 -0.326909
v -0.312893 -0.013668 -0.346008
v -0.311152 -0.009618 -0.346844
v -0.310033 -0.004962 -0.347492
v -0.311152 -0.014504 -0.341958
v -0.308950 -0.010117 -0.342457
v -0.307576 -0.005198 -0.342900
v -0.310033 -0.015152 -0.337302
v -0.307576 -0.010560 -0.337538
v -0.306019 -0.005431 -0.337772
v -0.312829 0.013668 -0.346048
v -0.311082 0.014506 -0.341990
v -0.309957 0.015155 -0.337319
v -0.311082 0.009606 -0.346896
v -0.308883 0.010106 -0.342491
v -0.307505 0.010551 -0.337555
v -0.309957 0.004932 -0.347546
v -0.307505 0.005169 -0.342935
v -0.305943 0.005403 -0.337790
v -0.312829 0.013668 -0.318632
v -0.311082 0.009606 -0.317785
v -0.309957 0.004932 -0.317134
v -0.311082 0.014506 -0.322690
v -0.308883 0.010106 -0.322189
v -0.307505 0.005169 -0.321745
v -0.309957 0.015155 -0.327362
v -0.307505 0.010551 -0.327125
v -0.305943 0.005403 -0.326890
v -0.318673 -0.013668 -0.351787
v -0.322722 -0.014504 -0.353528
v -0.327379 -0.015152 -0.354647
v -0.317836 -0.009618 -0.353528
v -0.322223 -0.010117 -0.355730
v -0.327142 -0.010560 -0.357105
v -0.317188 -0.004962 -0.354647
v -0.321780 -0.005198 -0.357105
v -0.326909 -0.005431 -0.358662
v -0.346008 -0.013668 -0.351787
v -0.346844 -0.009618 -0.353528
v -0.347492 -0.004962 -0.354647
v -0.341959 -0.014504 -0.353528
v -0.342457 -0.010117 -0.355730
v -0.342900 -0.005198 -0.357105
v -0.337302 -0.015152 -0.354647
v -0.337538 -0.010560 -0.357105
v -0.337772 -0.005431 -0.358662
v -0.346048 0.013668 -0.351852
v -0.341990 0.014506 -0.353598
v -0.337319 0.015155 -0.354723
v -0.346896 0.009606 -0.353598
v -0.342491 0.010106 -0.355798
v -0.337555 0.010551 -0.357176
v -0.347546 0.004932 -0.354723
v -0.342935 0.005169 -0.357176
v -0.337790 0.005403 -0.358738
v -0.318632 0.013668 -0.351852
v -0.317785 0.009606 -0.353598
v -0.317134 0.004932 -0.354723
v -0.322690 0.014506 -0.353598
v -0.322189 0.010106 -0.355798
v -0.321745 0.005169 -0.357176
v -0.327362 0.015155 -0.354723
v -0.327125 0.010551 -0.357176
v -0.326890 0.005403 -0.358738
v -0.337884 -0.026853 -0.332340
v -0.332340 -0.027500 -0.332340
v -0.332340 -0.027500 -0.332340
v -0.312952 -0.019388 -0.332340
v -0.316932 -0.022680 -0.332340
v -0.321582 -0.025221 -0.332340
v -0.326796 -0.026853 -0.332340
v -0.332340 -0.027500 -0.332340
v -0.332340 -0.027500 -0.332340
v -0.332340 -0.027500 -0.332340
v -0.337884 -0.026853 -0.332340
v -0.332340 0.027500 -0.332340
v -0.332340 0.027500 -0.332340
v -0.332340 0.027500 -0.332340
v -0.332340 0.027500 -0.332340
v -0.312887 0.019403 -0.332340
v -0.316877 0.022707 -0.332340
v -0.321545 0.025251 -0.332340
v -0.326778 0.026887 -0.332340
v -0.332340 0.027500 -0.332340
v -0.348171 -0.015830 -0.348171
v -0.349330 -0.016990 -0.345551
v -0.350564 -0.018224 -0.341698
v -0.351424 -0.019083 -0.337184
v -0.351729 -0.019388 -0.332340
v -0.349330 -0.016990 -0.319130
v -0.348171 -0.015830 -0.316510
v -0.350564 -0.018224 -0.322982
v -0.351424 -0.019083 -0.327497
v -0.348226 0.015835 -0.316454
v -0.349388 0.017000 -0.319090
v -0.350626 0.018236 -0.322951
v -0.351487 0.019097 -0.327481
v -0.351793 0.019403 -0.332340
v -0.349388 0.017000 -0.345590
v -0.348226 0.015835 -0.348226
v -0.350626 0.018236 -0.341729
v -0.351487 0.019097 -0.337200
v -0.348171 -0.015830 -0.316510
v -0.349330 -0.013211 -0.315351
v -0.345551 -0.016990 -0.315351
v -0.341698 -0.018224 -0.314116
v -0.337184 -0.019083 -0.313257
v -0.332340 -0.019388 -0.312952
v -0.350564 -0.009358 -0.314116
v -0.351424 -0.004843 -0.313257
v -0.351786 0.000000 -0.312895
v -0.319130 -0.016990 -0.315351
v -0.316510 -0.015830 -0.316510
v -0.322982 -0.018224 -0.314116
v -0.327497 -0.019083 -0.313257
v -0.316454 0.015835 -0.316454
v -0.319090 0.017000 -0.315293
v -0.322951 0.018236 -0.314054
v -0.327481 0.019097 -0.313193
v -0.332340 0.019403 -0.312887
v -0.345590 0.017000 -0.315293
v -0.349388 0.013210 -0.315293
v -0.348226 0.015835 -0.316454
v -0.350626 0.009344 -0.314054
v -0.351487 0.004813 -0.313193
v -0.341729 0.018236 -0.314054
v -0.337200 0.019097 -0.313193
v -0.316510 -0.015830 -0.316510
v -0.315351 -0.013211 -0.315351
v -0.315351 -0.016990 -0.319130
v -0.314116 -0.018224 -0.322982
v -0.313257 -0.019083 -0.327497
v -0.312952 -0.019388 -0.332340
v -0.314116 -0.009358 -0.314116
v -0.313257 -0.004843 -0.313257
v -0.312895 0.000000 -0.312895
v -0.315351 -0.016990 -0.345551
v -0.316510 -0.015830 -0.348171
v -0.314116 -0.018224 -0.341698
v -0.313257 -0.019083 -0.337184
v -0.312952 -0.019388 -0.332340
v -0.309660 -0.015409 -0.332340
v -0.307120 -0.010758 -0.332340
v -0.305487 -0.005544 -0.332340
v -0.304840 0.000000 -0.332340
v -0.316454 0.015835 -0.348226
v -0.315293 0.017000 -0.345590
v -0.314054 0.018236 -0.341729
v -0.313193 0.019097 -0.337200
v -0.312887 0.019403 -0.332340
v -0.315293 0.017000 -0.319090
v -0.315293 0.013210 -0.315293
v -0.316454 0.015835 -0.316454
v -0.314054 0.009344 -0.314054
v -0.313193 0.004813 -0.313193
v -0.314054 0.018236 -0.322951
v -0.313193 0.019097 -0.327481
v -0.312887 0.019403 -0.332340
v -0.309584 0.015412 -0.332340
v -0.307049 0.010750 -0.332340
v -0.305409 0.005516 -0.332340
v -0.316510 -0.015830 -0.348171
v -0.315351 -0.013211 -0.349330
v -0.319130 -0.016990 -0.349330
v -0.322982 -0.018224 -0.350564
v -0.327497 -0.019083 -0.351424
v -0.332340 -0.019388 -0.351729
v -0.314116 -0.009358 -0.350564
v -0.313257 -0.004843 -0.351424
v -0.312887 -0.000049 -0.351793
v -0.345551 -0.016990 -0.349330
v -0.349330 -0.013211 -0.349330
v -0.348171 -0.015830 -0.348171
v -0.350564 -0.009358 -0.350564
v -0.351424 -0.004843 -0.351424
v -0.351793 -0.000049 -0.351793
v -0.341698 -0.018224 -0.350564
v -0.337184 -0.019083 -0.351424
v -0.348226 0.015835 -0.348226
v -0.349388 0.013210 -0.349388
v -0.345590 0.017000 -0.349388
v -0.341729 0.018236 -0.350626
v -0.337200 0.019097 -0.351487
v -0.332340 0.019403 -0.351793
v -0.350626 0.009344 -0.350626
v -0.351487 0.004813 -0.351487
v -0.319090 0.017000 -0.349388
v -0.315293 0.013210 -0.349388
v -0.316454 0.015835 -0.348226
v -0.314054 0.009344 -0.350626
v -0.313193 0.004813 -0.351487
v -0.322951 0.018236 -0.350626
v -0.327481 0.019097 -0.351487
vn -0.577350 -0.577350 -0.577350
vn -0.577350 -0.577350 0.577350
vn 0.577350 -0.577350 -0.577350
vn 0.577350 -0.577350 0.577350
vn -0.577053 0.577944 -0.577053
vn -0.577053 0.577944 0.577053
vn 0.577053 0.577944 -0.577053
vn 0.577053 0.577944 0.577053
vn 0.000000 -1.000000 0.000000
vn 0.000000 1.000000 0.000000
vn -0.999975 -0.007027 -0.000914
vn 0.000000 -0.006784 0.999977
vn 0.999975 -0.007028 -0.000914
vn 0.000000 -0.007271 -0.999974
vn 0.000000 -0.707107 -0.707107
vn 0.707107 -0.707107 0.000000
vn 0.000000 -0.707107 0.707107
vn -0.707107 -0.707107 0.000000
vn -0.707206 0.707008 0.000000
vn 0.000000 0.707008 0.707206
vn 0.707206 0.707008 0.000000
vn 0.000000 0.707008 -0.707206
vn -0.707078 -0.009016 0.707078
vn -0.707072 -0.009977 -0.707072
vn 0.707078 -0.009016 0.707078
vn 0.707072 -0.009977 -0.707072
vn -0.480539 -0.620114 -0.620114
vn -0.341098 -0.664700 -0.664700
vn -0.176933 -0.695951 -0.695951
vn 0.480540 -0.620114 -0.620113
vn 0.341098 -0.664701 -0.664699
vn 0.176933 -0.695951 -0.695950
vn 0.620114 -0.620114 -0.480539
vn 0.664700 -0.664700 -0.341098
vn 0.695951 -0.695951 -0.176933
vn 0.620113 -0.620114 0.480540
vn 0.664699 -0.664701 0.341098
vn 0.695950 -0.695951 0.176933
vn 0.480539 -0.620114 0.620114
vn 0.341098 -0.664700 0.664700
vn 0.176933 -0.695951 0.695951
vn -0.480540 -0.620114 0.620113
vn -0.341098 -0.664701 0.664699
vn -0.176933 -0.695951 0.695951
vn -0.620114 -0.620114 0.480539
vn -0.664700 -0.664700 0.341098
vn -0.695951 -0.695951 0.176933
vn -0.620114 -0.620114 -0.480539
vn -0.664700 -0.664700 -0.341098
vn -0.695951 -0.695951 -0.176933
vn -0.619905 0.620459 -0.480362
vn -0.664596 0.664652 -0.341394
vn -0.696051 0.695869 -0.176858
vn -0.619905 0.620459 0.480362
vn -0.664595 0.664652 0.341395
vn -0.696051 0.695869 0.176858
vn -0.480362 0.620459 0.619905
vn -0.341395 0.664652 0.664595
vn -0.176858 0.695869 0.696051
vn 0.480362 0.620459 0.619905
vn 0.341395 0.664652 0.664595
vn 0.176858 0.695869 0.696051
vn 0.619905 0.620459 0.480362
vn 0.664595 0.664652 0.341395
vn 0.696051 0.695869 0.176858
vn 0.619905 0.620459 -0.480362
vn 0.664595 0.664652 -0.341395
vn 0.696051 0.695869 -0.176858
vn 0.480362 0.620459 -0.619905
vn 0.341394 0.664652 -0.664596
vn 0.176858 0.695869 -0.696051
vn -0.480362 0.620459 -0.619905
vn -0.341394 0.664652 -0.664596
vn -0.176858 0.695869 -0.696051
vn -0.620113 -0.480541 0.620113
vn -0.664700 -0.341099 0.664700
vn -0.695038 -0.183967 0.695038
vn -0.619981 0.480883 0.619980
vn -0.664625 0.341393 0.664623
vn -0.696185 0.175080 0.696185
vn -0.619981 0.480883 -0.619980
vn -0.664625 0.341393 -0.664623
vn -0.695964 0.176834 -0.695963
vn -0.620113 -0.480541 -0.620113
vn -0.664700 -0.341099 -0.664700
vn -0.694679 -0.186661 -0.694679
vn 0.620114 -0.480539 0.620114
vn 0.664700 -0.341098 0.664700
vn 0.695038 -0.183968 0.695038
vn 0.619980 0.480884 0.619980
vn 0.664624 0.341393 0.664624
vn 0.696185 0.175080 0.696185
vn 0.620114 -0.480539 -0.620114
vn 0.664700 -0.341098 -0.664700
vn 0.694679 -0.186662 -0.694679
vn 0.619980 0.480884 -0.619980
vn 0.664624 0.341393 -0.664624
vn 0.695963 0.176833 -0.695963
vn 0.000000 -0.828751 -0.559617
vn 0.000000 -0.921249 -0.388973
vn 0.000000 -0.979125 -0.203257
vn 0.559617 -0.828751 0.000000
vn 0.388973 -0.921249 0.000000
vn 0.203258 -0.979125 0.000000
vn 0.000000 -0.828751 0.559617
vn 0.000000 -0.921249 0.388973
vn 0.000000 -0.979125 0.203257
vn -0.559617 -0.828751 0.000000
vn -0.388973 -0.921249 0.000000
vn -0.203257 -0.979125 0.000000
vn -0.559402 0.828896 0.000000
vn -0.388341 0.921516 0.000000
vn -0.201446 0.979500 0.000000
vn 0.000000 0.828896 0.559402
vn 0.000000 0.921516 0.388341
vn 0.000000 0.979500 0.201446
vn 0.559402 0.828896 0.000000
vn 0.388341 0.921516 0.000000
vn 0.201446 0.979500 0.000000
vn 0.000000 0.828896 -0.559402
vn 0.000000 0.921516 -0.388341
vn 0.000000 0.979500 -0.201446
vn -0.828751 -0.559617 0.000000
vn -0.921249 -0.388973 0.000000
vn -0.978280 -0.207289 -0.000337
vn -0.830622 -0.008560 0.556771
vn -0.923028 -0.007570 0.384660
vn -0.980438 -0.006910 0.196709
vn -0.829181 0.558980 0.000000
vn -0.921612 0.388113 0.000000
vn -0.979703 0.200453 -0.000575
vn -0.829044 -0.009544 -0.559102
vn -0.921477 -0.008558 -0.388339
vn -0.979799 -0.007640 -0.199838
vn 0.000000 -0.559617 0.828751
vn 0.000000 -0.388973 0.921249
vn 0.000000 -0.207612 0.978211
vn 0.556771 -0.008560 0.830622
vn 0.384660 -0.007570 0.923028
vn 0.196709 -0.006910 0.980438
vn 0.000000 0.558980 0.829181
vn 0.000000 0.388113 0.921612
vn 0.000000 0.201010 0.979589
vn -0.556771 -0.008560 0.830622
vn -0.384660 -0.007570 0.923028
vn -0.196709 -0.006910 0.980438
vn 0.828751 -0.559617 0.000000
vn 0.921249 -0.388973 0.000000
vn 0.978280 -0.207288 -0.000337
vn 0.829044 -0.009544 -0.559102
vn 0.921477 -0.008558 -0.388339
vn 0.979799 -0.007640 -0.199838
vn 0.829181 0.558980 0.000000
vn 0.921612 0.388113 0.000000
vn 0.979703 0.200453 -0.000575
vn 0.830622 -0.008560 0.556771
vn 0.923028 -0.007570 0.384660
vn 0.980438 -0.006910 0.196709
vn 0.000000 -0.559617 -0.828751
vn 0.000000 -0.388973 -0.921249
vn 0.000000 -0.206966 -0.978348
vn -0.559102 -0.009544 -0.829044
vn -0.388339 -0.008558 -0.921477
vn -0.199838 -0.007640 -0.979799
vn 0.000000 0.558981 -0.829181
vn 0.000000 0.388113 -0.921612
vn 0.000000 0.199896 -0.979817
vn 0.559102 -0.009544 -0.829044
vn 0.388339 -0.008558 -0.921477
vn 0.199838 -0.007640 -0.979799
vn -0.496353 -0.712227 -0.496353
vn -0.349238 -0.774614 -0.527262
vn -0.180544 -0.814840 -0.550854
vn -0.527262 -0.774614 -0.349238
vn -0.367019 -0.854748 -0.367019
vn -0.188731 -0.904340 -0.382819
vn -0.550854 -0.814840 -0.180544
vn -0.382819 -0.904340 -0.188731
vn -0.198211 -0.959909 -0.198211
vn 0.496353 -0.712227 -0.496353
vn 0.527262 -0.774614 -0.349238
vn 0.550854 -0.814840 -0.180544
vn 0.349238 -0.774614 -0.527262
vn 0.367019 -0.854748 -0.367019
vn 0.382819 -0.904340 -0.188731
vn 0.180544 -0.814840 -0.550854
vn 0.188731 -0.904340 -0.382819
vn 0.198212 -0.959909 -0.198212
vn 0.496353 -0.712227 0.496353
vn 0.349238 -0.774614 0.527262
vn 0.180544 -0.814840 0.550854
vn 0.527262 -0.774614 0.349238
vn 0.367019 -0.854748 0.367019
vn 0.188731 -0.904340 0.382819
vn 0.550854 -0.814840 0.180544
vn 0.382819 -0.904340 0.188731
vn 0.198212 -0.959909 0.198212
vn -0.496353 -0.712227 0.496353
vn -0.527262 -0.774614 0.349238
vn -0.550854 -0.814840 0.180544
vn -0.349238 -0.774614 0.527262
vn -0.367019 -0.854748 0.367019
vn -0.382819 -0.904340 0.188731
vn -0.180544 -0.814840 0.550854
vn -0.188731 -0.904340 0.382819
vn -0.198211 -0.959909 0.198211
vn -0.496224 0.712407 -0.496224
vn -0.527125 0.774560 -0.349565
vn -0.550679 0.814974 -0.180470
vn -0.349565 0.774560 -0.527125
vn -0.366859 0.854886 -0.366859
vn -0.382253 0.904621 -0.188532
vn -0.180470 0.814974 -0.550679
vn -0.188532 0.904621 -0.382253
vn -0.197209 0.960322 -0.197209
vn -0.496224 0.712407 0.496224
vn -0.349565 0.774560 0.527125
vn -0.180470 0.814974 0.550679
vn -0.527125 0.774560 0.349565
vn -0.366859 0.854886 0.366859
vn -0.188532 0.904621 0.382253
vn -0.550679 0.814974 0.180470
vn -0.382253 0.904621 0.188532
vn -0.197209 0.960322 0.197209
vn 0.496224 0.712407 0.496224
vn 0.527125 0.774560 0.349565
vn 0.550679 0.814974 0.180470
vn 0.349565 0.774560 0.527125
vn 0.366859 0.854886 0.366859
vn 0.382253 0.904621 0.188532
vn 0.180470 0.814974 0.550679
vn 0.188532 0.904621 0.382253
vn 0.197209 0.960322 0.197209
vn 0.496224 0.712407 -0.496224
vn 0.349565 0.774560 -0.527125
vn 0.180470 0.814974 -0.550679
vn 0.527125 0.774560 -0.349565
vn 0.366859 0.854886 -0.366859
vn 0.188532 0.904621 -0.382253
vn 0.550679 0.814974 -0.180470
vn 0.382253 0.904621 -0.188532
vn 0.197209 0.960322 -0.197209
vn -0.712227 -0.496354 -0.496352
vn -0.774614 -0.527263 -0.349237
vn -0.814840 -0.550854 -0.180544
vn -0.774614 -0.349239 -0.527262
vn -0.854748 -0.367020 -0.367018
vn -0.904340 -0.382819 -0.188731
vn -0.813445 -0.189825 -0.549794
vn -0.902870 -0.197032 -0.382106
vn -0.959100 -0.204040 -0.196202
vn -0.712227 -0.496354 0.496352
vn -0.774614 -0.349239 0.527262
vn -0.814564 -0.187771 0.548843
vn -0.774614 -0.527263 0.349237
vn -0.854748 -0.367020 0.367018
vn -0.903776 -0.196343 0.380313
vn -0.814840 -0.550854 0.180544
vn -0.904340 -0.382819 0.188731
vn -0.959330 -0.204362 0.194739
vn -0.712537 0.496406 0.495855
vn -0.774906 0.526865 0.349191
vn -0.815263 0.550245 0.180492
vn -0.775027 0.349374 0.526566
vn -0.855252 0.366519 0.366343
vn -0.904724 0.381953 0.188647
vn -0.816335 0.179389 0.549015
vn -0.905539 0.188871 0.379903
vn -0.960723 0.197565 0.194883
vn -0.712537 0.496406 -0.495855
vn -0.775027 0.349374 -0.526566
vn -0.815389 0.180480 -0.550062
vn -0.774906 0.526865 -0.349191
vn -0.855252 0.366520 -0.366343
vn -0.904820 0.188590 -0.381752
vn -0.815263 0.550245 -0.180491
vn -0.904723 0.381953 -0.188647
vn -0.960587 0.196523 -0.196599
vn -0.496354 -0.496354 0.712226
vn -0.349237 -0.527263 0.774614
vn -0.180543 -0.550854 0.814840
vn -0.527263 -0.349238 0.774614
vn -0.367018 -0.367019 0.854748
vn -0.188731 -0.382819 0.904340
vn -0.548843 -0.187771 0.814564
vn -0.380313 -0.196343 0.903776
vn -0.194739 -0.204362 0.959330
vn 0.496353 -0.496353 0.712227
vn 0.527262 -0.349238 0.774614
vn 0.548843 -0.187772 0.814563
vn 0.349238 -0.527262 0.774615
vn 0.367019 -0.367020 0.854748
vn 0.380313 -0.196344 0.903776
vn 0.180543 -0.550854 0.814840
vn 0.188731 -0.382819 0.904340
vn 0.194739 -0.204362 0.959330
vn 0.495855 0.496407 0.712536
vn 0.349190 0.526866 0.774906
vn 0.180492 0.550245 0.815263
vn 0.526566 0.349374 0.775026
vn 0.366342 0.366520 0.855253
vn 0.188647 0.381953 0.904723
vn 0.549015 0.179389 0.816335
vn 0.379903 0.188871 0.905540
vn 0.194883 0.197565 0.960723
vn -0.495855 0.496407 0.712536
vn -0.526566 0.349374 0.775026
vn -0.549015 0.179389 0.816335
vn -0.349190 0.526866 0.774906
vn -0.366342 0.366520 0.855253
vn -0.379903 0.188871 0.905540
vn -0.180492 0.550245 0.815263
vn -0.188647 0.381953 0.904723
vn -0.194883 0.197565 0.960723
vn 0.712227 -0.496352 0.496354
vn 0.774614 -0.527262 0.349239
vn 0.814840 -0.550854 0.180543
vn 0.774614 -0.349237 0.527263
vn 0.854748 -0.367018 0.367020
vn 0.904340 -0.382818 0.188731
vn 0.814563 -0.187772 0.548843
vn 0.903776 -0.196344 0.380313
vn 0.959330 -0.204362 0.194738
vn 0.712227 -0.496353 -0.496353
vn 0.774614 -0.349238 -0.527262
vn 0.813445 -0.189826 -0.549794
vn 0.774614 -0.527262 -0.349238
vn 0.854748 -0.367019 -0.367019
vn 0.902870 -0.197032 -0.382106
vn 0.814840 -0.550854 -0.180544
vn 0.904340 -0.382819 -0.188731
vn 0.959100 -0.204040 -0.196202
vn 0.712536 0.496407 -0.495855
vn 0.774906 0.526866 -0.349190
vn 0.815263 0.550245 -0.180492
vn 0.775026 0.349374 -0.526566
vn 0.855253 0.366520 -0.366342
vn 0.904723 0.381953 -0.188647
vn 0.815389 0.180479 -0.550062
vn 0.904820 0.188590 -0.381751
vn 0.960587 0.196523 -0.196600
vn 0.712536 0.496407 0.495855
vn 0.775026 0.349374 0.526566
vn 0.816335 0.179389 0.549015
vn 0.774906 0.526866 0.349190
vn 0.855253 0.366520 0.366342
vn 0.905540 0.188871 0.379903
vn 0.815263 0.550245 0.180492
vn 0.904723 0.381953 0.188647
vn 0.960723 0.197565 0.194883
vn 0.496354 -0.496352 -0.712227
vn 0.349239 -0.527262 -0.774614
vn 0.180543 -0.550854 -0.814840
vn 0.527263 -0.349237 -0.774614
vn 0.367020 -0.367018 -0.854748
vn 0.188731 -0.382819 -0.904340
vn 0.549794 -0.189826 -0.813445
vn 0.382106 -0.197032 -0.902870
vn 0.196202 -0.204040 -0.959100
vn -0.496352 -0.496354 -0.712227
vn -0.527262 -0.349239 -0.774614
vn -0.549794 -0.189825 -0.813445
vn -0.349237 -0.527263 -0.774614
vn -0.367018 -0.367020 -0.854748
vn -0.382106 -0.197032 -0.902870
vn -0.180544 -0.550854 -0.814840
vn -0.188731 -0.382819 -0.904340
vn -0.196202 -0.204040 -0.959100
vn -0.495855 0.496407 -0.712536
vn -0.349190 0.526866 -0.774906
vn -0.180491 0.550245 -0.815263
vn -0.526566 0.349374 -0.775026
vn -0.366341 0.366520 -0.855253
vn -0.188647 0.381953 -0.904723
vn -0.550062 0.180479 -0.815389
vn -0.381751 0.188590 -0.904820
vn -0.196600 0.196523 -0.960587
vn 0.495855 0.496407 -0.712536
vn 0.526566 0.349374 -0.775026
vn 0.550062 0.180479 -0.815389
vn 0.349190 0.526866 -0.774906
vn 0.366341 0.366520 -0.855253
vn 0.381751 0.188590 -0.904820
vn 0.180491 0.550245 -0.815263
vn 0.188647 0.381953 -0.904723
vn 0.196600 0.196523 -0.960587
vn -0.203257 -0.979125 0.000000
vn 0.000000 -1.000000 0.000000
vn 0.000000 -1.000000 0.000000
vn 0.707107 -0.707107 0.000000
vn 0.559617 -0.828751 0.000000
vn 0.388973 -0.921249 0.000000
vn 0.203258 -0.979125 0.000000
vn 0.000000 -1.000000 0.000000
vn 0.000000 -1.000000 0.000000
vn 0.000000 -1.000000 0.000000
vn -0.203257 -0.979125 0.000000
vn 0.000000 1.000000 0.000000
vn 0.000000 1.000000 0.000000
vn 0.000000 1.000000 0.000000
vn 0.000000 1.000000 0.000000
vn 0.707206 0.707008 0.000000
vn 0.559402 0.828896 0.000000
vn 0.388341 0.921516 0.000000
vn 0.201446 0.979500 0.000000
vn 0.000000 1.000000 0.000000
vn -0.577350 -0.577350 -0.577350
vn -0.620114 -0.620114 -0.480539
vn -0.664700 -0.664700 -0.341098
vn -0.695951 -0.695951 -0.176933
vn -0.707107 -0.707107 0.000000
vn -0.620114 -0.620114 0.480539
vn -0.577350 -0.577350 0.577350
vn -0.664700 -0.664700 0.341098
vn -0.695951 -0.695951 0.176933
vn -0.577053 0.577944 0.577053
vn -0.619905 0.620459 0.480362
vn -0.664595 0.664652 0.341395
vn -0.696051 0.695869 0.176858
vn -0.707206 0.707008 0.000000
vn -0.619905 0.620459 -0.480362
vn -0.577053 0.577944 -0.577053
vn -0.664596 0.664652 -0.341394
vn -0.696051 0.695869 -0.176858
vn -0.577350 -0.577350 0.577350
vn -0.620113 -0.480541 0.620113
vn -0.480540 -0.620114 0.620113
vn -0.341098 -0.664701 0.664699
vn -0.176933 -0.695951 0.695951
vn 0.000000 -0.707107 0.707107
vn -0.664700 -0.341099 0.664700
vn -0.695038 -0.183967 0.695038
vn -0.707078 -0.009016 0.707078
vn 0.480539 -0.620114 0.620114
vn 0.577350 -0.577350 0.577350
vn 0.341098 -0.664700 0.664700
vn 0.176933 -0.695951 0.695951
vn 0.577053 0.577944 0.577053
vn 0.480362 0.620459 0.619905
vn 0.341395 0.664652 0.664595
vn 0.176858 0.695869 0.696051
vn 0.000000 0.707008 0.707206
vn -0.480362 0.620459 0.619905
vn -0.619981 0.480883 0.619980
vn -0.577053 0.577944 0.577053
vn -0.664625 0.341393 0.664623
vn -0.696185 0.175080 0.696185
vn -0.341395 0.664652 0.664595
vn -0.176858 0.695869 0.696051
vn 0.577350 -0.577350 0.577350
vn 0.620114 -0.480539 0.620114
vn 0.620113 -0.620114 0.480540
vn 0.664699 -0.664701 0.341098
vn 0.695950 -0.695951 0.176933
vn 0.707107 -0.707107 0.000000
vn 0.664700 -0.341098 0.664700
vn 0.695038 -0.183968 0.695038
vn 0.707078 -0.009016 0.707078
vn 0.620114 -0.620114 -0.480539
vn 0.577350 -0.577350 -0.577350
vn 0.664700 -0.664700 -0.341098
vn 0.695951 -0.695951 -0.176933
vn 0.707107 -0.707107 0.000000
vn 0.828751 -0.559617 0.000000
vn 0.921249 -0.388973 0.000000
vn 0.978280 -0.207288 -0.000337
vn 0.999975 -0.007028 -0.000914
vn 0.577053 0.577944 -0.577053
vn 0.619905 0.620459 -0.480362
vn 0.664595 0.664652 -0.341395
vn 0.696051 0.695869 -0.176858
vn 0.707206 0.707008 0.000000
vn 0.619905 0.620459 0.480362
vn 0.619980 0.480884 0.619980
vn 0.577053 0.577944 0.577053
vn 0.664624 0.341393 0.664624
vn 0.696185 0.175080 0.696185
vn 0.664595 0.664652 0.341395
vn 0.696051 0.695869 0.176858
vn 0.707206 0.707008 0.000000
vn 0.829181 0.558980 0.000000
vn 0.921612 0.388113 0.000000
vn 0.979703 0.200453 -0.000575
vn 0.577350 -0.577350 -0.577350
vn 0.620114 -0.480539 -0.620114
vn 0.480540 -0.620114 -0.620113
vn 0.341098 -0.664701 -0.664699
vn 0.176933 -0.695951 -0.695950
vn 0.000000 -0.707107 -0.707107
vn 0.664700 -0.341098 -0.664700
vn 0.694679 -0.186662 -0.694679
vn 0.707072 -0.009977 -0.707072
vn -0.480539 -0.620114 -0.620114
vn -0.620113 -0.480541 -0.620113
vn -0.577350 -0.577350 -0.577350
vn -0.664700 -0.341099 -0.664700
vn -0.694679 -0.186661 -0.694679
vn -0.707072 -0.009977 -0.707072
vn -0.341098 -0.664700 -0.664700
vn -0.176933 -0.695951 -0.695951
vn -0.577053 0.577944 -0.577053
vn -0.619981 0.480883 -0.619980
vn -0.480362 0.620459 -0.619905
vn -0.341394 0.664652 -0.664596
vn -0.176858 0.695869 -0.696051
vn 0.000000 0.707008 -0.707206
vn -0.664625 0.341393 -0.664623
vn -0.695964 0.176834 -0.695963
vn 0.480362 0.620459 -0.619905
vn 0.619980 0.480884 -0.619980
vn 0.577053 0.577944 -0.577053
vn 0.664624 0.341393 -0.664624
vn 0.695963 0.176833 -0.695963
vn 0.341394 0.664652 -0.664596
vn 0.176858 0.695869 -0.696051
vt 0.373799 0.318191
vt 0.623613 0.318191
vt 0.123986 0.318191
vt 0.873427 0.318191
vt 0.373799 0.683609
vt 0.623613 0.683609
vt 0.123986 0.683609
vt 0.873427 0.683609
vt 0.373458 0.021756
vt 0.384783 0.971765
vt 0.498706 0.500900
vt 0.748520 0.500900
vt 0.998334 0.500900
vt 0.248892 0.500900
vt 0.248892 0.277129
vt -0.000921 0.277129
vt 0.748520 0.277129
vt 0.498706 0.277129
vt 0.498706 0.724672
vt 0.748520 0.724672
vt 0.998334 0.724672
vt 0.248892 0.724672
vt 0.623613 0.500900
vt 0.373799 0.500900
vt 0.873427 0.500900
vt 0.123986 0.500900
vt 0.354002 0.304814
vt 0.324335 0.290564
vt 0.288421 0.280647
vt 0.143782 0.304814
vt 0.173450 0.290564
vt 0.209364 0.280647
vt 0.104189 0.304814
vt 0.074521 0.290564
vt 0.038607 0.280647
vt 0.893224 0.304814
vt 0.922891 0.290564
vt 0.958805 0.280647
vt 0.853630 0.304814
vt 0.823963 0.290564
vt 0.788048 0.280647
vt 0.643410 0.304814
vt 0.673077 0.290564
vt 0.708991 0.280647
vt 0.603816 0.304814
vt 0.574149 0.290564
vt 0.538235 0.280647
vt 0.393596 0.304814
vt 0.423264 0.290564
vt 0.459178 0.280647
vt 0.393596 0.696987
vt 0.423264 0.711237
vt 0.459178 0.721153
vt 0.603816 0.696987
vt 0.574149 0.711237
vt 0.538235 0.721153
vt 0.643410 0.696987
vt 0.673077 0.711237
vt 0.708991 0.721153
vt 0.853630 0.696987
vt 0.823963 0.711237
vt 0.788048 0.721153
vt 0.893224 0.696987
vt 0.922891 0.711237
vt 0.958805 0.721153
vt 0.104189 0.696987
vt 0.074521 0.711237
vt 0.038607 0.721153
vt 0.143782 0.696987
vt 0.173450 0.711237
vt 0.209364 0.721153
vt 0.354002 0.696987
vt 0.324335 0.711237
vt 0.288421 0.721153
vt 0.623613 0.348428
vt 0.623613 0.392897
vt 0.623613 0.445000
vt 0.623613 0.653373
vt 0.623613 0.608904
vt 0.623613 0.556800
vt 0.373799 0.653373
vt 0.373799 0.608904
vt 0.373799 0.556800
vt 0.373799 0.348428
vt 0.373799 0.392897
vt 0.373799 0.445000
vt 0.873427 0.348428
vt 0.873427 0.392897
vt 0.873427 0.445000
vt 0.873427 0.653373
vt 0.873427 0.608904
vt 0.873427 0.556800
vt 0.123986 0.348428
vt 0.123986 0.392897
vt 0.123986 0.445000
vt 0.123986 0.653373
vt 0.123986 0.608904
vt 0.123986 0.556800
vt 0.248892 0.233575
vt 0.248892 0.174340
vt 0.248892 0.102047
vt -0.000921 0.233575
vt -0.000921 0.173344
vt -0.000921 0.111119
vt 0.748520 0.233575
vt 0.748520 0.174340
vt 0.748520 0.104690
vt 0.498706 0.233575
vt 0.498706 0.169569
vt 0.498706 0.097569
vt 0.498706 0.762664
vt 0.498706 0.816243
vt 0.498706 0.902040
vt 0.748520 0.762664
vt 0.748520 0.816243
vt 0.748657 0.901957
vt 0.998334 0.762664
vt 0.998334 0.816243
vt 0.997860 0.899095
vt 0.248892 0.762664
vt 0.248892 0.816243
vt 0.248892 0.902040
vt 0.498706 0.323059
vt 0.498706 0.376732
vt 0.498706 0.436917
vt 0.593613 0.500900
vt 0.562830 0.500900
vt 0.531084 0.500900
vt 0.498706 0.678741
vt 0.498706 0.625069
vt 0.498706 0.564884
vt 0.403799 0.500900
vt 0.434582 0.500900
vt 0.466328 0.500900
vt 0.748520 0.323059
vt 0.748520 0.376732
vt 0.748520 0.436917
vt 0.843427 0.500900
vt 0.812644 0.500900
vt 0.780898 0.500900
vt 0.748520 0.678741
vt 0.748520 0.625069
vt 0.748520 0.564884
vt 0.653613 0.500900
vt 0.684396 0.500900
vt 0.716142 0.500900
vt 0.998334 0.323059
vt 0.998334 0.376732
vt 0.998334 0.436917
vt 0.093986 0.500900
vt 0.063202 0.500900
vt 0.031457 0.500900
vt -0.000921 0.678741
vt -0.000921 0.625069
vt -0.000921 0.564884
vt 0.903427 0.500900
vt 0.934210 0.500900
vt 0.965956 0.500900
vt 0.248892 0.323059
vt 0.248892 0.376732
vt 0.248892 0.436917
vt 0.343800 0.500900
vt 0.313016 0.500900
vt 0.281270 0.500900
vt 0.248892 0.678741
vt 0.248892 0.625069
vt 0.248892 0.564884
vt 0.153985 0.500900
vt 0.184769 0.500900
vt 0.216515 0.500900
vt 0.373799 0.283400
vt 0.342019 0.250794
vt 0.299219 0.237880
vt 0.405580 0.250794
vt 0.373799 0.214219
vt 0.321637 0.185627
vt 0.448379 0.237880
vt 0.425961 0.175268
vt 0.372580 0.133626
vt 0.123986 0.283400
vt 0.092205 0.250794
vt 0.049406 0.237880
vt 0.155766 0.250794
vt 0.123986 0.209653
vt 0.071823 0.185920
vt 0.198565 0.237880
vt 0.176148 0.184810
vt 0.125205 0.142172
vt 0.873427 0.283400
vt 0.841646 0.250794
vt 0.798847 0.237880
vt 0.905208 0.250794
vt 0.873427 0.209653
vt 0.821265 0.181853
vt 0.948007 0.237880
vt 0.925589 0.185920
vt 0.881960 0.139528
vt 0.623613 0.283400
vt 0.591833 0.250794
vt 0.549033 0.237880
vt 0.655394 0.250794
vt 0.623613 0.214219
vt 0.571451 0.180770
vt 0.698193 0.237880
vt 0.675775 0.183082
vt 0.615080 0.132108
vt 0.373799 0.725353
vt 0.405580 0.745444
vt 0.448379 0.758358
vt 0.342019 0.745444
vt 0.373799 0.770862
vt 0.425961 0.810544
vt 0.299219 0.758358
vt 0.321637 0.810544
vt 0.373799 0.870621
vt 0.623613 0.725353
vt 0.655394 0.745444
vt 0.698193 0.758358
vt 0.591833 0.745444
vt 0.623613 0.770862
vt 0.675775 0.810544
vt 0.549033 0.758358
vt 0.571451 0.810544
vt 0.623613 0.870621
vt 0.873427 0.725353
vt 0.905208 0.745444
vt 0.948007 0.758358
vt 0.841646 0.745444
vt 0.873427 0.770862
vt 0.925589 0.810544
vt 0.798847 0.758358
vt 0.821265 0.810544
vt 0.873427 0.876644
vt 0.123986 0.725353
vt 0.155766 0.745444
vt 0.198565 0.758358
vt 0.092205 0.745444
vt 0.123986 0.770862
vt 0.176148 0.810544
vt 0.049406 0.758358
vt 0.071823 0.810544
vt 0.123986 0.870621
vt 0.401279 0.343153
vt 0.430935 0.333502
vt 0.463899 0.326019
vt 0.403241 0.389889
vt 0.433784 0.384136
vt 0.465803 0.379021
vt 0.403814 0.443635
vt 0.434603 0.440908
vt 0.466343 0.438214
vt 0.596133 0.343153
vt 0.594171 0.389889
vt 0.593599 0.443635
vt 0.566477 0.333502
vt 0.563629 0.384136
vt 0.562809 0.440908
vt 0.533514 0.326019
vt 0.531610 0.379021
vt 0.531069 0.438214
vt 0.596133 0.658648
vt 0.566477 0.668299
vt 0.533514 0.675782
vt 0.594171 0.611911
vt 0.563629 0.617665
vt 0.531610 0.622780
vt 0.593599 0.558166
vt 0.562809 0.560893
vt 0.531069 0.563587
vt 0.401279 0.658648
vt 0.403241 0.611911
vt 0.403814 0.558166
vt 0.430935 0.668299
vt 0.433784 0.617665
vt 0.434603 0.560893
vt 0.463899 0.675782
vt 0.465803 0.622780
vt 0.466343 0.563587
vt 0.651093 0.343153
vt 0.680749 0.333502
vt 0.713713 0.326019
vt 0.653055 0.389889
vt 0.683597 0.384136
vt 0.715617 0.379021
vt 0.653627 0.443635
vt 0.684417 0.440908
vt 0.716157 0.438214
vt 0.845947 0.343153
vt 0.843985 0.389889
vt 0.843413 0.443635
vt 0.816291 0.333502
vt 0.813443 0.384136
vt 0.812623 0.440908
vt 0.783327 0.326019
vt 0.781423 0.379021
vt 0.780883 0.438214
vt 0.845947 0.658648
vt 0.816291 0.668299
vt 0.783327 0.675782
vt 0.843985 0.611911
vt 0.813443 0.617665
vt 0.781423 0.622780
vt 0.843413 0.558166
vt 0.812623 0.560893
vt 0.780883 0.563587
vt 0.651093 0.658648
vt 0.653055 0.611911
vt 0.653627 0.558166
vt 0.680749 0.668299
vt 0.683597 0.617665
vt 0.684417 0.560893
vt 0.713713 0.675782
vt 0.715617 0.622780
vt 0.716157 0.563587
vt 0.900906 0.343153
vt 0.930563 0.333502
vt 0.963526 0.326019
vt 0.902869 0.389889
vt 0.933411 0.384136
vt 0.965431 0.379021
vt 0.903441 0.443635
vt 0.934231 0.440908
vt 0.965971 0.438214
vt 0.096506 0.343153
vt 0.094543 0.389889
vt 0.093971 0.443635
vt 0.066850 0.333502
vt 0.064001 0.384136
vt 0.063182 0.440908
vt 0.033886 0.326019
vt 0.031982 0.379021
vt 0.031441 0.438214
vt 0.096506 0.658648
vt 0.066850 0.668299
vt 0.033886 0.675782
vt 0.094543 0.611911
vt 0.064001 0.617665
vt 0.031982 0.622780
vt 0.093971 0.558166
vt 0.063182 0.560893
vt 0.031441 0.563587
vt 0.900906 0.658648
vt 0.902869 0.611911
vt 0.903441 0.558166
vt 0.930563 0.668299
vt 0.933411 0.617665
vt 0.934231 0.560893
vt 0.963526 0.675782
vt 0.965431 0.622780
vt 0.965971 0.563587
vt 0.151465 0.343153
vt 0.181122 0.333502
vt 0.214085 0.326019
vt 0.153428 0.389889
vt 0.183970 0.384136
vt 0.215989 0.379021
vt 0.154000 0.443635
vt 0.184789 0.440908
vt 0.216530 0.438214
vt 0.346320 0.343153
vt 0.344357 0.389889
vt 0.343785 0.443635
vt 0.316663 0.333502
vt 0.313815 0.384136
vt 0.312995 0.440908
vt 0.283700 0.326019
vt 0.281796 0.379021
vt 0.281255 0.438214
vt 0.346320 0.658648
vt 0.316663 0.668299
vt 0.283700 0.675782
vt 0.344357 0.611911
vt 0.313815 0.617665
vt 0.281796 0.622780
vt 0.343785 0.558166
vt 0.312995 0.560893
vt 0.281255 0.563587
vt 0.151465 0.658648
vt 0.153428 0.611911
vt 0.154000 0.558166
vt 0.181122 0.668299
vt 0.183970 0.617665
vt 0.184789 0.560893
vt 0.214085 0.675782
vt 0.215989 0.622780
vt 0.216530 0.563587
vt 0.498706 0.097569
vt 0.373458 0.021756
vt 0.119418 0.021756
vt 0.998334 0.277129
vt 0.998334 0.233575
vt 0.998334 0.173344
vt 0.998334 0.103510
vt 0.873917 0.020380
vt 0.873917 0.020380
vt 0.622417 0.017629
vt 0.498706 0.097569
vt 0.384783 0.971765
vt 0.619770 0.975891
vt 0.875080 0.973140
vt 0.875080 0.973140
vt -0.000921 0.724672
vt -0.000921 0.762664
vt -0.000921 0.816243
vt -0.000921 0.902040
vt 0.129473 0.971765
vt 0.373799 0.318191
vt 0.393596 0.304814
vt 0.423264 0.290564
vt 0.459178 0.280647
vt 0.498706 0.277129
vt 0.603816 0.304814
vt 0.623613 0.318191
vt 0.574149 0.290564
vt 0.538235 0.280647
vt 0.623613 0.683609
vt 0.603816 0.696987
vt 0.574149 0.711237
vt 0.538235 0.721153
vt 0.498706 0.724672
vt 0.393596 0.696987
vt 0.373799 0.683609
vt 0.423264 0.711237
vt 0.459178 0.721153
vt 0.623613 0.318191
vt 0.623613 0.348428
vt 0.643410 0.304814
vt 0.673077 0.290564
vt 0.708991 0.280647
vt 0.748520 0.277129
vt 0.623613 0.392897
vt 0.623613 0.445000
vt 0.623613 0.500900
vt 0.853630 0.304814
vt 0.873427 0.318191
vt 0.823963 0.290564
vt 0.788048 0.280647
vt 0.873427 0.683609
vt 0.853630 0.696987
vt 0.823963 0.711237
vt 0.788048 0.721153
vt 0.748520 0.724672
vt 0.643410 0.696987
vt 0.623613 0.653373
vt 0.623613 0.683609
vt 0.623613 0.608904
vt 0.623613 0.556800
vt 0.673077 0.711237
vt 0.708991 0.721153
vt 0.873427 0.318191
vt 0.873427 0.348428
vt 0.893224 0.304814
vt 0.922891 0.290564
vt 0.958805 0.280647
vt 0.998334 0.277129
vt 0.873427 0.392897
vt 0.873427 0.445000
vt 0.873427 0.500900
vt 0.104189 0.304814
vt 0.123986 0.318191
vt 0.074521 0.290564
vt 0.038607 0.280647
vt -0.000921 0.277129
vt -0.000921 0.323059
vt -0.000921 0.376732
vt -0.000921 0.436917
vt -0.000921 0.500900
vt 0.123986 0.683609
vt 0.104189 0.696987
vt 0.074521 0.711237
vt 0.038607 0.721153
vt -0.000921 0.724672
vt 0.893224 0.696987
vt 0.873427 0.653373
vt 0.873427 0.683609
vt 0.873427 0.608904
vt 0.873427 0.556800
vt 0.922891 0.711237
vt 0.958805 0.721153
vt 0.998334 0.724672
vt 0.998334 0.678741
vt 0.998334 0.625069
vt 0.998334 0.564884
vt 0.123986 0.318191
vt 0.123986 0.348428
vt 0.143782 0.304814
vt 0.173450 0.290564
vt 0.209364 0.280647
vt 0.248892 0.277129
vt 0.123986 0.392897
vt 0.123986 0.445000
vt 0.123986 0.500900
vt 0.354002 0.304814
vt 0.373799 0.348428
vt 0.373799 0.318191
vt 0.373799 0.392897
vt 0.373799 0.445000
vt 0.373799 0.500900
vt 0.324335 0.290564
vt 0.288421 0.280647
vt 0.373799 0.683609
vt 0.373799 0.653373
vt 0.354002 0.696987
vt 0.324335 0.711237
vt 0.288421 0.721153
vt 0.248892 0.724672
vt 0.373799 0.608904
vt 0.373799 0.556800
vt 0.143782 0.696987
vt 0.123986 0.653373
vt 0.123986 0.683609
vt 0.123986 0.608904
vt 0.123986 0.556800
vt 0.173450 0.711237
vt 0.209364 0.721153
f 1768/1768/1768 1769/1769/1769 1977/1977/1977
f 1765/1765/1765 1769/1769/1769 1768/1768/1768
f 1764/1764/1764 1765/1765/1765 1768/1768/1768
f 1764/1764/1764 1768/1768/1768 1767/1767/1767
f 1767/1767/1767 1768/1768/1768 1699/1699/1699
f 1768/1768/1768 1700/1700/1700 1699/1699/1699
f 1769/1769/1769 1599/1599/1599 1700/1700/1700
f 1796/1796/1796 1699/1699/1699 1700/1700/1700
f 1765/1765/1765 1766/1766/1766 1769/1769/1769
f 1766/1766/1766 1691/1691/1691 1769/1769/1769
f 1769/1769/1769 1691/1691/1691 1978/1978/1978
f 1761/1761/1761 1765/1765/1765 1764/1764/1764
f 1762/1762/1762 1766/1766/1766 1765/1765/1765
f 1761/1761/1761 1762/1762/1762 1765/1765/1765
f 1639/1639/1639 1764/1764/1764 1767/1767/1767
f 1638/1638/1638 1764/1764/1764 1639/1639/1639
f 1638/1638/1638 1761/1761/1761 1764/1764/1764
f 1591/1591/1591 1761/1761/1761 1638/1638/1638
f 1591/1591/1591 1617/1617/1617 1761/1761/1761
f 1617/1617/1617 1762/1762/1762 1761/1761/1761
f 1639/1639/1639 1767/1767/1767 1640/1640/1640
f 1617/1617/1617 1618/1618/1618 1762/1762/1762
f 1640/1640/1640 1767/1767/1767 1698/1698/1698
f 1640/1640/1640 1698/1698/1698 1608/1608/1608
f 1767/1767/1767 1699/1699/1699 1698/1698/1698
f 1618/1618/1618 1763/1763/1763 1762/1762/1762
f 1762/1762/1762 1763/1763/1763 1766/1766/1766
f 1618/1618/1618 1619/1619/1619 1763/1763/1763
f 1790/1790/1790 1608/1608/1608 1698/1698/1698
f 1790/1790/1790 1637/1637/1637 1608/1608/1608
f 1793/1793/1793 1698/1698/1698 1699/1699/1699
f 1793/1793/1793 1790/1790/1790 1698/1698/1698
f 1796/1796/1796 1793/1793/1793 1699/1699/1699
f 1763/1763/1763 1690/1690/1690 1766/1766/1766
f 1766/1766/1766 1690/1690/1690 1691/1691/1691
f 1619/1619/1619 1689/1689/1689 1763/1763/1763
f 1763/1763/1763 1689/1689/1689 1690/1690/1690
f 1619/1619/1619 1605/1605/1605 1689/1689/1689
f 1789/1789/1789 1637/1637/1637 1790/1790/1790
f 1789/1789/1789 1636/1636/1636 1637/1637/1637
f 1792/1792/1792 1790/1790/1790 1793/1793/1793
f 1792/1792/1792 1789/1789/1789 1790/1790/1790
f 1605/1605/1605 1776/1776/1776 1689/1689/1689
f 1605/1605/1605 1622/1622/1622 1776/1776/1776
f 1689/1689/1689 1777/1777/1777 1690/1690/1690
f 1689/1689/1689 1776/1776/1776 1777/1777/1777
f 1690/1690/1690 1778/1778/1778 1691/1691/1691
f 1690/1690/1690 1777/1777/1777 1778/1778/1778
f 1788/1788/1788 1636/1636/1636 1789/1789/1789
f 1788/1788/1788 1635/1635/1635 1636/1636/1636
f 1622/1622/1622 1773/1773/1773 1776/1776/1776
f 1622/1622/1622 1621/1621/1621 1773/1773/1773
f 1691/1691/1691 1778/1778/1778 1694/1694/1694
f 1691/1691/1691 1694/1694/1694 1979/1979/1979
f 1778/1778/1778 1693/1693/1693 1694/1694/1694
f 1778/1778/1778 1775/1775/1775 1693/1693/1693
f 1777/1777/1777 1775/1775/1775 1778/1778/1778
f 1775/1775/1775 1692/1692/1692 1693/1693/1693
f 1776/1776/1776 1774/1774/1774 1777/1777/1777
f 1777/1777/1777 1774/1774/1774 1775/1775/1775
f 1776/1776/1776 1773/1773/1773 1774/1774/1774
f 1775/1775/1775 1772/1772/1772 1692/1692/1692
f 1774/1774/1774 1772/1772/1772 1775/1775/1775
f 1772/1772/1772 1606/1606/1606 1692/1692/1692
f 1772/1772/1772 1625/1625/1625 1606/1606/1606
f 1774/1774/1774 1771/1771/1771 1772/1772/1772
f 1771/1771/1771 1625/1625/1625 1772/1772/1772
f 1773/1773/1773 1771/1771/1771 1774/1774/1774
f 1771/1771/1771 1624/1624/1624 1625/1625/1625
f 1773/1773/1773 1770/1770/1770 1771/1771/1771
f 1770/1770/1770 1624/1624/1624 1771/1771/1771
f 1621/1621/1621 1770/1770/1770 1773/1773/1773
f 1770/1770/1770 1623/1623/1623 1624/1624/1624
f 1621/1621/1621 1620/1620/1620 1770/1770/1770
f 1620/1620/1620 1623/1623/1623 1770/1770/1770
f 1620/1620/1620 1593/1593/1593 1623/1623/1623
f 1697/1697/1697 1700/1700/1700 1986/1986/1986
f 1787/1787/1787 1697/1697/1697 1985/1985/1985
f 1784/1784/1784 1697/1697/1697 1787/1787/1787
f 1784/1784/1784 1696/1696/1696 1697/1697/1697
f 1696/1696/1696 1796/1796/1796 1697/1697/1697
f 1697/1697/1697 1796/1796/1796 1987/1987/1987
f 1696/1696/1696 1795/1795/1795 1796/1796/1796
f 1795/1795/1795 1793/1793/1793 1796/1796/1796
f 1795/1795/1795 1792/1792/1792 1793/1793/1793
f 1695/1695/1695 1795/1795/1795 1696/1696/1696
f 1794/1794/1794 1792/1792/1792 1795/1795/1795
f 1695/1695/1695 1794/1794/1794 1795/1795/1795
f 1781/1781/1781 1696/1696/1696 1784/1784/1784
f 1781/1781/1781 1695/1695/1695 1696/1696/1696
f 1794/1794/1794 1791/1791/1791 1792/1792/1792
f 1791/1791/1791 1789/1789/1789 1792/1792/1792
f 1791/1791/1791 1788/1788/1788 1789/1789/1789
f 1607/1607/1607 1794/1794/1794 1695/1695/1695
f 1631/1631/1631 1607/1607/1607 1695/1695/1695
f 1631/1631/1631 1695/1695/1695 1781/1781/1781
f 1607/1607/1607 1634/1634/1634 1794/1794/1794
f 1634/1634/1634 1791/1791/1791 1794/1794/1794
f 1634/1634/1634 1633/1633/1633 1791/1791/1791
f 1633/1633/1633 1788/1788/1788 1791/1791/1791
f 1633/1633/1633 1632/1632/1632 1788/1788/1788
f 1632/1632/1632 1635/1635/1635 1788/1788/1788
f 1632/1632/1632 1592/1592/1592 1635/1635/1635
f 1630/1630/1630 1631/1631/1631 1781/1781/1781
f 1630/1630/1630 1781/1781/1781 1780/1780/1780
f 1629/1629/1629 1630/1630/1630 1780/1780/1780
f 1780/1780/1780 1781/1781/1781 1784/1784/1784
f 1629/1629/1629 1780/1780/1780 1779/1779/1779
f 1594/1594/1594 1629/1629/1629 1779/1779/1779
f 1594/1594/1594 1779/1779/1779 1626/1626/1626
f 1780/1780/1780 1784/1784/1784 1783/1783/1783
f 1779/1779/1779 1780/1780/1780 1783/1783/1783
f 1783/1783/1783 1784/1784/1784 1787/1787/1787
f 1626/1626/1626 1779/1779/1779 1782/1782/1782
f 1779/1779/1779 1783/1783/1783 1782/1782/1782
f 1626/1626/1626 1782/1782/1782 1627/1627/1627
f 1783/1783/1783 1787/1787/1787 1786/1786/1786
f 1782/1782/1782 1783/1783/1783 1786/1786/1786
f 1627/1627/1627 1782/1782/1782 1785/1785/1785
f 1782/1782/1782 1786/1786/1786 1785/1785/1785
f 1627/1627/1627 1785/1785/1785 1628/1628/1628
f 1786/1786/1786 1787/1787/1787 1983/1983/1983
f 1787/1787/1787 1984/1984/1984 1983/1983/1983
f 1786/1786/1786 1983/1983/1983 1982/1982/1982
f 1785/1785/1785 1786/1786/1786 1982/1982/1982
f 1785/1785/1785 1982/1982/1982 1981/1981/1981
f 1628/1628/1628 1785/1785/1785 1981/1981/1981
f 1628/1628/1628 1981/1981/1981 1980/1980/1980
f 1805/1805/1805 1600/1600/1600 1712/1712/1712
f 1804/1804/1804 1805/1805/1805 1712/1712/1712
f 1801/1801/1801 1805/1805/1805 1804/1804/1804
f 1801/1801/1801 1802/1802/1802 1805/1805/1805
f 1802/1802/1802 1703/1703/1703 1805/1805/1805
f 1805/1805/1805 1703/1703/1703 1988/1988/1988
f 1804/1804/1804 1712/1712/1712 1711/1711/1711
f 1800/1800/1800 1801/1801/1801 1804/1804/1804
f 1803/1803/1803 1804/1804/1804 1711/1711/1711
f 1800/1800/1800 1804/1804/1804 1803/1803/1803
f 1798/1798/1798 1802/1802/1802 1801/1801/1801
f 1797/1797/1797 1801/1801/1801 1800/1800/1800
f 1797/1797/1797 1798/1798/1798 1801/1801/1801
f 1663/1663/1663 1800/1800/1800 1803/1803/1803
f 1662/1662/1662 1800/1800/1800 1663/1663/1663
f 1662/1662/1662 1797/1797/1797 1800/1800/1800
f 1595/1595/1595 1797/1797/1797 1662/1662/1662
f 1595/1595/1595 1641/1641/1641 1797/1797/1797
f 1641/1641/1641 1798/1798/1798 1797/1797/1797
f 1663/1663/1663 1803/1803/1803 1664/1664/1664
f 1641/1641/1641 1642/1642/1642 1798/1798/1798
f 1664/1664/1664 1803/1803/1803 1710/1710/1710
f 1803/1803/1803 1711/1711/1711 1710/1710/1710
f 1664/1664/1664 1710/1710/1710 1612/1612/1612
f 1642/1642/1642 1799/1799/1799 1798/1798/1798
f 1798/1798/1798 1799/1799/1799 1802/1802/1802
f 1642/1642/1642 1643/1643/1643 1799/1799/1799
f 1826/1826/1826 1612/1612/1612 1710/1710/1710
f 1826/1826/1826 1661/1661/1661 1612/1612/1612
f 1829/1829/1829 1710/1710/1710 1711/1711/1711
f 1829/1829/1829 1826/1826/1826 1710/1710/1710
f 1799/1799/1799 1702/1702/1702 1802/1802/1802
f 1802/1802/1802 1702/1702/1702 1703/1703/1703
f 1643/1643/1643 1701/1701/1701 1799/1799/1799
f 1799/1799/1799 1701/1701/1701 1702/1702/1702
f 1643/1643/1643 1609/1609/1609 1701/1701/1701
f 1825/1825/1825 1661/1661/1661 1826/1826/1826
f 1825/1825/1825 1660/1660/1660 1661/1661/1661
f 1609/1609/1609 1812/1812/1812 1701/1701/1701
f 1609/1609/1609 1646/1646/1646 1812/1812/1812
f 1701/1701/1701 1813/1813/1813 1702/1702/1702
f 1701/1701/1701 1812/1812/1812 1813/1813/1813
f 1702/1702/1702 1814/1814/1814 1703/1703/1703
f 1702/1702/1702 1813/1813/1813 1814/1814/1814
f 1646/1646/1646 1809/1809/1809 1812/1812/1812
f 1646/1646/1646 1645/1645/1645 1809/1809/1809
f 1812/1812/1812 1810/1810/1810 1813/1813/1813
f 1812/1812/1812 1809/1809/1809 1810/1810/1810
f 1645/1645/1645 1806/1806/1806 1809/1809/1809
f 1645/1645/1645 1644/1644/1644 1806/1806/1806
f 1644/1644/1644 1647/1647/1647 1806/1806/1806
f 1644/1644/1644 1596/1596/1596 1647/1647/1647
f 1806/1806/1806 1647/1647/1647 1648/1648/1648
f 1809/1809/1809 1806/1806/1806 1807/1807/1807
f 1806/1806/1806 1648/1648/1648 1807/1807/1807
f 1809/1809/1809 1807/1807/1807 1810/1810/1810
f 1807/1807/1807 1648/1648/1648 1649/1649/1649
f 1807/1807/1807 1649/1649/1649 1808/1808/1808
f 1810/1810/1810 1807/1807/1807 1808/1808/1808
f 1808/1808/1808 1649/1649/1649 1610/1610/1610
f 1813/1813/1813 1810/1810/1810 1811/1811/1811
f 1810/1810/1810 1808/1808/1808 1811/1811/1811
f 1813/1813/1813 1811/1811/1811 1814/1814/1814
f 1808/1808/1808 1610/1610/1610 1704/1704/1704
f 1811/1811/1811 1808/1808/1808 1704/1704/1704
f 1652/1652/1652 1704/1704/1704 1610/1610/1610
f 1814/1814/1814 1811/1811/1811 1705/1705/1705
f 1811/1811/1811 1704/1704/1704 1705/1705/1705
f 1652/1652/1652 1821/1821/1821 1704/1704/1704
f 1821/1821/1821 1705/1705/1705 1704/1704/1704
f 1651/1651/1651 1821/1821/1821 1652/1652/1652
f 1814/1814/1814 1705/1705/1705 1706/1706/1706
f 1703/1703/1703 1814/1814/1814 1706/1706/1706
f 1703/1703/1703 1706/1706/1706 1989/1989/1989
f 1651/1651/1651 1818/1818/1818 1821/1821/1821
f 1650/1650/1650 1818/1818/1818 1651/1651/1651
f 1821/1821/1821 1822/1822/1822 1705/1705/1705
f 1822/1822/1822 1706/1706/1706 1705/1705/1705
f 1818/1818/1818 1822/1822/1822 1821/1821/1821
f 1650/1650/1650 1815/1815/1815 1818/1818/1818
f 1598/1598/1598 1815/1815/1815 1650/1650/1650
f 1598/1598/1598 1653/1653/1653 1815/1815/1815
f 1822/1822/1822 1823/1823/1823 1706/1706/1706
f 1823/1823/1823 1990/1990/1990 1706/1706/1706
f 1818/1818/1818 1819/1819/1819 1822/1822/1822
f 1815/1815/1815 1819/1819/1819 1818/1818/1818
f 1819/1819/1819 1823/1823/1823 1822/1822/1822
f 1653/1653/1653 1816/1816/1816 1815/1815/1815
f 1815/1815/1815 1816/1816/1816 1819/1819/1819
f 1653/1653/1653 1654/1654/1654 1816/1816/1816
f 1819/1819/1819 1820/1820/1820 1823/1823/1823
f 1816/1816/1816 1820/1820/1820 1819/1819/1819
f 1654/1654/1654 1817/1817/1817 1816/1816/1816
f 1816/1816/1816 1817/1817/1817 1820/1820/1820
f 1654/1654/1654 1655/1655/1655 1817/1817/1817
f 1820/1820/1820 1709/1709/1709 1823/1823/1823
f 1823/1823/1823 1709/1709/1709 1991/1991/1991
f 1820/1820/1820 1708/1708/1708 1709/1709/1709
f 1817/1817/1817 1708/1708/1708 1820/1820/1820
f 1817/1817/1817 1707/1707/1707 1708/1708/1708
f 1655/1655/1655 1707/1707/1707 1817/1817/1817
f 1655/1655/1655 1611/1611/1611 1707/1707/1707
f 1656/1656/1656 1597/1597/1597 1659/1659/1659
f 1656/1656/1656 1659/1659/1659 1824/1824/1824
f 1824/1824/1824 1659/1659/1659 1660/1660/1660
f 1657/1657/1657 1656/1656/1656 1824/1824/1824
f 1824/1824/1824 1660/1660/1660 1825/1825/1825
f 1657/1657/1657 1824/1824/1824 1827/1827/1827
f 1827/1827/1827 1824/1824/1824 1825/1825/1825
f 1658/1658/1658 1657/1657/1657 1827/1827/1827
f 1827/1827/1827 1825/1825/1825 1828/1828/1828
f 1828/1828/1828 1825/1825/1825 1826/1826/1826
f 1828/1828/1828 1826/1826/1826 1829/1829/1829
f 1658/1658/1658 1827/1827/1827 1830/1830/1830
f 1830/1830/1830 1827/1827/1827 1828/1828/1828
f 1992/1992/1992 1658/1658/1658 1830/1830/1830
f 1992/1992/1992 1830/1830/1830 1993/1993/1993
f 1830/1830/1830 1828/1828/1828 1831/1831/1831
f 1993/1993/1993 1830/1830/1830 1831/1831/1831
f 1831/1831/1831 1828/1828/1828 1829/1829/1829
f 1993/1993/1993 1831/1831/1831 1994/1994/1994
f 1831/1831/1831 1829/1829/1829 1832/1832/1832
f 1994/1994/1994 1831/1831/1831 1832/1832/1832
f 1832/1832/1832 1829/1829/1829 1711/1711/1711
f 1994/1994/1994 1832/1832/1832 1995/1995/1995
f 1832/1832/1832 1711/1711/1711 1712/1712/1712
f 1995/1995/1995 1832/1832/1832 1712/1712/1712
f 1995/1995/1995 1712/1712/1712 1996/1996/1996
f 2002/2002/2002 2003/2003/2003 1665/1665/1665
f 2002/2002/2002 1665/1665/1665 1842/1842/1842
f 2004/2004/2004 2002/2002/2002 1842/1842/1842
f 1842/1842/1842 1665/1665/1665 1666/1666/1666
f 2004/2004/2004 1842/1842/1842 1845/1845/1845
f 2005/2005/2005 2004/2004/2004 1845/1845/1845
f 1842/1842/1842 1666/1666/1666 1843/1843/1843
f 1845/1845/1845 1842/1842/1842 1843/1843/1843
f 1843/1843/1843 1666/1666/1666 1667/1667/1667
f 2005/2005/2005 1845/1845/1845 1848/1848/1848
f 2001/2001/2001 2005/2005/2005 1848/1848/1848
f 1843/1843/1843 1667/1667/1667 1844/1844/1844
f 1844/1844/1844 1667/1667/1667 1613/1613/1613
f 1845/1845/1845 1843/1843/1843 1846/1846/1846
f 1848/1848/1848 1845/1845/1845 1846/1846/1846
f 1846/1846/1846 1843/1843/1843 1844/1844/1844
f 2001/2001/2001 1848/1848/1848 1713/1713/1713
f 2000/2000/2000 2001/2001/2001 1713/1713/1713
f 1844/1844/1844 1613/1613/1613 1716/1716/1716
f 1670/1670/1670 1716/1716/1716 1613/1613/1613
f 1846/1846/1846 1844/1844/1844 1847/1847/1847
f 1847/1847/1847 1844/1844/1844 1716/1716/1716
f 1848/1848/1848 1846/1846/1846 1849/1849/1849
f 1713/1713/1713 1848/1848/1848 1849/1849/1849
f 1849/1849/1849 1846/1846/1846 1847/1847/1847
f 2000/2000/2000 1713/1713/1713 1835/1835/1835
f 1999/1999/1999 2000/2000/2000 1835/1835/1835
f 1670/1670/1670 1857/1857/1857 1716/1716/1716
f 1669/1669/1669 1857/1857/1857 1670/1670/1670
f 1713/1713/1713 1849/1849/1849 1714/1714/1714
f 1835/1835/1835 1713/1713/1713 1714/1714/1714
f 1847/1847/1847 1716/1716/1716 1717/1717/1717
f 1857/1857/1857 1717/1717/1717 1716/1716/1716
f 1849/1849/1849 1847/1847/1847 1850/1850/1850
f 1714/1714/1714 1849/1849/1849 1850/1850/1850
f 1850/1850/1850 1847/1847/1847 1717/1717/1717
f 1999/1999/1999 1835/1835/1835 1834/1834/1834
f 1998/1998/1998 1999/1999/1999 1834/1834/1834
f 1669/1669/1669 1854/1854/1854 1857/1857/1857
f 1668/1668/1668 1854/1854/1854 1669/1669/1669
f 1835/1835/1835 1714/1714/1714 1838/1838/1838
f 1834/1834/1834 1835/1835/1835 1838/1838/1838
f 1714/1714/1714 1850/1850/1850 1715/1715/1715
f 1838/1838/1838 1714/1714/1714 1715/1715/1715
f 1850/1850/1850 1717/1717/1717 1718/1718/1718
f 1715/1715/1715 1850/1850/1850 1718/1718/1718
f 1857/1857/1857 1858/1858/1858 1717/1717/1717
f 1854/1854/1854 1858/1858/1858 1857/1857/1857
f 1858/1858/1858 1718/1718/1718 1717/1717/1717
f 1998/1998/1998 1834/1834/1834 1833/1833/1833
f 1997/1997/1997 1998/1998/1998 1833/1833/1833
f 1997/1997/1997 1833/1833/1833 1674/1674/1674
f 1834/1834/1834 1838/1838/1838 1837/1837/1837
f 1833/1833/1833 1834/1834/1834 1837/1837/1837
f 1674/1674/1674 1833/1833/1833 1836/1836/1836
f 1833/1833/1833 1837/1837/1837 1836/1836/1836
f 1674/1674/1674 1836/1836/1836 1675/1675/1675
f 1838/1838/1838 1715/1715/1715 1841/1841/1841
f 1837/1837/1837 1838/1838/1838 1841/1841/1841
f 1715/1715/1715 1718/1718/1718 1601/1601/1601
f 1841/1841/1841 1715/1715/1715 1601/1601/1601
f 1858/1858/1858 1859/1859/1859 1718/1718/1718
f 1859/1859/1859 1601/1601/1601 1718/1718/1718
f 1675/1675/1675 1836/1836/1836 1839/1839/1839
f 1675/1675/1675 1839/1839/1839 1676/1676/1676
f 1836/1836/1836 1837/1837/1837 1840/1840/1840
f 1837/1837/1837 1841/1841/1841 1840/1840/1840
f 1836/1836/1836 1840/1840/1840 1839/1839/1839
f 1841/1841/1841 1601/1601/1601 1724/1724/1724
f 1840/1840/1840 1841/1841/1841 1724/1724/1724
f 1676/1676/1676 1839/1839/1839 1722/1722/1722
f 1676/1676/1676 1722/1722/1722 1614/1614/1614
f 1839/1839/1839 1840/1840/1840 1723/1723/1723
f 1840/1840/1840 1724/1724/1724 1723/1723/1723
f 1839/1839/1839 1723/1723/1723 1722/1722/1722
f 1721/1721/1721 1724/1724/1724 1601/1601/1601
f 1859/1859/1859 1721/1721/1721 1601/1601/1601
f 1855/1855/1855 1859/1859/1859 1858/1858/1858
f 1854/1854/1854 1855/1855/1855 1858/1858/1858
f 1862/1862/1862 1614/1614/1614 1722/1722/1722
f 1862/1862/1862 1673/1673/1673 1614/1614/1614
f 1865/1865/1865 1722/1722/1722 1723/1723/1723
f 1865/1865/1865 1862/1862/1862 1722/1722/1722
f 1868/1868/1868 1723/1723/1723 1724/1724/1724
f 1721/1721/1721 1868/1868/1868 1724/1724/1724
f 1868/1868/1868 1865/1865/1865 1723/1723/1723
f 1856/1856/1856 1721/1721/1721 1859/1859/1859
f 1855/1855/1855 1856/1856/1856 1859/1859/1859
f 1851/1851/1851 1855/1855/1855 1854/1854/1854
f 1668/1668/1668 1851/1851/1851 1854/1854/1854
f 2006/2006/2006 1851/1851/1851 1668/1668/1668
f 2006/2006/2006 2007/2007/2007 1851/1851/1851
f 1851/1851/1851 1852/1852/1852 1855/1855/1855
f 2007/2007/2007 1852/1852/1852 1851/1851/1851
f 1852/1852/1852 1856/1856/1856 1855/1855/1855
f 2007/2007/2007 2008/2008/2008 1852/1852/1852
f 2008/2008/2008 1853/1853/1853 1852/1852/1852
f 1852/1852/1852 1853/1853/1853 1856/1856/1856
f 2008/2008/2008 2009/2009/2009 1853/1853/1853
f 1856/1856/1856 1720/1720/1720 1721/1721/1721
f 1853/1853/1853 1720/1720/1720 1856/1856/1856
f 1720/1720/1720 1868/1868/1868 1721/1721/1721
f 2009/2009/2009 1719/1719/1719 1853/1853/1853
f 1853/1853/1853 1719/1719/1719 1720/1720/1720
f 2009/2009/2009 2010/2010/2010 1719/1719/1719
f 1720/1720/1720 1867/1867/1867 1868/1868/1868
f 1719/1719/1719 1867/1867/1867 1720/1720/1720
f 1867/1867/1867 1865/1865/1865 1868/1868/1868
f 2010/2010/2010 1866/1866/1866 1719/1719/1719
f 1719/1719/1719 1866/1866/1866 1867/1867/1867
f 2010/2010/2010 2014/2014/2014 1866/1866/1866
f 1867/1867/1867 1864/1864/1864 1865/1865/1865
f 1866/1866/1866 1864/1864/1864 1867/1867/1867
f 1864/1864/1864 1862/1862/1862 1865/1865/1865
f 2014/2014/2014 1863/1863/1863 1866/1866/1866
f 1866/1866/1866 1863/1863/1863 1864/1864/1864
f 2014/2014/2014 2013/2013/2013 1863/1863/1863
f 1864/1864/1864 1861/1861/1861 1862/1862/1862
f 1863/1863/1863 1861/1861/1861 1864/1864/1864
f 1861/1861/1861 1673/1673/1673 1862/1862/1862
f 1861/1861/1861 1672/1672/1672 1673/1673/1673
f 2013/2013/2013 1860/1860/1860 1863/1863/1863
f 1863/1863/1863 1860/1860/1860 1861/1861/1861
f 1860/1860/1860 1672/1672/1672 1861/1861/1861
f 2013/2013/2013 2011/2011/2011 1860/1860/1860
f 1860/1860/1860 1671/1671/1671 1672/1672/1672
f 2011/2011/2011 1671/1671/1671 1860/1860/1860
f 2011/2011/2011 2012/2012/2012 1671/1671/1671
f 2024/2024/2024 2025/2025/2025 1677/1677/1677
f 2024/2024/2024 1677/1677/1677 1878/1878/1878
f 2026/2026/2026 2024/2024/2024 1878/1878/1878
f 1878/1878/1878 1677/1677/1677 1678/1678/1678
f 2026/2026/2026 1878/1878/1878 1881/1881/1881
f 2027/2027/2027 2026/2026/2026 1881/1881/1881
f 1878/1878/1878 1678/1678/1678 1879/1879/1879
f 1881/1881/1881 1878/1878/1878 1879/1879/1879
f 1879/1879/1879 1678/1678/1678 1679/1679/1679
f 2027/2027/2027 1881/1881/1881 1884/1884/1884
f 2020/2020/2020 2027/2027/2027 1884/1884/1884
f 1879/1879/1879 1679/1679/1679 1880/1880/1880
f 1880/1880/1880 1679/1679/1679 1615/1615/1615
f 1881/1881/1881 1879/1879/1879 1882/1882/1882
f 1884/1884/1884 1881/1881/1881 1882/1882/1882
f 1882/1882/1882 1879/1879/1879 1880/1880/1880
f 2020/2020/2020 1884/1884/1884 1725/1725/1725
f 2019/2019/2019 2020/2020/2020 1725/1725/1725
f 1880/1880/1880 1615/1615/1615 1728/1728/1728
f 1682/1682/1682 1728/1728/1728 1615/1615/1615
f 1882/1882/1882 1880/1880/1880 1883/1883/1883
f 1883/1883/1883 1880/1880/1880 1728/1728/1728
f 1884/1884/1884 1882/1882/1882 1885/1885/1885
f 1725/1725/1725 1884/1884/1884 1885/1885/1885
f 1885/1885/1885 1882/1882/1882 1883/1883/1883
f 2019/2019/2019 1725/1725/1725 1871/1871/1871
f 2018/2018/2018 2019/2019/2019 1871/1871/1871
f 1682/1682/1682 1893/1893/1893 1728/1728/1728
f 1681/1681/1681 1893/1893/1893 1682/1682/1682
f 1725/1725/1725 1885/1885/1885 1726/1726/1726
f 1871/1871/1871 1725/1725/1725 1726/1726/1726
f 1883/1883/1883 1728/1728/1728 1729/1729/1729
f 1893/1893/1893 1729/1729/1729 1728/1728/1728
f 1885/1885/1885 1883/1883/1883 1886/1886/1886
f 1726/1726/1726 1885/1885/1885 1886/1886/1886
f 1886/1886/1886 1883/1883/1883 1729/1729/1729
f 2018/2018/2018 1871/1871/1871 1870/1870/1870
f 2017/2017/2017 2018/2018/2018 1870/1870/1870
f 1681/1681/1681 1890/1890/1890 1893/1893/1893
f 1680/1680/1680 1890/1890/1890 1681/1681/1681
f 1871/1871/1871 1726/1726/1726 1874/1874/1874
f 1870/1870/1870 1871/1871/1871 1874/1874/1874
f 1726/1726/1726 1886/1886/1886 1727/1727/1727
f 1874/1874/1874 1726/1726/1726 1727/1727/1727
f 1886/1886/1886 1729/1729/1729 1730/1730/1730
f 1727/1727/1727 1886/1886/1886 1730/1730/1730
f 1893/1893/1893 1894/1894/1894 1729/1729/1729
f 1890/1890/1890 1894/1894/1894 1893/1893/1893
f 1894/1894/1894 1730/1730/1730 1729/1729/1729
f 2017/2017/2017 1870/1870/1870 1869/1869/1869
f 2015/2015/2015 2017/2017/2017 1869/1869/1869
f 2015/2015/2015 1869/1869/1869 2016/2016/2016
f 1870/1870/1870 1874/1874/1874 1873/1873/1873
f 1869/1869/1869 1870/1870/1870 1873/1873/1873
f 2016/2016/2016 1869/1869/1869 1872/1872/1872
f 1869/1869/1869 1873/1873/1873 1872/1872/1872
f 2016/2016/2016 1872/1872/1872 2021/2021/2021
f 1874/1874/1874 1727/1727/1727 1877/1877/1877
f 1873/1873/1873 1874/1874/1874 1877/1877/1877
f 1727/1727/1727 1730/1730/1730 1602/1602/1602
f 1877/1877/1877 1727/1727/1727 1602/1602/1602
f 1894/1894/1894 1895/1895/1895 1730/1730/1730
f 1895/1895/1895 1602/1602/1602 1730/1730/1730
f 2021/2021/2021 1872/1872/1872 1875/1875/1875
f 2021/2021/2021 1875/1875/1875 2022/2022/2022
f 1872/1872/1872 1873/1873/1873 1876/1876/1876
f 1873/1873/1873 1877/1877/1877 1876/1876/1876
f 1872/1872/1872 1876/1876/1876 1875/1875/1875
f 1877/1877/1877 1602/1602/1602 1736/1736/1736
f 1876/1876/1876 1877/1877/1877 1736/1736/1736
f 2022/2022/2022 1875/1875/1875 1734/1734/1734
f 2022/2022/2022 1734/1734/1734 2023/2023/2023
f 1875/1875/1875 1876/1876/1876 1735/1735/1735
f 1876/1876/1876 1736/1736/1736 1735/1735/1735
f 1875/1875/1875 1735/1735/1735 1734/1734/1734
f 1733/1733/1733 1736/1736/1736 1602/1602/1602
f 1895/1895/1895 1733/1733/1733 1602/1602/1602
f 1891/1891/1891 1895/1895/1895 1894/1894/1894
f 1890/1890/1890 1891/1891/1891 1894/1894/1894
f 1898/1898/1898 2023/2023/2023 1734/1734/1734
f 1898/1898/1898 2037/2037/2037 2023/2023/2023
f 1901/1901/1901 1734/1734/1734 1735/1735/1735
f 1901/1901/1901 1898/1898/1898 1734/1734/1734
f 1904/1904/1904 1735/1735/1735 1736/1736/1736
f 1733/1733/1733 1904/1904/1904 1736/1736/1736
f 1904/1904/1904 1901/1901/1901 1735/1735/1735
f 1892/1892/1892 1733/1733/1733 1895/1895/1895
f 1891/1891/1891 1892/1892/1892 1895/1895/1895
f 1887/1887/1887 1891/1891/1891 1890/1890/1890
f 1680/1680/1680 1887/1887/1887 1890/1890/1890
f 2028/2028/2028 1887/1887/1887 1680/1680/1680
f 2028/2028/2028 2029/2029/2029 1887/1887/1887
f 1887/1887/1887 1888/1888/1888 1891/1891/1891
f 2029/2029/2029 1888/1888/1888 1887/1887/1887
f 1888/1888/1888 1892/1892/1892 1891/1891/1891
f 2029/2029/2029 2030/2030/2030 1888/1888/1888
f 2030/2030/2030 1889/1889/1889 1888/1888/1888
f 1888/1888/1888 1889/1889/1889 1892/1892/1892
f 2030/2030/2030 2031/2031/2031 1889/1889/1889
f 1892/1892/1892 1732/1732/1732 1733/1733/1733
f 1889/1889/1889 1732/1732/1732 1892/1892/1892
f 1732/1732/1732 1904/1904/1904 1733/1733/1733
f 2031/2031/2031 1731/1731/1731 1889/1889/1889
f 1889/1889/1889 1731/1731/1731 1732/1732/1732
f 2031/2031/2031 2032/2032/2032 1731/1731/1731
f 1732/1732/1732 1903/1903/1903 1904/1904/1904
f 1731/1731/1731 1903/1903/1903 1732/1732/1732
f 1903/1903/1903 1901/1901/1901 1904/1904/1904
f 2032/2032/2032 1902/1902/1902 1731/1731/1731
f 1731/1731/1731 1902/1902/1902 1903/1903/1903
f 2032/2032/2032 2039/2039/2039 1902/1902/1902
f 1903/1903/1903 1900/1900/1900 1901/1901/1901
f 1902/1902/1902 1900/1900/1900 1903/1903/1903
f 1900/1900/1900 1898/1898/1898 1901/1901/1901
f 2039/2039/2039 1899/1899/1899 1902/1902/1902
f 1902/1902/1902 1899/1899/1899 1900/1900/1900
f 2039/2039/2039 2038/2038/2038 1899/1899/1899
f 1900/1900/1900 1897/1897/1897 1898/1898/1898
f 1899/1899/1899 1897/1897/1897 1900/1900/1900
f 1897/1897/1897 2037/2037/2037 1898/1898/1898
f 1897/1897/1897 2036/2036/2036 2037/2037/2037
f 2038/2038/2038 1896/1896/1896 1899/1899/1899
f 1899/1899/1899 1896/1896/1896 1897/1897/1897
f 1896/1896/1896 2036/2036/2036 1897/1897/1897
f 2038/2038/2038 2033/2033/2033 1896/1896/1896
f 1896/1896/1896 2034/2034/2034 2036/2036/2036
f 2033/2033/2033 2034/2034/2034 1896/1896/1896
f 2033/2033/2033 2035/2035/2035 2034/2034/2034
f 2044/2044/2044 2045/2045/2045 1737/1737/1737
f 2044/2044/2044 1737/1737/1737 1907/1907/1907
f 2043/2043/2043 2044/2044/2044 1907/1907/1907
f 1907/1907/1907 1737/1737/1737 1738/1738/1738
f 2043/2043/2043 1907/1907/1907 1906/1906/1906
f 2042/2042/2042 2043/2043/2043 1906/1906/1906
f 1907/1907/1907 1738/1738/1738 1910/1910/1910
f 1906/1906/1906 1907/1907/1907 1910/1910/1910
f 1910/1910/1910 1738/1738/1738 1739/1739/1739
f 2042/2042/2042 1906/1906/1906 1905/1905/1905
f 2040/2040/2040 2042/2042/2042 1905/1905/1905
f 2040/2040/2040 1905/1905/1905 2041/2041/2041
f 1906/1906/1906 1910/1910/1910 1909/1909/1909
f 1905/1905/1905 1906/1906/1906 1909/1909/1909
f 1910/1910/1910 1739/1739/1739 1913/1913/1913
f 1909/1909/1909 1910/1910/1910 1913/1913/1913
f 1913/1913/1913 1739/1739/1739 1603/1603/1603
f 2041/2041/2041 1905/1905/1905 1908/1908/1908
f 1905/1905/1905 1909/1909/1909 1908/1908/1908
f 2041/2041/2041 1908/1908/1908 2046/2046/2046
f 1909/1909/1909 1913/1913/1913 1912/1912/1912
f 1908/1908/1908 1909/1909/1909 1912/1912/1912
f 1913/1913/1913 1603/1603/1603 1748/1748/1748
f 1912/1912/1912 1913/1913/1913 1748/1748/1748
f 2073/2073/2073 1748/1748/1748 1603/1603/1603
f 2046/2046/2046 1908/1908/1908 1911/1911/1911
f 1908/1908/1908 1912/1912/1912 1911/1911/1911
f 2046/2046/2046 1911/1911/1911 2047/2047/2047
f 2073/2073/2073 1940/1940/1940 1748/1748/1748
f 2072/2072/2072 1940/1940/1940 2073/2073/2073
f 1912/1912/1912 1748/1748/1748 1747/1747/1747
f 1911/1911/1911 1912/1912/1912 1747/1747/1747
f 1940/1940/1940 1747/1747/1747 1748/1748/1748
f 2047/2047/2047 1911/1911/1911 1746/1746/1746
f 1911/1911/1911 1747/1747/1747 1746/1746/1746
f 2047/2047/2047 1746/1746/1746 2048/2048/2048
f 2072/2072/2072 1939/1939/1939 1940/1940/1940
f 2071/2071/2071 1939/1939/1939 2072/2072/2072
f 1940/1940/1940 1937/1937/1937 1747/1747/1747
f 1937/1937/1937 1746/1746/1746 1747/1747/1747
f 1939/1939/1939 1937/1937/1937 1940/1940/1940
f 1934/1934/1934 2048/2048/2048 1746/1746/1746
f 1937/1937/1937 1934/1934/1934 1746/1746/1746
f 1934/1934/1934 2067/2067/2067 2048/2048/2048
f 2071/2071/2071 1938/1938/1938 1939/1939/1939
f 2070/2070/2070 1938/1938/1938 2071/2071/2071
f 2070/2070/2070 2069/2069/2069 1938/1938/1938
f 1939/1939/1939 1936/1936/1936 1937/1937/1937
f 1936/1936/1936 1934/1934/1934 1937/1937/1937
f 1938/1938/1938 1936/1936/1936 1939/1939/1939
f 1933/1933/1933 2067/2067/2067 1934/1934/1934
f 1936/1936/1936 1933/1933/1933 1934/1934/1934
f 1933/1933/1933 2066/2066/2066 2067/2067/2067
f 2069/2069/2069 1935/1935/1935 1938/1938/1938
f 1938/1938/1938 1935/1935/1935 1936/1936/1936
f 1935/1935/1935 1933/1933/1933 1936/1936/1936
f 2069/2069/2069 2068/2068/2068 1935/1935/1935
f 1932/1932/1932 2066/2066/2066 1933/1933/1933
f 1935/1935/1935 1932/1932/1932 1933/1933/1933
f 2068/2068/2068 1932/1932/1932 1935/1935/1935
f 1932/1932/1932 2064/2064/2064 2066/2066/2066
f 2068/2068/2068 2063/2063/2063 1932/1932/1932
f 2063/2063/2063 2064/2064/2064 1932/1932/1932
f 2063/2063/2063 2065/2065/2065 2064/2064/2064
f 2049/2049/2049 2050/2050/2050 1683/1683/1683
f 2049/2049/2049 1683/1683/1683 1914/1914/1914
f 2051/2051/2051 2049/2049/2049 1914/1914/1914
f 1914/1914/1914 1683/1683/1683 1684/1684/1684
f 2051/2051/2051 1914/1914/1914 1917/1917/1917
f 2052/2052/2052 2051/2051/2051 1917/1917/1917
f 1914/1914/1914 1684/1684/1684 1915/1915/1915
f 1917/1917/1917 1914/1914/1914 1915/1915/1915
f 1915/1915/1915 1684/1684/1684 1685/1685/1685
f 2052/2052/2052 1917/1917/1917 1920/1920/1920
f 2053/2053/2053 2052/2052/2052 1920/1920/1920
f 2053/2053/2053 1920/1920/1920 2054/2054/2054
f 1915/1915/1915 1685/1685/1685 1916/1916/1916
f 1916/1916/1916 1685/1685/1685 1616/1616/1616
f 1917/1917/1917 1915/1915/1915 1918/1918/1918
f 1920/1920/1920 1917/1917/1917 1918/1918/1918
f 1918/1918/1918 1915/1915/1915 1916/1916/1916
f 2054/2054/2054 1920/1920/1920 1921/1921/1921
f 1920/1920/1920 1918/1918/1918 1921/1921/1921
f 2054/2054/2054 1921/1921/1921 2055/2055/2055
f 1916/1916/1916 1616/1616/1616 1740/1740/1740
f 1688/1688/1688 1740/1740/1740 1616/1616/1616
f 1918/1918/1918 1916/1916/1916 1919/1919/1919
f 1921/1921/1921 1918/1918/1918 1919/1919/1919
f 1919/1919/1919 1916/1916/1916 1740/1740/1740
f 2055/2055/2055 1921/1921/1921 1922/1922/1922
f 1921/1921/1921 1919/1919/1919 1922/1922/1922
f 2055/2055/2055 1922/1922/1922 2056/2056/2056
f 1688/1688/1688 1929/1929/1929 1740/1740/1740
f 1687/1687/1687 1929/1929/1929 1688/1688/1688
f 1919/1919/1919 1740/1740/1740 1741/1741/1741
f 1922/1922/1922 1919/1919/1919 1741/1741/1741
f 1929/1929/1929 1741/1741/1741 1740/1740/1740
f 2056/2056/2056 1922/1922/1922 1742/1742/1742
f 1922/1922/1922 1741/1741/1741 1742/1742/1742
f 2056/2056/2056 1742/1742/1742 2057/2057/2057
f 1687/1687/1687 1926/1926/1926 1929/1929/1929
f 1686/1686/1686 1926/1926/1926 1687/1687/1687
f 1929/1929/1929 1930/1930/1930 1741/1741/1741
f 1930/1930/1930 1742/1742/1742 1741/1741/1741
f 1926/1926/1926 1930/1930/1930 1929/1929/1929
f 1931/1931/1931 2057/2057/2057 1742/1742/1742
f 1930/1930/1930 1931/1931/1931 1742/1742/1742
f 1931/1931/1931 1745/1745/1745 2057/2057/2057
f 1686/1686/1686 1923/1923/1923 1926/1926/1926
f 2058/2058/2058 1923/1923/1923 1686/1686/1686
f 2058/2058/2058 2059/2059/2059 1923/1923/1923
f 1926/1926/1926 1927/1927/1927 1930/1930/1930
f 1927/1927/1927 1931/1931/1931 1930/1930/1930
f 1923/1923/1923 1927/1927/1927 1926/1926/1926
f 1928/1928/1928 1745/1745/1745 1931/1931/1931
f 1927/1927/1927 1928/1928/1928 1931/1931/1931
f 1928/1928/1928 1744/1744/1744 1745/1745/1745
f 2059/2059/2059 1924/1924/1924 1923/1923/1923
f 1923/1923/1923 1924/1924/1924 1927/1927/1927
f 1924/1924/1924 1928/1928/1928 1927/1927/1927
f 2059/2059/2059 2060/2060/2060 1924/1924/1924
f 1925/1925/1925 1744/1744/1744 1928/1928/1928
f 1924/1924/1924 1925/1925/1925 1928/1928/1928
f 2060/2060/2060 1925/1925/1925 1924/1924/1924
f 1925/1925/1925 1743/1743/1743 1744/1744/1744
f 2060/2060/2060 2061/2061/2061 1925/1925/1925
f 2061/2061/2061 1743/1743/1743 1925/1925/1925
f 2061/2061/2061 2062/2062/2062 1743/1743/1743
f 2083/2083/2083 2085/2085/2085 2084/2084/2084
f 2083/2083/2083 2084/2084/2084 1950/1950/1950
f 2089/2089/2089 2083/2083/2083 1950/1950/1950
f 1950/1950/1950 2084/2084/2084 2086/2086/2086
f 2089/2089/2089 1950/1950/1950 1953/1953/1953
f 2090/2090/2090 2089/2089/2089 1953/1953/1953
f 1950/1950/1950 2086/2086/2086 1951/1951/1951
f 1953/1953/1953 1950/1950/1950 1951/1951/1951
f 1951/1951/1951 2086/2086/2086 2087/2087/2087
f 2090/2090/2090 1953/1953/1953 1956/1956/1956
f 2079/2079/2079 2090/2090/2090 1956/1956/1956
f 1951/1951/1951 2087/2087/2087 1952/1952/1952
f 1952/1952/1952 2087/2087/2087 2088/2088/2088
f 1953/1953/1953 1951/1951/1951 1954/1954/1954
f 1956/1956/1956 1953/1953/1953 1954/1954/1954
f 1954/1954/1954 1951/1951/1951 1952/1952/1952
f 2079/2079/2079 1956/1956/1956 1749/1749/1749
f 2078/2078/2078 2079/2079/2079 1749/1749/1749
f 1952/1952/1952 2088/2088/2088 1752/1752/1752
f 2098/2098/2098 1752/1752/1752 2088/2088/2088
f 1954/1954/1954 1952/1952/1952 1955/1955/1955
f 1955/1955/1955 1952/1952/1952 1752/1752/1752
f 1956/1956/1956 1954/1954/1954 1957/1957/1957
f 1749/1749/1749 1956/1956/1956 1957/1957/1957
f 1957/1957/1957 1954/1954/1954 1955/1955/1955
f 2078/2078/2078 1749/1749/1749 1943/1943/1943
f 2077/2077/2077 2078/2078/2078 1943/1943/1943
f 2098/2098/2098 1965/1965/1965 1752/1752/1752
f 2097/2097/2097 1965/1965/1965 2098/2098/2098
f 1749/1749/1749 1957/1957/1957 1750/1750/1750
f 1943/1943/1943 1749/1749/1749 1750/1750/1750
f 1955/1955/1955 1752/1752/1752 1753/1753/1753
f 1965/1965/1965 1753/1753/1753 1752/1752/1752
f 1957/1957/1957 1955/1955/1955 1958/1958/1958
f 1750/1750/1750 1957/1957/1957 1958/1958/1958
f 1958/1958/1958 1955/1955/1955 1753/1753/1753
f 2077/2077/2077 1943/1943/1943 1942/1942/1942
f 2076/2076/2076 2077/2077/2077 1942/1942/1942
f 2097/2097/2097 1962/1962/1962 1965/1965/1965
f 2092/2092/2092 1962/1962/1962 2097/2097/2097
f 1943/1943/1943 1750/1750/1750 1946/1946/1946
f 1942/1942/1942 1943/1943/1943 1946/1946/1946
f 1750/1750/1750 1958/1958/1958 1751/1751/1751
f 1946/1946/1946 1750/1750/1750 1751/1751/1751
f 1958/1958/1958 1753/1753/1753 1754/1754/1754
f 1751/1751/1751 1958/1958/1958 1754/1754/1754
f 1965/1965/1965 1966/1966/1966 1753/1753/1753
f 1962/1962/1962 1966/1966/1966 1965/1965/1965
f 1966/1966/1966 1754/1754/1754 1753/1753/1753
f 2076/2076/2076 1942/1942/1942 1941/1941/1941
f 2074/2074/2074 2076/2076/2076 1941/1941/1941
f 2074/2074/2074 1941/1941/1941 2075/2075/2075
f 1942/1942/1942 1946/1946/1946 1945/1945/1945
f 1941/1941/1941 1942/1942/1942 1945/1945/1945
f 2075/2075/2075 1941/1941/1941 1944/1944/1944
f 1941/1941/1941 1945/1945/1945 1944/1944/1944
f 2075/2075/2075 1944/1944/1944 2080/2080/2080
f 1946/1946/1946 1751/1751/1751 1949/1949/1949
f 1945/1945/1945 1946/1946/1946 1949/1949/1949
f 1751/1751/1751 1754/1754/1754 1604/1604/1604
f 1949/1949/1949 1751/1751/1751 1604/1604/1604
f 1966/1966/1966 1967/1967/1967 1754/1754/1754
f 1967/1967/1967 1604/1604/1604 1754/1754/1754
f 2080/2080/2080 1944/1944/1944 1947/1947/1947
f 2080/2080/2080 1947/1947/1947 2081/2081/2081
f 1944/1944/1944 1945/1945/1945 1948/1948/1948
f 1945/1945/1945 1949/1949/1949 1948/1948/1948
f 1944/1944/1944 1948/1948/1948 1947/1947/1947
f 1949/1949/1949 1604/1604/1604 1760/1760/1760
f 1948/1948/1948 1949/1949/1949 1760/1760/1760
f 2081/2081/2081 1947/1947/1947 1758/1758/1758
f 2081/2081/2081 1758/1758/1758 2082/2082/2082
f 1947/1947/1947 1948/1948/1948 1759/1759/1759
f 1948/1948/1948 1760/1760/1760 1759/1759/1759
f 1947/1947/1947 1759/1759/1759 1758/1758/1758
f 1757/1757/1757 1760/1760/1760 1604/1604/1604
f 1967/1967/1967 1757/1757/1757 1604/1604/1604
f 1963/1963/1963 1967/1967/1967 1966/1966/1966
f 1962/1962/1962 1963/1963/1963 1966/1966/1966
f 1970/1970/1970 2082/2082/2082 1758/1758/1758
f 1970/1970/1970 2103/2103/2103 2082/2082/2082
f 1973/1973/1973 1758/1758/1758 1759/1759/1759
f 1973/1973/1973 1970/1970/1970 1758/1758/1758
f 1976/1976/1976 1759/1759/1759 1760/1760/1760
f 1757/1757/1757 1976/1976/1976 1760/1760/1760
f 1976/1976/1976 1973/1973/1973 1759/1759/1759
f 1964/1964/1964 1757/1757/1757 1967/1967/1967
f 1963/1963/1963 1964/1964/1964 1967/1967/1967
f 1959/1959/1959 1963/1963/1963 1962/1962/1962
f 2092/2092/2092 1959/1959/1959 1962/1962/1962
f 2091/2091/2091 1959/1959/1959 2092/2092/2092
f 2091/2091/2091 2093/2093/2093 1959/1959/1959
f 1959/1959/1959 1960/1960/1960 1963/1963/1963
f 2093/2093/2093 1960/1960/1960 1959/1959/1959
f 1960/1960/1960 1964/1964/1964 1963/1963/1963
f 2093/2093/2093 2094/2094/2094 1960/1960/1960
f 2094/2094/2094 1961/1961/1961 1960/1960/1960
f 1960/1960/1960 1961/1961/1961 1964/1964/1964
f 2094/2094/2094 2095/2095/2095 1961/1961/1961
f 1964/1964/1964 1756/1756/1756 1757/1757/1757
f 1961/1961/1961 1756/1756/1756 1964/1964/1964
f 1756/1756/1756 1976/1976/1976 1757/1757/1757
f 2095/2095/2095 1755/1755/1755 1961/1961/1961
f 1961/1961/1961 1755/1755/1755 1756/1756/1756
f 2095/2095/2095 2096/2096/2096 1755/1755/1755
f 1756/1756/1756 1975/1975/1975 1976/1976/1976
f 1755/1755/1755 1975/1975/1975 1756/1756/1756
f 1975/1975/1975 1973/1973/1973 1976/1976/1976
f 2096/2096/2096 1974/1974/1974 1755/1755/1755
f 1755/1755/1755 1974/1974/1974 1975/1975/1975
f 2096/2096/2096 2105/2105/2105 1974/1974/1974
f 1975/1975/1975 1972/1972/1972 1973/1973/1973
f 1974/1974/1974 1972/1972/1972 1975/1975/1975
f 1972/1972/1972 1970/1970/1970 1973/1973/1973
f 2105/2105/2105 1971/1971/1971 1974/1974/1974
f 1974/1974/1974 1971/1971/1971 1972/1972/1972
f 2105/2105/2105 2104/2104/2104 1971/1971/1971
f 1972/1972/1972 1969/1969/1969 1970/1970/1970
f 1971/1971/1971 1969/1969/1969 1972/1972/1972
f 1969/1969/1969 2103/2103/2103 1970/1970/1970
f 1969/1969/1969 2102/2102/2102 2103/2103/2103
f 2104/2104/2104 1968/1968/1968 1971/1971/1971
f 1971/1971/1971 1968/1968/1968 1969/1969/1969
f 1968/1968/1968 2102/2102/2102 1969/1969/1969
f 2104/2104/2104 2099/2099/2099 1968/1968/1968
f 1968/1968/1968 2100/2100/2100 2102/2102/2102
f 2099/2099/2099 2100/2100/2100 1968/1968/1968
f 2099/2099/2099 2101/2101/2101 2100/2100/2100
o Arm_2105
usemtl mat_Arm
v 0.369463 -0.017500 -0.337644
v 0.337643 -0.017500 -0.369463
v 0.369463 0.017500 -0.337644
v 0.337643 0.017500 -0.369463
v 0.015910 0.017500 0.015910
v -0.015910 0.017500 -0.015910
v 0.015910 -0.017500 0.015910
v -0.015910 -0.017500 -0.015910
v 0.369463 0.017500 -0.337644
v 0.337643 0.017500 -0.369463
v 0.015910 0.017500 0.015910
v -0.015910 0.017500 -0.015910
v 0.015910 -0.017500 0.015910
v 0.369463 -0.017500 -0.337644
v 0.337643 -0.017500 -0.369463
v -0.015910 -0.017500 -0.015910
v 0.337643 -0.017500 -0.369463
v 0.337643 0.017500 -0.369463
v -0.015910 0.017500 -0.015910
v -0.015910 -0.017500 -0.015910
v 0.015910 -0.017500 0.015910
v 0.015910 0.017500 0.015910
v 0.369463 0.017500 -0.337644
v 0.369463 -0.017500 -0.337644
vn 0.707107 0.000000 -0.707107
vn 0.707107 0.000000 -0.707107
vn 0.707107 0.000000 -0.707107
vn 0.707107 0.000000 -0.707107
vn 0.000000 1.000000 0.000000
vn 0.000000 1.000000 0.000000
vn -0.707107 0.000000 0.707107
vn -0.707107 0.000000 0.707107
vn 0.000000 1.000000 0.000000
vn 0.000000 1.000000 0.000000
vn -0.707107 0.000000 0.707107
vn -0.707107 0.000000 0.707107
vn 0.000000 -1.000000 0.000000
vn 0.000000 -1.000000 0.000000
vn 0.000000 -1.000000 0.000000
vn 0.000000 -1.000000 0.000000
vn -0.707107 0.000000 -0.707107
vn -0.707107 0.000000 -0.707107
vn -0.707107 0.000000 -0.707107
vn -0.707107 0.000000 -0.707107
vn 0.707107 0.000000 0.707107
vn 0.707107 0.000000 0.707107
vn 0.707107 0.000000 0.707107
vn 0.707107 0.000000 0.707107
vt 0.000000 0.000000
vt 1.000000 0.000000
vt 0.000000 1.000000
vt 1.000000 1.000000
vt 0.000000 1.000000
vt 1.000000 1.000000
vt 0.000000 1.000000
vt 1.000000 1.000000
vt 0.000000 0.000000
vt 1.000000 0.000000
vt 0.000000 0.000000
vt 1.000000 0.000000
vt 0.000000 0.000000
vt 0.000000 1.000000
vt 1.000000 1.000000
vt 1.000000 0.000000
vt 0.000000 0.000000
vt 0.000000 1.000000
vt 1.000000 1.000000
vt 1.000000 0.000000
vt 0.000000 0.000000
vt 0.000000 1.000000
vt 1.000000 1.000000
vt 1.000000 0.000000
f 2106/2106/2106 2109/2109/2109 2108/2108/2108
f 2106/2106/2106 2107/2107/2107 2109/2109/2109
f 2114/2114/2114 2111/2111/2111 2110/2110/2110
f 2114/2114/2114 2115/2115/2115 2111/2111/2111
f 2116/2116/2116 2113/2113/2113 2112/2112/2112
f 2116/2116/2116 2117/2117/2117 2113/2113/2113
f 2118/2118/2118 2120/2120/2120 2119/2119/2119
f 2118/2118/2118 2121/2121/2121 2120/2120/2120
f 2122/2122/2122 2124/2124/2124 2123/2123/2123
f 2122/2122/2122 2125/2125/2125 2124/2124/2124
f 2126/2126/2126 2128/2128/2128 2127/2127/2127
f 2126/2126/2126 2129/2129/2129 2128/2128/2128
o ArmTip_2129
usemtl mat_ArmTip
v 0.316510 -0.015830 -0.348171
v 0.316510 -0.015830 -0.316510
v 0.348171 -0.015830 -0.348171
v 0.348171 -0.015830 -0.316510
v 0.316454 0.015835 -0.348226
v 0.316454 0.015835 -0.316454
v 0.348226 0.015835 -0.348226
v 0.348226 0.015835 -0.316454
v 0.332340 -0.027500 -0.332340
v 0.332340 0.027500 -0.332340
v 0.304840 0.000000 -0.332340
v 0.332340 0.000000 -0.304840
v 0.359840 0.000000 -0.332340
v 0.332340 0.000000 -0.359840
v 0.332340 -0.019388 -0.351729
v 0.351729 -0.019388 -0.332340
v 0.332340 -0.019388 -0.312952
v 0.312952 -0.019388 -0.332340
v 0.312887 0.019403 -0.332340
v 0.332340 0.019403 -0.312887
v 0.351793 0.019403 -0.332340
v 0.332340 0.019403 -0.351793
v 0.312895 0.000000 -0.312895
v 0.312887 -0.000049 -0.351793
v 0.351786 0.000000 -0.312895
v 0.351793 -0.000049 -0.351793
v 0.319130 -0.016990 -0.349330
v 0.322982 -0.018224 -0.350564
v 0.327497 -0.019083 -0.351424
v 0.345551 -0.016990 -0.349330
v 0.341698 -0.018224 -0.350564
v 0.337184 -0.019083 -0.351424
v 0.349330 -0.016990 -0.345551
v 0.350564 -0.018224 -0.341698
v 0.351424 -0.019083 -0.337184
v 0.349330 -0.016990 -0.319130
v 0.350564 -0.018224 -0.322983
v 0.351424 -0.019083 -0.327497
v 0.345551 -0.016990 -0.315351
v 0.341698 -0.018224 -0.314116
v 0.337184 -0.019083 -0.313257
v 0.319130 -0.016990 -0.315351
v 0.322982 -0.018224 -0.314116
v 0.327497 -0.019083 -0.313257
v 0.315351 -0.016990 -0.319130
v 0.314116 -0.018224 -0.322983
v 0.313257 -0.019083 -0.327497
v 0.315351 -0.016990 -0.345551
v 0.314116 -0.018224 -0.341698
v 0.313257 -0.019083 -0.337184
v 0.315293 0.017000 -0.345590
v 0.314054 0.018236 -0.341730
v 0.313193 0.019097 -0.337200
v 0.315293 0.017000 -0.319091
v 0.314054 0.018236 -0.322951
v 0.313193 0.019097 -0.327481
v 0.319090 0.017000 -0.315293
v 0.322951 0.018236 -0.314054
v 0.327481 0.019097 -0.313193
v 0.345590 0.017000 -0.315293
v 0.341729 0.018236 -0.314054
v 0.337200 0.019097 -0.313193
v 0.349388 0.017000 -0.319091
v 0.350626 0.018236 -0.322951
v 0.351487 0.019097 -0.327481
v 0.349388 0.017000 -0.345590
v 0.350626 0.018236 -0.341730
v 0.351487 0.019097 -0.337200
v 0.345590 0.017000 -0.349388
v 0.341729 0.018236 -0.350626
v 0.337200 0.019097 -0.351487
v 0.319090 0.017000 -0.349388
v 0.322951 0.018236 -0.350626
v 0.327481 0.019097 -0.351487
v 0.315351 -0.013211 -0.315351
v 0.314116 -0.009358 -0.314116
v 0.313257 -0.004843 -0.313257
v 0.315293 0.013210 -0.315293
v 0.314054 0.009344 -0.314054
v 0.313193 0.004813 -0.313193
v 0.315293 0.013210 -0.349388
v 0.314054 0.009344 -0.350626
v 0.313193 0.004813 -0.351487
v 0.315351 -0.013211 -0.349330
v 0.314116 -0.009358 -0.350564
v 0.313257 -0.004843 -0.351424
v 0.349330 -0.013211 -0.315351
v 0.350564 -0.009358 -0.314116
v 0.351424 -0.004843 -0.313257
v 0.349388 0.013210 -0.315293
v 0.350626 0.009344 -0.314054
v 0.351487 0.004813 -0.313193
v 0.349330 -0.013211 -0.349330
v 0.350564 -0.009358 -0.350564
v 0.351424 -0.004843 -0.351424
v 0.349388 0.013210 -0.349388
v 0.350626 0.009344 -0.350626
v 0.351487 0.004813 -0.351487
v 0.332340 -0.022680 -0.347749
v 0.332340 -0.025221 -0.343099
v 0.332340 -0.026853 -0.337884
v 0.347749 -0.022680 -0.332340
v 0.343099 -0.025221 -0.332340
v 0.337884 -0.026853 -0.332340
v 0.332340 -0.022680 -0.316932
v 0.332340 -0.025221 -0.321582
v 0.332340 -0.026853 -0.326797
v 0.316931 -0.022680 -0.332340
v 0.321582 -0.025221 -0.332340
v 0.326796 -0.026853 -0.332340
v 0.316877 0.022707 -0.332340
v 0.321545 0.025251 -0.332340
v 0.326778 0.026887 -0.332340
v 0.332340 0.022707 -0.316877
v 0.332340 0.025251 -0.321545
v 0.332340 0.026887 -0.326778
v 0.347803 0.022707 -0.332340
v 0.343135 0.025251 -0.332340
v 0.337903 0.026887 -0.332340
v 0.332340 0.022707 -0.347804
v 0.332340 0.025251 -0.343135
v 0.332340 0.026887 -0.337903
v 0.309660 -0.015409 -0.332340
v 0.307120 -0.010758 -0.332340
v 0.305487 -0.005544 -0.332340
v 0.309475 0.000000 -0.317062
v 0.306934 0.000000 -0.321817
v 0.305369 0.000000 -0.326975
v 0.309584 0.015412 -0.332340
v 0.307049 0.010750 -0.332340
v 0.305409 0.005516 -0.332340
v 0.309584 -0.000049 -0.347804
v 0.307049 -0.000049 -0.343135
v 0.305409 -0.000049 -0.337903
v 0.332340 -0.015409 -0.309660
v 0.332340 -0.010758 -0.307120
v 0.332340 -0.005544 -0.305488
v 0.347618 0.000000 -0.309475
v 0.342864 0.000000 -0.306934
v 0.337705 0.000000 -0.305369
v 0.332340 0.015412 -0.309584
v 0.332340 0.010750 -0.307049
v 0.332340 0.005516 -0.305409
v 0.317062 0.000000 -0.309475
v 0.321816 0.000000 -0.306934
v 0.326975 0.000000 -0.305369
v 0.355020 -0.015409 -0.332340
v 0.357561 -0.010758 -0.332340
v 0.359193 -0.005544 -0.332340
v 0.355096 -0.000049 -0.347804
v 0.357632 -0.000049 -0.343135
v 0.359271 -0.000049 -0.337903
v 0.355096 0.015412 -0.332340
v 0.357632 0.010750 -0.332340
v 0.359271 0.005516 -0.332340
v 0.355206 0.000000 -0.317062
v 0.357747 0.000000 -0.321817
v 0.359312 0.000000 -0.326975
v 0.332340 -0.015409 -0.355020
v 0.332340 -0.010758 -0.357561
v 0.332340 -0.005544 -0.359193
v 0.316877 -0.000049 -0.355096
v 0.321545 -0.000049 -0.357632
v 0.326778 -0.000049 -0.359272
v 0.332340 0.015412 -0.355096
v 0.332340 0.010750 -0.357632
v 0.332340 0.005516 -0.359272
v 0.347803 -0.000049 -0.355096
v 0.343135 -0.000049 -0.357632
v 0.337903 -0.000049 -0.359272
v 0.318672 -0.019447 -0.346008
v 0.322722 -0.021188 -0.346844
v 0.327379 -0.022307 -0.347493
v 0.317836 -0.021188 -0.341959
v 0.322223 -0.023390 -0.342457
v 0.327142 -0.024765 -0.342900
v 0.317188 -0.022307 -0.337302
v 0.321780 -0.024765 -0.337538
v 0.326909 -0.026321 -0.337772
v 0.346008 -0.019447 -0.346008
v 0.346844 -0.021188 -0.341959
v 0.347492 -0.022307 -0.337302
v 0.341958 -0.021188 -0.346844
v 0.342457 -0.023390 -0.342457
v 0.342900 -0.024765 -0.337538
v 0.337302 -0.022307 -0.347493
v 0.337538 -0.024765 -0.342900
v 0.337772 -0.026321 -0.337772
v 0.346008 -0.019447 -0.318673
v 0.341958 -0.021188 -0.317836
v 0.337302 -0.022307 -0.317188
v 0.346844 -0.021188 -0.322722
v 0.342457 -0.023390 -0.322223
v 0.337538 -0.024765 -0.321780
v 0.347492 -0.022307 -0.327379
v 0.342900 -0.024765 -0.327142
v 0.337772 -0.026321 -0.326909
v 0.318672 -0.019447 -0.318673
v 0.317836 -0.021188 -0.322722
v 0.317188 -0.022307 -0.327379
v 0.322722 -0.021188 -0.317836
v 0.322223 -0.023390 -0.322223
v 0.321780 -0.024765 -0.327142
v 0.327379 -0.022307 -0.317188
v 0.327142 -0.024765 -0.321780
v 0.326909 -0.026321 -0.326909
v 0.318632 0.019462 -0.346048
v 0.317785 0.021210 -0.341990
v 0.317134 0.022334 -0.337319
v 0.322690 0.021210 -0.346896
v 0.322189 0.023418 -0.342491
v 0.321745 0.024795 -0.337555
v 0.327362 0.022334 -0.347546
v 0.327125 0.024795 -0.342935
v 0.326890 0.026356 -0.337790
v 0.318632 0.019462 -0.318632
v 0.322690 0.021210 -0.317785
v 0.327362 0.022334 -0.317134
v 0.317785 0.021210 -0.322690
v 0.322189 0.023418 -0.322189
v 0.327125 0.024795 -0.321745
v 0.317134 0.022334 -0.327362
v 0.321745 0.024795 -0.327125
v 0.326890 0.026356 -0.326891
v 0.346048 0.019462 -0.318632
v 0.346896 0.021210 -0.322690
v 0.347546 0.022334 -0.327362
v 0.341990 0.021210 -0.317785
v 0.342491 0.023418 -0.322189
v 0.342935 0.024795 -0.327125
v 0.337319 0.022334 -0.317134
v 0.337555 0.024795 -0.321745
v 0.337790 0.026356 -0.326891
v 0.346048 0.019462 -0.346048
v 0.341990 0.021210 -0.346896
v 0.337319 0.022334 -0.347546
v 0.346896 0.021210 -0.341990
v 0.342491 0.023418 -0.342491
v 0.337555 0.024795 -0.342935
v 0.347546 0.022334 -0.337319
v 0.342935 0.024795 -0.337555
v 0.337790 0.026356 -0.337790
v 0.312893 -0.013668 -0.346008
v 0.311152 -0.014504 -0.341959
v 0.310033 -0.015152 -0.337302
v 0.311152 -0.009618 -0.346844
v 0.308950 -0.010117 -0.342457
v 0.307576 -0.010560 -0.337538
v 0.310033 -0.004962 -0.347493
v 0.307576 -0.005198 -0.342900
v 0.306019 -0.005431 -0.337772
v 0.312893 -0.013668 -0.318673
v 0.311152 -0.009618 -0.317836
v 0.310033 -0.004962 -0.317188
v 0.311152 -0.014504 -0.322722
v 0.308950 -0.010117 -0.322223
v 0.307576 -0.005198 -0.321780
v 0.310033 -0.015152 -0.327379
v 0.307576 -0.010560 -0.327142
v 0.306019 -0.005431 -0.326909
v 0.312829 0.013668 -0.318632
v 0.311082 0.014506 -0.322690
v 0.309957 0.015155 -0.327362
v 0.311082 0.009606 -0.317785
v 0.308882 0.010106 -0.322189
v 0.307505 0.010551 -0.327125
v 0.309957 0.004932 -0.317134
v 0.307505 0.005169 -0.321745
v 0.305943 0.005403 -0.326891
v 0.312829 0.013668 -0.346048
v 0.311082 0.009606 -0.346896
v 0.309957 0.004932 -0.347546
v 0.311082 0.014506 -0.341990
v 0.308882 0.010106 -0.342491
v 0.307505 0.005169 -0.342935
v 0.309957 0.015155 -0.337319
v 0.307505 0.010551 -0.337555
v 0.305943 0.005403 -0.337790
v 0.318672 -0.013668 -0.312893
v 0.322722 -0.014504 -0.311152
v 0.327379 -0.015152 -0.310033
v 0.317836 -0.009618 -0.311152
v 0.322223 -0.010117 -0.308950
v 0.327142 -0.010560 -0.307576
v 0.317188 -0.004962 -0.310033
v 0.321780 -0.005198 -0.307576
v 0.326909 -0.005431 -0.306019
v 0.346008 -0.013668 -0.312893
v 0.346844 -0.009618 -0.311152
v 0.347492 -0.004962 -0.310033
v 0.341958 -0.014504 -0.311152
v 0.342457 -0.010117 -0.308950
v 0.342900 -0.005198 -0.307576
v 0.337302 -0.015152 -0.310033
v 0.337538 -0.010560 -0.307576
v 0.337772 -0.005431 -0.306019
v 0.346048 0.013668 -0.312829
v 0.341990 0.014506 -0.311082
v 0.337319 0.015155 -0.309957
v 0.346896 0.009606 -0.311082
v 0.342491 0.010106 -0.308883
v 0.337555 0.010551 -0.307505
v 0.347546 0.004932 -0.309957
v 0.342935 0.005169 -0.307505
v 0.337790 0.005403 -0.305943
v 0.318632 0.013668 -0.312829
v 0.317785 0.009606 -0.311082
v 0.317134 0.004932 -0.309957
v 0.322690 0.014506 -0.311082
v 0.322189 0.010106 -0.308883
v 0.321745 0.005169 -0.307505
v 0.327362 0.015155 -0.309957
v 0.327125 0.010551 -0.307505
v 0.326890 0.005403 -0.305943
v 0.351787 -0.013668 -0.318673
v 0.353528 -0.014504 -0.322722
v 0.354647 -0.015152 -0.327379
v 0.353528 -0.009618 -0.317836
v 0.355730 -0.010117 -0.322223
v 0.357105 -0.010560 -0.327142
v 0.354647 -0.004962 -0.317188
v 0.357105 -0.005198 -0.321780
v 0.358662 -0.005431 -0.326909
v 0.351787 -0.013668 -0.346008
v 0.353528 -0.009618 -0.346844
v 0.354647 -0.004962 -0.347493
v 0.353528 -0.014504 -0.341959
v 0.355730 -0.010117 -0.342457
v 0.357105 -0.005198 -0.342900
v 0.354647 -0.015152 -0.337302
v 0.357105 -0.010560 -0.337538
v 0.358662 -0.005431 -0.337772
v 0.351852 0.013668 -0.346048
v 0.353598 0.014506 -0.341990
v 0.354723 0.015155 -0.337319
v 0.353598 0.009606 -0.346896
v 0.355798 0.010106 -0.342491
v 0.357176 0.010551 -0.337555
v 0.354723 0.004932 -0.347546
v 0.357176 0.005169 -0.342935
v 0.358738 0.005403 -0.337790
v 0.351852 0.013668 -0.318632
v 0.353598 0.009606 -0.317785
v 0.354723 0.004932 -0.317134
v 0.353598 0.014506 -0.322690
v 0.355798 0.010106 -0.322189
v 0.357176 0.005169 -0.321745
v 0.354723 0.015155 -0.327362
v 0.357176 0.010551 -0.327125
v 0.358738 0.005403 -0.326891
v 0.346008 -0.013668 -0.351788
v 0.341959 -0.014504 -0.353528
v 0.337302 -0.015152 -0.354647
v 0.346844 -0.009618 -0.353528
v 0.342457 -0.010117 -0.355731
v 0.337538 -0.010560 -0.357105
v 0.347492 -0.004962 -0.354647
v 0.342900 -0.005198 -0.357105
v 0.337772 -0.005431 -0.358662
v 0.318672 -0.013668 -0.351788
v 0.317836 -0.009618 -0.353528
v 0.317188 -0.004962 -0.354647
v 0.322722 -0.014504 -0.353528
v 0.322223 -0.010117 -0.355731
v 0.321780 -0.005198 -0.357105
v 0.327379 -0.015152 -0.354647
v 0.327142 -0.010560 -0.357105
v 0.326909 -0.005431 -0.358662
v 0.318632 0.013668 -0.351852
v 0.322690 0.014506 -0.353598
v 0.327362 0.015155 -0.354724
v 0.317785 0.009606 -0.353598
v 0.322189 0.010106 -0.355798
v 0.327125 0.010551 -0.357176
v 0.317134 0.004932 -0.354724
v 0.321745 0.005169 -0.357176
v 0.326890 0.005403 -0.358738
v 0.346048 0.013668 -0.351852
v 0.346896 0.009606 -0.353598
v 0.347546 0.004932 -0.354724
v 0.341990 0.014506 -0.353598
v 0.342491 0.010106 -0.355798
v 0.342935 0.005169 -0.357176
v 0.337319 0.015155 -0.354724
v 0.337555 0.010551 -0.357176
v 0.337790 0.005403 -0.358738
v 0.326796 -0.026853 -0.332340
v 0.332340 -0.027500 -0.332340
v 0.332340 -0.027500 -0.332340
v 0.351729 -0.019388 -0.332340
v 0.347749 -0.022680 -0.332340
v 0.343099 -0.025221 -0.332340
v 0.337884 -0.026853 -0.332340
v 0.332340 -0.027500 -0.332340
v 0.332340 -0.027500 -0.332340
v 0.332340 -0.027500 -0.332340
v 0.326796 -0.026853 -0.332340
v 0.332340 0.027500 -0.332340
v 0.332340 0.027500 -0.332340
v 0.332340 0.027500 -0.332340
v 0.332340 0.027500 -0.332340
v 0.351793 0.019403 -0.332340
v 0.347803 0.022707 -0.332340
v 0.343135 0.025251 -0.332340
v 0.337903 0.026887 -0.332340
v 0.332340 0.027500 -0.332340
v 0.316510 -0.015830 -0.348171
v 0.315351 -0.016990 -0.345551
v 0.314116 -0.018224 -0.341698
v 0.313257 -0.019083 -0.337184
v 0.312952 -0.019388 -0.332340
v 0.315351 -0.016990 -0.319130
v 0.316510 -0.015830 -0.316510
v 0.314116 -0.018224 -0.322983
v 0.313257 -0.019083 -0.327497
v 0.316454 0.015835 -0.316454
v 0.315293 0.017000 -0.319091
v 0.314054 0.018236 -0.322951
v 0.313193 0.019097 -0.327481
v 0.312887 0.019403 -0.332340
v 0.315293 0.017000 -0.345590
v 0.316454 0.015835 -0.348226
v 0.314054 0.018236 -0.341730
v 0.313193 0.019097 -0.337200
v 0.316510 -0.015830 -0.316510
v 0.315351 -0.013211 -0.315351
v 0.319130 -0.016990 -0.315351
v 0.322982 -0.018224 -0.314116
v 0.327497 -0.019083 -0.313257
v 0.332340 -0.019388 -0.312952
v 0.314116 -0.009358 -0.314116
v 0.313257 -0.004843 -0.313257
v 0.312895 0.000000 -0.312895
v 0.345551 -0.016990 -0.315351
v 0.348171 -0.015830 -0.316510
v 0.341698 -0.018224 -0.314116
v 0.337184 -0.019083 -0.313257
v 0.348226 0.015835 -0.316454
v 0.345590 0.017000 -0.315293
v 0.341729 0.018236 -0.314054
v 0.337200 0.019097 -0.313193
v 0.332340 0.019403 -0.312887
v 0.319090 0.017000 -0.315293
v 0.315293 0.013210 -0.315293
v 0.316454 0.015835 -0.316454
v 0.314054 0.009344 -0.314054
v 0.313193 0.004813 -0.313193
v 0.322951 0.018236 -0.314054
v 0.327481 0.019097 -0.313193
v 0.348171 -0.015830 -0.316510
v 0.349330 -0.013211 -0.315351
v 0.349330 -0.016990 -0.319130
v 0.350564 -0.018224 -0.322983
v 0.351424 -0.019083 -0.327497
v 0.351729 -0.019388 -0.332340
v 0.350564 -0.009358 -0.314116
v 0.351424 -0.004843 -0.313257
v 0.351786 0.000000 -0.312895
v 0.349330 -0.016990 -0.345551
v 0.348171 -0.015830 -0.348171
v 0.350564 -0.018224 -0.341698
v 0.351424 -0.019083 -0.337184
v 0.351729 -0.019388 -0.332340
v 0.355020 -0.015409 -0.332340
v 0.357561 -0.010758 -0.332340
v 0.359193 -0.005544 -0.332340
v 0.359840 0.000000 -0.332340
v 0.348226 0.015835 -0.348226
v 0.349388 0.017000 -0.345590
v 0.350626 0.018236 -0.341730
v 0.351487 0.019097 -0.337200
v 0.351793 0.019403 -0.332340
v 0.349388 0.017000 -0.319091
v 0.349388 0.013210 -0.315293
v 0.348226 0.015835 -0.316454
v 0.350626 0.009344 -0.314054
v 0.351487 0.004813 -0.313193
v 0.350626 0.018236 -0.322951
v 0.351487 0.019097 -0.327481
v 0.351793 0.019403 -0.332340
v 0.355096 0.015412 -0.332340
v 0.357632 0.010750 -0.332340
v 0.359271 0.005516 -0.332340
v 0.348171 -0.015830 -0.348171
v 0.349330 -0.013211 -0.349330
v 0.345551 -0.016990 -0.349330
v 0.341698 -0.018224 -0.350564
v 0.337184 -0.019083 -0.351424
v 0.332340 -0.019388 -0.351729
v 0.350564 -0.009358 -0.350564
v 0.351424 -0.004843 -0.351424
v 0.351793 -0.000049 -0.351793
v 0.319130 -0.016990 -0.349330
v 0.315351 -0.013211 -0.349330
v 0.316510 -0.015830 -0.348171
v 0.314116 -0.009358 -0.350564
v 0.313257 -0.004843 -0.351424
v 0.312887 -0.000049 -0.351793
v 0.322982 -0.018224 -0.350564
v 0.327497 -0.019083 -0.351424
v 0.316454 0.015835 -0.348226
v 0.315293 0.013210 -0.349388
v 0.319090 0.017000 -0.349388
v 0.322951 0.018236 -0.350626
v 0.327481 0.019097 -0.351487
v 0.332340 0.019403 -0.351793
v 0.314054 0.009344 -0.350626
v 0.313193 0.004813 -0.351487
v 0.345590 0.017000 -0.349388
v 0.349388 0.013210 -0.349388
v 0.348226 0.015835 -0.348226
v 0.350626 0.009344 -0.350626
v 0.351487 0.004813 -0.351487
v 0.341729 0.018236 -0.350626
v 0.337200 0.019097 -0.351487
vn -0.577350 -0.577350 -0.577350
vn -0.577350 -0.577350 0.577350
vn 0.577350 -0.577350 -0.577350
vn 0.577350 -0.577350 0.577350
vn -0.577053 0.577944 -0.577053
vn -0.577053 0.577944 0.577053
vn 0.577053 0.577944 -0.577053
vn 0.577053 0.577944 0.577053
vn 0.000000 -1.000000 0.000000
vn 0.000000 1.000000 0.000000
vn -0.999975 -0.007027 -0.000914
vn 0.000000 -0.006784 0.999977
vn 0.999975 -0.007028 -0.000914
vn 0.000000 -0.007271 -0.999974
vn 0.000000 -0.707107 -0.707107
vn 0.707107 -0.707107 0.000000
vn 0.000000 -0.707107 0.707107
vn -0.707107 -0.707107 0.000000
vn -0.707206 0.707008 0.000000
vn 0.000000 0.707008 0.707206
vn 0.707206 0.707008 0.000000
vn 0.000000 0.707008 -0.707206
vn -0.707078 -0.009016 0.707078
vn -0.707072 -0.009977 -0.707072
vn 0.707078 -0.009016 0.707078
vn 0.707072 -0.009977 -0.707072
vn -0.480539 -0.620114 -0.620114
vn -0.341098 -0.664700 -0.664700
vn -0.176933 -0.695951 -0.695951
vn 0.480540 -0.620114 -0.620113
vn 0.341098 -0.664701 -0.664699
vn 0.176933 -0.695951 -0.695950
vn 0.620114 -0.620114 -0.480539
vn 0.664700 -0.664700 -0.341098
vn 0.695951 -0.695951 -0.176933
vn 0.620113 -0.620114 0.480540
vn 0.664699 -0.664701 0.341098
vn 0.695950 -0.695951 0.176933
vn 0.480539 -0.620114 0.620114
vn 0.341098 -0.664700 0.664700
vn 0.176933 -0.695951 0.695951
vn -0.480540 -0.620114 0.620113
vn -0.341098 -0.664701 0.664699
vn -0.176933 -0.695951 0.695951
vn -0.620114 -0.620114 0.480539
vn -0.664700 -0.664700 0.341098
vn -0.695951 -0.695951 0.176933
vn -0.620114 -0.620114 -0.480539
vn -0.664700 -0.664700 -0.341098
vn -0.695951 -0.695951 -0.176933
vn -0.619905 0.620459 -0.480362
vn -0.664596 0.664652 -0.341394
vn -0.696051 0.695869 -0.176858
vn -0.619905 0.620459 0.480362
vn -0.664595 0.664652 0.341395
vn -0.696051 0.695869 0.176858
vn -0.480362 0.620459 0.619905
vn -0.341395 0.664652 0.664595
vn -0.176858 0.695869 0.696051
vn 0.480362 0.620459 0.619905
vn 0.341395 0.664652 0.664595
vn 0.176858 0.695869 0.696051
vn 0.619905 0.620459 0.480362
vn 0.664595 0.664652 0.341395
vn 0.696051 0.695869 0.176858
vn 0.619905 0.620459 -0.480362
vn 0.664595 0.664652 -0.341395
vn 0.696051 0.695869 -0.176858
vn 0.480362 0.620459 -0.619905
vn 0.341394 0.664652 -0.664596
vn 0.176858 0.695869 -0.696051
vn -0.480362 0.620459 -0.619905
vn -0.341394 0.664652 -0.664596
vn -0.176858 0.695869 -0.696051
vn -0.620113 -0.480541 0.620113
vn -0.664700 -0.341099 0.664700
vn -0.695038 -0.183967 0.695038
vn -0.619981 0.480883 0.619980
vn -0.664625 0.341393 0.664623
vn -0.696185 0.175080 0.696185
vn -0.619981 0.480883 -0.619980
vn -0.664625 0.341393 -0.664623
vn -0.695964 0.176834 -0.695963
vn -0.620113 -0.480541 -0.620113
vn -0.664700 -0.341099 -0.664700
vn -0.694679 -0.186661 -0.694679
vn 0.620114 -0.480539 0.620114
vn 0.664700 -0.341098 0.664700
vn 0.695038 -0.183968 0.695038
vn 0.619980 0.480884 0.619980
vn 0.664624 0.341393 0.664624
vn 0.696185 0.175080 0.696185
vn 0.620114 -0.480539 -0.620114
vn 0.664700 -0.341098 -0.664700
vn 0.694679 -0.186662 -0.694679
vn 0.619980 0.480884 -0.619980
vn 0.664624 0.341393 -0.664624
vn 0.695963 0.176833 -0.695963
vn 0.000000 -0.828751 -0.559617
vn 0.000000 -0.921249 -0.388973
vn 0.000000 -0.979125 -0.203257
vn 0.559617 -0.828751 0.000000
vn 0.388973 -0.921249 0.000000
vn 0.203258 -0.979125 0.000000
vn 0.000000 -0.828751 0.559617
vn 0.000000 -0.921249 0.388973
vn 0.000000 -0.979125 0.203257
vn -0.559617 -0.828751 0.000000
vn -0.388973 -0.921249 0.000000
vn -0.203257 -0.979125 0.000000
vn -0.559402 0.828896 0.000000
vn -0.388341 0.921516 0.000000
vn -0.201446 0.979500 0.000000
vn 0.000000 0.828896 0.559402
vn 0.000000 0.921516 0.388341
vn 0.000000 0.979500 0.201446
vn 0.559402 0.828896 0.000000
vn 0.388341 0.921516 0.000000
vn 0.201446 0.979500 0.000000
vn 0.000000 0.828896 -0.559402
vn 0.000000 0.921516 -0.388341
vn 0.000000 0.979500 -0.201446
vn -0.828751 -0.559617 0.000000
vn -0.921249 -0.388973 0.000000
vn -0.978280 -0.207289 -0.000337
vn -0.830622 -0.008560 0.556771
vn -0.923028 -0.007570 0.384660
vn -0.980438 -0.006910 0.196709
vn -0.829181 0.558980 0.000000
vn -0.921612 0.388113 0.000000
vn -0.979703 0.200453 -0.000575
vn -0.829044 -0.009544 -0.559102
vn -0.921477 -0.008558 -0.388339
vn -0.979799 -0.007640 -0.199838
vn 0.000000 -0.559617 0.828751
vn 0.000000 -0.388973 0.921249
vn 0.000000 -0.207612 0.978211
vn 0.556771 -0.008560 0.830622
vn 0.384660 -0.007570 0.923028
vn 0.196709 -0.006910 0.980438
vn 0.000000 0.558980 0.829181
vn 0.000000 0.388113 0.921612
vn 0.000000 0.201010 0.979589
vn -0.556771 -0.008560 0.830622
vn -0.384660 -0.007570 0.923028
vn -0.196709 -0.006910 0.980438
vn 0.828751 -0.559617 0.000000
vn 0.921249 -0.388973 0.000000
vn 0.978280 -0.207288 -0.000337
vn 0.829044 -0.009544 -0.559102
vn 0.921477 -0.008558 -0.388339
vn 0.979799 -0.007640 -0.199838
vn 0.829181 0.558980 0.000000
vn 0.921612 0.388113 0.000000
vn 0.979703 0.200453 -0.000575
vn 0.830622 -0.008560 0.556771
vn 0.923028 -0.007570 0.384660
vn 0.980438 -0.006910 0.196709
vn 0.000000 -0.559617 -0.828751
vn 0.000000 -0.388973 -0.921249
vn 0.000000 -0.206966 -0.978348
vn -0.559102 -0.009544 -0.829044
vn -0.388339 -0.008558 -0.921477
vn -0.199838 -0.007640 -0.979799
vn 0.000000 0.558981 -0.829181
vn 0.000000 0.388113 -0.921612
vn 0.000000 0.199896 -0.979817
vn 0.559102 -0.009544 -0.829044
vn 0.388339 -0.008558 -0.921477
vn 0.199838 -0.007640 -0.979799
vn -0.496353 -0.712227 -0.496353
vn -0.349238 -0.774614 -0.527262
vn -0.180544 -0.814840 -0.550854
vn -0.527262 -0.774614 -0.349238
vn -0.367019 -0.854748 -0.367019
vn -0.188731 -0.904340 -0.382819
vn -0.550854 -0.814840 -0.180544
vn -0.382819 -0.904340 -0.188731
vn -0.198211 -0.959909 -0.198211
vn 0.496353 -0.712227 -0.496353
vn 0.527262 -0.774614 -0.349238
vn 0.550854 -0.814840 -0.180544
vn 0.349238 -0.774614 -0.527262
vn 0.367019 -0.854748 -0.367019
vn 0.382819 -0.904340 -0.188731
vn 0.180544 -0.814840 -0.550854
vn 0.188731 -0.904340 -0.382819
vn 0.198212 -0.959909 -0.198212
vn 0.496353 -0.712227 0.496353
vn 0.349238 -0.774614 0.527262
vn 0.180544 -0.814840 0.550854
vn 0.527262 -0.774614 0.349238
vn 0.367019 -0.854748 0.367019
vn 0.188731 -0.904340 0.382819
vn 0.550854 -0.814840 0.180544
vn 0.382819 -0.904340 0.188731
vn 0.198212 -0.959909 0.198212
vn -0.496353 -0.712227 0.496353
vn -0.527262 -0.774614 0.349238
vn -0.550854 -0.814840 0.180544
vn -0.349238 -0.774614 0.527262
vn -0.367019 -0.854748 0.367019
vn -0.382819 -0.904340 0.188731
vn -0.180544 -0.814840 0.550854
vn -0.188731 -0.904340 0.382819
vn -0.198211 -0.959909 0.198211
vn -0.496224 0.712407 -0.496224
vn -0.527125 0.774560 -0.349565
vn -0.550679 0.814974 -0.180470
vn -0.349565 0.774560 -0.527125
vn -0.366859 0.854886 -0.366859
vn -0.382253 0.904621 -0.188532
vn -0.180470 0.814974 -0.550679
vn -0.188532 0.904621 -0.382253
vn -0.197209 0.960322 -0.197209
vn -0.496224 0.712407 0.496224
vn -0.349565 0.774560 0.527125
vn -0.180470 0.814974 0.550679
vn -0.527125 0.774560 0.349565
vn -0.366859 0.854886 0.366859
vn -0.188532 0.904621 0.382253
vn -0.550679 0.814974 0.180470
vn -0.382253 0.904621 0.188532
vn -0.197209 0.960322 0.197209
vn 0.496224 0.712407 0.496224
vn 0.527125 0.774560 0.349565
vn 0.550679 0.814974 0.180470
vn 0.349565 0.774560 0.527125
vn 0.366859 0.854886 0.366859
vn 0.382253 0.904621 0.188532
vn 0.180470 0.814974 0.550679
vn 0.188532 0.904621 0.382253
vn 0.197209 0.960322 0.197209
vn 0.496224 0.712407 -0.496224
vn 0.349565 0.774560 -0.527125
vn 0.180470 0.814974 -0.550679
vn 0.527125 0.774560 -0.349565
vn 0.366859 0.854886 -0.366859
vn 0.188532 0.904621 -0.382253
vn 0.550679 0.814974 -0.180470
vn 0.382253 0.904621 -0.188532
vn 0.197209 0.960322 -0.197209
vn -0.712227 -0.496354 -0.496352
vn -0.774614 -0.527263 -0.349237
vn -0.814840 -0.550854 -0.180544
vn -0.774614 -0.349239 -0.527262
vn -0.854748 -0.367020 -0.367018
vn -0.904340 -0.382819 -0.188731
vn -0.813445 -0.189825 -0.549794
vn -0.902870 -0.197032 -0.382106
vn -0.959100 -0.204040 -0.196202
vn -0.712227 -0.496354 0.496352
vn -0.774614 -0.349239 0.527262
vn -0.814564 -0.187771 0.548843
vn -0.774614 -0.527263 0.349237
vn -0.854748 -0.367020 0.367018
vn -0.903776 -0.196343 0.380313
vn -0.814840 -0.550854 0.180544
vn -0.904340 -0.382819 0.188731
vn -0.959330 -0.204362 0.194739
vn -0.712537 0.496406 0.495855
vn -0.774906 0.526865 0.349191
vn -0.815263 0.550245 0.180492
vn -0.775027 0.349374 0.526566
vn -0.855252 0.366519 0.366343
vn -0.904724 0.381953 0.188647
vn -0.816335 0.179389 0.549015
vn -0.905539 0.188871 0.379903
vn -0.960723 0.197565 0.194883
vn -0.712537 0.496406 -0.495855
vn -0.775027 0.349374 -0.526566
vn -0.815389 0.180480 -0.550062
vn -0.774906 0.526865 -0.349191
vn -0.855252 0.366520 -0.366343
vn -0.904820 0.188590 -0.381752
vn -0.815263 0.550245 -0.180491
vn -0.904723 0.381953 -0.188647
vn -0.960587 0.196523 -0.196599
vn -0.496354 -0.496354 0.712226
vn -0.349237 -0.527263 0.774614
vn -0.180543 -0.550854 0.814840
vn -0.527263 -0.349238 0.774614
vn -0.367018 -0.367019 0.854748
vn -0.188731 -0.382819 0.904340
vn -0.548843 -0.187771 0.814564
vn -0.380313 -0.196343 0.903776
vn -0.194739 -0.204362 0.959330
vn 0.496353 -0.496353 0.712227
vn 0.527262 -0.349238 0.774614
vn 0.548843 -0.187772 0.814563
vn 0.349238 -0.527262 0.774615
vn 0.367019 -0.367020 0.854748
vn 0.380313 -0.196344 0.903776
vn 0.180543 -0.550854 0.814840
vn 0.188731 -0.382819 0.904340
vn 0.194739 -0.204362 0.959330
vn 0.495855 0.496407 0.712536
vn 0.349190 0.526866 0.774906
vn 0.180492 0.550245 0.815263
vn 0.526566 0.349374 0.775026
vn 0.366342 0.366520 0.855253
vn 0.188647 0.381953 0.904723
vn 0.549015 0.179389 0.816335
vn 0.379903 0.188871 0.905540
vn 0.194883 0.197565 0.960723
vn -0.495855 0.496407 0.712536
vn -0.526566 0.349374 0.775026
vn -0.549015 0.179389 0.816335
vn -0.349190 0.526866 0.774906
vn -0.366342 0.366520 0.855253
vn -0.379903 0.188871 0.905540
vn -0.180492 0.550245 0.815263
vn -0.188647 0.381953 0.904723
vn -0.194883 0.197565 0.960723
vn 0.712227 -0.496352 0.496354
vn 0.774614 -0.527262 0.349239
vn 0.814840 -0.550854 0.180543
vn 0.774614 -0.349237 0.527263
vn 0.854748 -0.367018 0.367020
vn 0.904340 -0.382818 0.188731
vn 0.814563 -0.187772 0.548843
vn 0.903776 -0.196344 0.380313
vn 0.959330 -0.204362 0.194738
vn 0.712227 -0.496353 -0.496353
vn 0.774614 -0.349238 -0.527262
vn 0.813445 -0.189826 -0.549794
vn 0.774614 -0.527262 -0.349238
vn 0.854748 -0.367019 -0.367019
vn 0.902870 -0.197032 -0.382106
vn 0.814840 -0.550854 -0.180544
vn 0.904340 -0.382819 -0.188731
vn 0.959100 -0.204040 -0.196202
vn 0.712536 0.496407 -0.495855
vn 0.774906 0.526866 -0.349190
vn 0.815263 0.550245 -0.180492
vn 0.775026 0.349374 -0.526566
vn 0.855253 0.366520 -0.366342
vn 0.904723 0.381953 -0.188647
vn 0.815389 0.180479 -0.550062
vn 0.904820 0.188590 -0.381751
vn 0.960587 0.196523 -0.196600
vn 0.712536 0.496407 0.495855
vn 0.775026 0.349374 0.526566
vn 0.816335 0.179389 0.549015
vn 0.774906 0.526866 0.349190
vn 0.855253 0.366520 0.366342
vn 0.905540 0.188871 0.379903
vn 0.815263 0.550245 0.180492
vn 0.904723 0.381953 0.188647
vn 0.960723 0.197565 0.194883
vn 0.496354 -0.496352 -0.712227
vn 0.349239 -0.527262 -0.774614
vn 0.180543 -0.550854 -0.814840
vn 0.527263 -0.349237 -0.774614
vn 0.367020 -0.367018 -0.854748
vn 0.188731 -0.382819 -0.904340
vn 0.549794 -0.189826 -0.813445
vn 0.382106 -0.197032 -0.902870
vn 0.196202 -0.204040 -0.959100
vn -0.496352 -0.496354 -0.712227
vn -0.527262 -0.349239 -0.774614
vn -0.549794 -0.189825 -0.813445
vn -0.349237 -0.527263 -0.774614
vn -0.367018 -0.367020 -0.854748
vn -0.382106 -0.197032 -0.902870
vn -0.180544 -0.550854 -0.814840
vn -0.188731 -0.382819 -0.904340
vn -0.196202 -0.204040 -0.959100
vn -0.495855 0.496407 -0.712536
vn -0.349190 0.526866 -0.774906
vn -0.180491 0.550245 -0.815263
vn -0.526566 0.349374 -0.775026
vn -0.366341 0.366520 -0.855253
vn -0.188647 0.381953 -0.904723
vn -0.550062 0.180479 -0.815389
vn -0.381751 0.188590 -0.904820
vn -0.196600 0.196523 -0.960587
vn 0.495855 0.496407 -0.712536
vn 0.526566 0.349374 -0.775026
vn 0.550062 0.180479 -0.815389
vn 0.349190 0.526866 -0.774906
vn 0.366341 0.366520 -0.855253
vn 0.381751 0.188590 -0.904820
vn 0.180491 0.550245 -0.815263
vn 0.188647 0.381953 -0.904723
vn 0.196600 0.196523 -0.960587
vn -0.203257 -0.979125 0.000000
vn 0.000000 -1.000000 0.000000
vn 0.000000 -1.000000 0.000000
vn 0.707107 -0.707107 0.000000
vn 0.559617 -0.828751 0.000000
vn 0.388973 -0.921249 0.000000
vn 0.203258 -0.979125 0.000000
vn 0.000000 -1.000000 0.000000
vn 0.000000 -1.000000 0.000000
vn 0.000000 -1.000000 0.000000
vn -0.203257 -0.979125 0.000000
vn 0.000000 1.000000 0.000000
vn 0.000000 1.000000 0.000000
vn 0.000000 1.000000 0.000000
vn 0.000000 1.000000 0.000000
vn 0.707206 0.707008 0.000000
vn 0.559402 0.828896 0.000000
vn 0.388341 0.921516 0.000000
vn 0.201446 0.979500 0.000000
vn 0.000000 1.000000 0.000000
vn -0.577350 -0.577350 -0.577350
vn -0.620114 -0.620114 -0.480539
vn -0.664700 -0.664700 -0.341098
vn -0.695951 -0.695951 -0.176933
vn -0.707107 -0.707107 0.000000
vn -0.620114 -0.620114 0.480539
vn -0.577350 -0.577350 0.577350
vn -0.664700 -0.664700 0.341098
vn -0.695951 -0.695951 0.176933
vn -0.577053 0.577944 0.577053
vn -0.619905 0.620459 0.480362
vn -0.664595 0.664652 0.341395
vn -0.696051 0.695869 0.176858
vn -0.707206 0.707008 0.000000
vn -0.619905 0.620459 -0.480362
vn -0.577053 0.577944 -0.577053
vn -0.664596 0.664652 -0.341394
vn -0.696051 0.695869 -0.176858
vn -0.577350 -0.577350 0.577350
vn -0.620113 -0.480541 0.620113
vn -0.480540 -0.620114 0.620113
vn -0.341098 -0.664701 0.664699
vn -0.176933 -0.695951 0.695951
vn 0.000000 -0.707107 0.707107
vn -0.664700 -0.341099 0.664700
vn -0.695038 -0.183967 0.695038
vn -0.707078 -0.009016 0.707078
vn 0.480539 -0.620114 0.620114
vn 0.577350 -0.577350 0.577350
vn 0.341098 -0.664700 0.664700
vn 0.176933 -0.695951 0.695951
vn 0.577053 0.577944 0.577053
vn 0.480362 0.620459 0.619905
vn 0.341395 0.664652 0.664595
vn 0.176858 0.695869 0.696051
vn 0.000000 0.707008 0.707206
vn -0.480362 0.620459 0.619905
vn -0.619981 0.480883 0.619980
vn -0.577053 0.577944 0.577053
vn -0.664625 0.341393 0.664623
vn -0.696185 0.175080 0.696185
vn -0.341395 0.664652 0.664595
vn -0.176858 0.695869 0.696051
vn 0.577350 -0.577350 0.577350
vn 0.620114 -0.480539 0.620114
vn 0.620113 -0.620114 0.480540
vn 0.664699 -0.664701 0.341098
vn 0.695950 -0.695951 0.176933
vn 0.707107 -0.707107 0.000000
vn 0.664700 -0.341098 0.664700
vn 0.695038 -0.183968 0.695038
vn 0.707078 -0.009016 0.707078
vn 0.620114 -0.620114 -0.480539
vn 0.577350 -0.577350 -0.577350
vn 0.664700 -0.664700 -0.341098
vn 0.695951 -0.695951 -0.176933
vn 0.707107 -0.707107 0.000000
vn 0.828751 -0.559617 0.000000
vn 0.921249 -0.388973 0.000000
vn 0.978280 -0.207288 -0.000337
vn 0.999975 -0.007028 -0.000914
vn 0.577053 0.577944 -0.577053
vn 0.619905 0.620459 -0.480362
vn 0.664595 0.664652 -0.341395
vn 0.696051 0.695869 -0.176858
vn 0.707206 0.707008 0.000000
vn 0.619905 0.620459 0.480362
vn 0.619980 0.480884 0.619980
vn 0.577053 0.577944 0.577053
vn 0.664624 0.341393 0.664624
vn 0.696185 0.175080 0.696185
vn 0.664595 0.664652 0.341395
vn 0.696051 0.695869 0.176858
vn 0.707206 0.707008 0.000000
vn 0.829181 0.558980 0.000000
vn 0.921612 0.388113 0.000000
vn 0.979703 0.200453 -0.000575
vn 0.577350 -0.577350 -0.577350
vn 0.620114 -0.480539 -0.620114
vn 0.480540 -0.620114 -0.620113
vn 0.341098 -0.664701 -0.664699
vn 0.176933 -0.695951 -0.695950
vn 0.000000 -0.707107 -0.707107
vn 0.664700 -0.341098 -0.664700
vn 0.694679 -0.186662 -0.694679
vn 0.707072 -0.009977 -0.707072
vn -0.480539 -0.620114 -0.620114
vn -0.620113 -0.480541 -0.620113
vn -0.577350 -0.577350 -0.577350
vn -0.664700 -0.341099 -0.664700
vn -0.694679 -0.186661 -0.694679
vn -0.707072 -0.009977 -0.707072
vn -0.341098 -0.664700 -0.664700
vn -0.176933 -0.695951 -0.695951
vn -0.577053 0.577944 -0.577053
vn -0.619981 0.480883 -0.619980
vn -0.480362 0.620459 -0.619905
vn -0.341394 0.664652 -0.664596
vn -0.176858 0.695869 -0.696051
vn 0.000000 0.707008 -0.707206
vn -0.664625 0.341393 -0.664623
vn -0.695964 0.176834 -0.695963
vn 0.480362 0.620459 -0.619905
vn 0.619980 0.480884 -0.619980
vn 0.577053 0.577944 -0.577053
vn 0.664624 0.341393 -0.664624
vn 0.695963 0.176833 -0.695963
vn 0.341394 0.664652 -0.664596
vn 0.176858 0.695869 -0.696051
vt 0.373799 0.318191
vt 0.623613 0.318191
vt 0.123986 0.318191
vt 0.873427 0.318191
vt 0.373799 0.683609
vt 0.623613 0.683609
vt 0.123986 0.683609
vt 0.873427 0.683609
vt 0.373458 0.021756
vt 0.384783 0.971765
vt 0.498706 0.500900
vt 0.748520 0.500900
vt 0.998334 0.500900
vt 0.248892 0.500900
vt 0.248892 0.277129
vt -0.000921 0.277129
vt 0.748520 0.277129
vt 0.498706 0.277129
vt 0.498706 0.724672
vt 0.748520 0.724672
vt 0.998334 0.724672
vt 0.248892 0.724672
vt 0.623613 0.500900
vt 0.373799 0.500900
vt 0.873427 0.500900
vt 0.123986 0.500900
vt 0.354002 0.304814
vt 0.324335 0.290564
vt 0.288421 0.280647
vt 0.143782 0.304814
vt 0.173450 0.290564
vt 0.209364 0.280647
vt 0.104189 0.304814
vt 0.074521 0.290564
vt 0.038607 0.280647
vt 0.893224 0.304814
vt 0.922891 0.290564
vt 0.958805 0.280647
vt 0.853630 0.304814
vt 0.823963 0.290564
vt 0.788048 0.280647
vt 0.643410 0.304814
vt 0.673077 0.290564
vt 0.708991 0.280647
vt 0.603816 0.304814
vt 0.574149 0.290564
vt 0.538235 0.280647
vt 0.393596 0.304814
vt 0.423264 0.290564
vt 0.459178 0.280647
vt 0.393596 0.696987
vt 0.423264 0.711237
vt 0.459178 0.721153
vt 0.603816 0.696987
vt 0.574149 0.711237
vt 0.538235 0.721153
vt 0.643410 0.696987
vt 0.673077 0.711237
vt 0.708991 0.721153
vt 0.853630 0.696987
vt 0.823963 0.711237
vt 0.788048 0.721153
vt 0.893224 0.696987
vt 0.922891 0.711237
vt 0.958805 0.721153
vt 0.104189 0.696987
vt 0.074521 0.711237
vt 0.038607 0.721153
vt 0.143782 0.696987
vt 0.173450 0.711237
vt 0.209364 0.721153
vt 0.354002 0.696987
vt 0.324335 0.711237
vt 0.288421 0.721153
vt 0.623613 0.348428
vt 0.623613 0.392897
vt 0.623613 0.445000
vt 0.623613 0.653373
vt 0.623613 0.608904
vt 0.623613 0.556800
vt 0.373799 0.653373
vt 0.373799 0.608904
vt 0.373799 0.556800
vt 0.373799 0.348428
vt 0.373799 0.392897
vt 0.373799 0.445000
vt 0.873427 0.348428
vt 0.873427 0.392897
vt 0.873427 0.445000
vt 0.873427 0.653373
vt 0.873427 0.608904
vt 0.873427 0.556800
vt 0.123986 0.348428
vt 0.123986 0.392897
vt 0.123986 0.445000
vt 0.123986 0.653373
vt 0.123986 0.608904
vt 0.123986 0.556800
vt 0.248892 0.233575
vt 0.248892 0.174340
vt 0.248892 0.102047
vt -0.000921 0.233575
vt -0.000921 0.173344
vt -0.000921 0.111119
vt 0.748520 0.233575
vt 0.748520 0.174340
vt 0.748520 0.104690
vt 0.498706 0.233575
vt 0.498706 0.169569
vt 0.498706 0.097569
vt 0.498706 0.762664
vt 0.498706 0.816243
vt 0.498706 0.902040
vt 0.748520 0.762664
vt 0.748520 0.816243
vt 0.748657 0.901957
vt 0.998334 0.762664
vt 0.998334 0.816243
vt 0.997860 0.899095
vt 0.248892 0.762664
vt 0.248892 0.816243
vt 0.248892 0.902040
vt 0.498706 0.323059
vt 0.498706 0.376732
vt 0.498706 0.436917
vt 0.593613 0.500900
vt 0.562830 0.500900
vt 0.531084 0.500900
vt 0.498706 0.678741
vt 0.498706 0.625069
vt 0.498706 0.564884
vt 0.403799 0.500900
vt 0.434582 0.500900
vt 0.466328 0.500900
vt 0.748520 0.323059
vt 0.748520 0.376732
vt 0.748520 0.436917
vt 0.843427 0.500900
vt 0.812644 0.500900
vt 0.780898 0.500900
vt 0.748520 0.678741
vt 0.748520 0.625069
vt 0.748520 0.564884
vt 0.653613 0.500900
vt 0.684396 0.500900
vt 0.716142 0.500900
vt 0.998334 0.323059
vt 0.998334 0.376732
vt 0.998334 0.436917
vt 0.093986 0.500900
vt 0.063202 0.500900
vt 0.031457 0.500900
vt -0.000921 0.678741
vt -0.000921 0.625069
vt -0.000921 0.564884
vt 0.903427 0.500900
vt 0.934210 0.500900
vt 0.965956 0.500900
vt 0.248892 0.323059
vt 0.248892 0.376732
vt 0.248892 0.436917
vt 0.343800 0.500900
vt 0.313016 0.500900
vt 0.281270 0.500900
vt 0.248892 0.678741
vt 0.248892 0.625069
vt 0.248892 0.564884
vt 0.153985 0.500900
vt 0.184769 0.500900
vt 0.216515 0.500900
vt 0.373799 0.283400
vt 0.342019 0.250794
vt 0.299219 0.237880
vt 0.405580 0.250794
vt 0.373799 0.214219
vt 0.321637 0.185627
vt 0.448379 0.237880
vt 0.425961 0.175268
vt 0.372580 0.133626
vt 0.123986 0.283400
vt 0.092205 0.250794
vt 0.049406 0.237880
vt 0.155766 0.250794
vt 0.123986 0.209653
vt 0.071823 0.185920
vt 0.198565 0.237880
vt 0.176148 0.184810
vt 0.125205 0.142172
vt 0.873427 0.283400
vt 0.841646 0.250794
vt 0.798847 0.237880
vt 0.905208 0.250794
vt 0.873427 0.209653
vt 0.821265 0.181853
vt 0.948007 0.237880
vt 0.925589 0.185920
vt 0.881960 0.139528
vt 0.623613 0.283400
vt 0.591833 0.250794
vt 0.549033 0.237880
vt 0.655394 0.250794
vt 0.623613 0.214219
vt 0.571451 0.180770
vt 0.698193 0.237880
vt 0.675775 0.183082
vt 0.615080 0.132108
vt 0.373799 0.725353
vt 0.405580 0.745444
vt 0.448379 0.758358
vt 0.342019 0.745444
vt 0.373799 0.770862
vt 0.425961 0.810544
vt 0.299219 0.758358
vt 0.321637 0.810544
vt 0.373799 0.870621
vt 0.623613 0.725353
vt 0.655394 0.745444
vt 0.698193 0.758358
vt 0.591833 0.745444
vt 0.623613 0.770862
vt 0.675775 0.810544
vt 0.549033 0.758358
vt 0.571451 0.810544
vt 0.623613 0.870621
vt 0.873427 0.725353
vt 0.905208 0.745444
vt 0.948007 0.758358
vt 0.841646 0.745444
vt 0.873427 0.770862
vt 0.925589 0.810544
vt 0.798847 0.758358
vt 0.821265 0.810544
vt 0.873427 0.876644
vt 0.123986 0.725353
vt 0.155766 0.745444
vt 0.198565 0.758358
vt 0.092205 0.745444
vt 0.123986 0.770862
vt 0.176148 0.810544
vt 0.049406 0.758358
vt 0.071823 0.810544
vt 0.123986 0.870621
vt 0.401279 0.343153
vt 0.430935 0.333502
vt 0.463899 0.326019
vt 0.403241 0.389889
vt 0.433784 0.384136
vt 0.465803 0.379021
vt 0.403814 0.443635
vt 0.434603 0.440908
vt 0.466343 0.438214
vt 0.596133 0.343153
vt 0.594171 0.389889
vt 0.593599 0.443635
vt 0.566477 0.333502
vt 0.563629 0.384136
vt 0.562809 0.440908
vt 0.533514 0.326019
vt 0.531610 0.379021
vt 0.531069 0.438214
vt 0.596133 0.658648
vt 0.566477 0.668299
vt 0.533514 0.675782
vt 0.594171 0.611911
vt 0.563629 0.617665
vt 0.531610 0.622780
vt 0.593599 0.558166
vt 0.562809 0.560893
vt 0.531069 0.563587
vt 0.401279 0.658648
vt 0.403241 0.611911
vt 0.403814 0.558166
vt 0.430935 0.668299
vt 0.433784 0.617665
vt 0.434603 0.560893
vt 0.463899 0.675782
vt 0.465803 0.622780
vt 0.466343 0.563587
vt 0.651093 0.343153
vt 0.680749 0.333502
vt 0.713713 0.326019
vt 0.653055 0.389889
vt 0.683597 0.384136
vt 0.715617 0.379021
vt 0.653627 0.443635
vt 0.684417 0.440908
vt 0.716157 0.438214
vt 0.845947 0.343153
vt 0.843985 0.389889
vt 0.843413 0.443635
vt 0.816291 0.333502
vt 0.813443 0.384136
vt 0.812623 0.440908
vt 0.783327 0.326019
vt 0.781423 0.379021
vt 0.780883 0.438214
vt 0.845947 0.658648
vt 0.816291 0.668299
vt 0.783327 0.675782
vt 0.843985 0.611911
vt 0.813443 0.617665
vt 0.781423 0.622780
vt 0.843413 0.558166
vt 0.812623 0.560893
vt 0.780883 0.563587
vt 0.651093 0.658648
vt 0.653055 0.611911
vt 0.653627 0.558166
vt 0.680749 0.668299
vt 0.683597 0.617665
vt 0.684417 0.560893
vt 0.713713 0.675782
vt 0.715617 0.622780
vt 0.716157 0.563587
vt 0.900906 0.343153
vt 0.930563 0.333502
vt 0.963526 0.326019
vt 0.902869 0.389889
vt 0.933411 0.384136
vt 0.965431 0.379021
vt 0.903441 0.443635
vt 0.934231 0.440908
vt 0.965971 0.438214
vt 0.096506 0.343153
vt 0.094543 0.389889
vt 0.093971 0.443635
vt 0.066850 0.333502
vt 0.064001 0.384136
vt 0.063182 0.440908
vt 0.033886 0.326019
vt 0.031982 0.379021
vt 0.031441 0.438214
vt 0.096506 0.658648
vt 0.066850 0.668299
vt 0.033886 0.675782
vt 0.094543 0.611911
vt 0.064001 0.617665
vt 0.031982 0.622780
vt 0.093971 0.558166
vt 0.063182 0.560893
vt 0.031441 0.563587
vt 0.900906 0.658648
vt 0.902869 0.611911
vt 0.903441 0.558166
vt 0.930563 0.668299
vt 0.933411 0.617665
vt 0.934231 0.560893
vt 0.963526 0.675782
vt 0.965431 0.622780
vt 0.965971 0.563587
vt 0.151465 0.343153
vt 0.181122 0.333502
vt 0.214085 0.326019
vt 0.153428 0.389889
vt 0.183970 0.384136
vt 0.215989 0.379021
vt 0.154000 0.443635
vt 0.184789 0.440908
vt 0.216530 0.438214
vt 0.346320 0.343153
vt 0.344357 0.389889
vt 0.343785 0.443635
vt 0.316663 0.333502
vt 0.313815 0.384136
vt 0.312995 0.440908
vt 0.283700 0.326019
vt 0.281796 0.379021
vt 0.281255 0.438214
vt 0.346320 0.658648
vt 0.316663 0.668299
vt 0.283700 0.675782
vt 0.344357 0.611911
vt 0.313815 0.617665
vt 0.281796 0.622780
vt 0.343785 0.558166
vt 0.312995 0.560893
vt 0.281255 0.563587
vt 0.151465 0.658648
vt 0.153428 0.611911
vt 0.154000 0.558166
vt 0.181122 0.668299
vt 0.183970 0.617665
vt 0.184789 0.560893
vt 0.214085 0.675782
vt 0.215989 0.622780
vt 0.216530 0.563587
vt 0.498706 0.097569
vt 0.373458 0.021756
vt 0.119418 0.021756
vt 0.998334 0.277129
vt 0.998334 0.233575
vt 0.998334 0.173344
vt 0.998334 0.103510
vt 0.873917 0.020380
vt 0.873917 0.020380
vt 0.622417 0.017629
vt 0.498706 0.097569
vt 0.384783 0.971765
vt 0.619770 0.975891
vt 0.875080 0.973140
vt 0.875080 0.973140
vt -0.000921 0.724672
vt -0.000921 0.762664
vt -0.000921 0.816243
vt -0.000921 0.902040
vt 0.129473 0.971765
vt 0.373799 0.318191
vt 0.393596 0.304814
vt 0.423264 0.290564
vt 0.459178 0.280647
vt 0.498706 0.277129
vt 0.603816 0.304814
vt 0.623613 0.318191
vt 0.574149 0.290564
vt 0.538235 0.280647
vt 0.623613 0.683609
vt 0.603816 0.696987
vt 0.574149 0.711237
vt 0.538235 0.721153
vt 0.498706 0.724672
vt 0.393596 0.696987
vt 0.373799 0.683609
vt 0.423264 0.711237
vt 0.459178 0.721153
vt 0.623613 0.318191
vt 0.623613 0.348428
vt 0.643410 0.304814
vt 0.673077 0.290564
vt 0.708991 0.280647
vt 0.748520 0.277129
vt 0.623613 0.392897
vt 0.623613 0.445000
vt 0.623613 0.500900
vt 0.853630 0.304814
vt 0.873427 0.318191
vt 0.823963 0.290564
vt 0.788048 0.280647
vt 0.873427 0.683609
vt 0.853630 0.696987
vt 0.823963 0.711237
vt 0.788048 0.721153
vt 0.748520 0.724672
vt 0.643410 0.696987
vt 0.623613 0.653373
vt 0.623613 0.683609
vt 0.623613 0.608904
vt 0.623613 0.556800
vt 0.673077 0.711237
vt 0.708991 0.721153
vt 0.873427 0.318191
vt 0.873427 0.348428
vt 0.893224 0.304814
vt 0.922891 0.290564
vt 0.958805 0.280647
vt 0.998334 0.277129
vt 0.873427 0.392897
vt 0.873427 0.445000
vt 0.873427 0.500900
vt 0.104189 0.304814
vt 0.123986 0.318191
vt 0.074521 0.290564
vt 0.038607 0.280647
vt -0.000921 0.277129
vt -0.000921 0.323059
vt -0.000921 0.376732
vt -0.000921 0.436917
vt -0.000921 0.500900
vt 0.123986 0.683609
vt 0.104189 0.696987
vt 0.074521 0.711237
vt 0.038607 0.721153
vt -0.000921 0.724672
vt 0.893224 0.696987
vt 0.873427 0.653373
vt 0.873427 0.683609
vt 0.873427 0.608904
vt 0.873427 0.556800
vt 0.922891 0.711237
vt 0.958805 0.721153
vt 0.998334 0.724672
vt 0.998334 0.678741
vt 0.998334 0.625069
vt 0.998334 0.564884
vt 0.123986 0.318191
vt 0.123986 0.348428
vt 0.143782 0.304814
vt 0.173450 0.290564
vt 0.209364 0.280647
vt 0.248892 0.277129
vt 0.123986 0.392897
vt 0.123986 0.445000
vt 0.123986 0.500900
vt 0.354002 0.304814
vt 0.373799 0.348428
vt 0.373799 0.318191
vt 0.373799 0.392897
vt 0.373799 0.445000
vt 0.373799 0.500900
vt 0.324335 0.290564
vt 0.288421 0.280647
vt 0.373799 0.683609
vt 0.373799 0.653373
vt 0.354002 0.696987
vt 0.324335 0.711237
vt 0.288421 0.721153
vt 0.248892 0.724672
vt 0.373799 0.608904
vt 0.373799 0.556800
vt 0.143782 0.696987
vt 0.123986 0.653373
vt 0.123986 0.683609
vt 0.123986 0.608904
vt 0.123986 0.556800
vt 0.173450 0.711237
vt 0.209364 0.721153
f 2307/2307/2307 2308/2308/2308 2516/2516/2516
f 2304/2304/2304 2308/2308/2308 2307/2307/2307
f 2303/2303/2303 2304/2304/2304 2307/2307/2307
f 2303/2303/2303 2307/2307/2307 2306/2306/2306
f 2306/2306/2306 2307/2307/2307 2238/2238/2238
f 2307/2307/2307 2239/2239/2239 2238/2238/2238
f 2308/2308/2308 2138/2138/2138 2239/2239/2239
f 2335/2335/2335 2238/2238/2238 2239/2239/2239
f 2304/2304/2304 2305/2305/2305 2308/2308/2308
f 2305/2305/2305 2230/2230/2230 2308/2308/2308
f 2308/2308/2308 2230/2230/2230 2517/2517/2517
f 2300/2300/2300 2304/2304/2304 2303/2303/2303
f 2301/2301/2301 2305/2305/2305 2304/2304/2304
f 2300/2300/2300 2301/2301/2301 2304/2304/2304
f 2178/2178/2178 2303/2303/2303 2306/2306/2306
f 2177/2177/2177 2303/2303/2303 2178/2178/2178
f 2177/2177/2177 2300/2300/2300 2303/2303/2303
f 2130/2130/2130 2300/2300/2300 2177/2177/2177
f 2130/2130/2130 2156/2156/2156 2300/2300/2300
f 2156/2156/2156 2301/2301/2301 2300/2300/2300
f 2178/2178/2178 2306/2306/2306 2179/2179/2179
f 2156/2156/2156 2157/2157/2157 2301/2301/2301
f 2179/2179/2179 2306/2306/2306 2237/2237/2237
f 2179/2179/2179 2237/2237/2237 2147/2147/2147
f 2306/2306/2306 2238/2238/2238 2237/2237/2237
f 2157/2157/2157 2302/2302/2302 2301/2301/2301
f 2301/2301/2301 2302/2302/2302 2305/2305/2305
f 2157/2157/2157 2158/2158/2158 2302/2302/2302
f 2329/2329/2329 2147/2147/2147 2237/2237/2237
f 2329/2329/2329 2176/2176/2176 2147/2147/2147
f 2332/2332/2332 2237/2237/2237 2238/2238/2238
f 2332/2332/2332 2329/2329/2329 2237/2237/2237
f 2335/2335/2335 2332/2332/2332 2238/2238/2238
f 2302/2302/2302 2229/2229/2229 2305/2305/2305
f 2305/2305/2305 2229/2229/2229 2230/2230/2230
f 2158/2158/2158 2228/2228/2228 2302/2302/2302
f 2302/2302/2302 2228/2228/2228 2229/2229/2229
f 2158/2158/2158 2144/2144/2144 2228/2228/2228
f 2328/2328/2328 2176/2176/2176 2329/2329/2329
f 2328/2328/2328 2175/2175/2175 2176/2176/2176
f 2331/2331/2331 2329/2329/2329 2332/2332/2332
f 2331/2331/2331 2328/2328/2328 2329/2329/2329
f 2144/2144/2144 2315/2315/2315 2228/2228/2228
f 2144/2144/2144 2161/2161/2161 2315/2315/2315
f 2228/2228/2228 2316/2316/2316 2229/2229/2229
f 2228/2228/2228 2315/2315/2315 2316/2316/2316
f 2229/2229/2229 2317/2317/2317 2230/2230/2230
f 2229/2229/2229 2316/2316/2316 2317/2317/2317
f 2327/2327/2327 2175/2175/2175 2328/2328/2328
f 2327/2327/2327 2174/2174/2174 2175/2175/2175
f 2161/2161/2161 2312/2312/2312 2315/2315/2315
f 2161/2161/2161 2160/2160/2160 2312/2312/2312
f 2230/2230/2230 2317/2317/2317 2233/2233/2233
f 2230/2230/2230 2233/2233/2233 2518/2518/2518
f 2317/2317/2317 2232/2232/2232 2233/2233/2233
f 2317/2317/2317 2314/2314/2314 2232/2232/2232
f 2316/2316/2316 2314/2314/2314 2317/2317/2317
f 2314/2314/2314 2231/2231/2231 2232/2232/2232
f 2315/2315/2315 2313/2313/2313 2316/2316/2316
f 2316/2316/2316 2313/2313/2313 2314/2314/2314
f 2315/2315/2315 2312/2312/2312 2313/2313/2313
f 2314/2314/2314 2311/2311/2311 2231/2231/2231
f 2313/2313/2313 2311/2311/2311 2314/2314/2314
f 2311/2311/2311 2145/2145/2145 2231/2231/2231
f 2311/2311/2311 2164/2164/2164 2145/2145/2145
f 2313/2313/2313 2310/2310/2310 2311/2311/2311
f 2310/2310/2310 2164/2164/2164 2311/2311/2311
f 2312/2312/2312 2310/2310/2310 2313/2313/2313
f 2310/2310/2310 2163/2163/2163 2164/2164/2164
f 2312/2312/2312 2309/2309/2309 2310/2310/2310
f 2309/2309/2309 2163/2163/2163 2310/2310/2310
f 2160/2160/2160 2309/2309/2309 2312/2312/2312
f 2309/2309/2309 2162/2162/2162 2163/2163/2163
f 2160/2160/2160 2159/2159/2159 2309/2309/2309
f 2159/2159/2159 2162/2162/2162 2309/2309/2309
f 2159/2159/2159 2132/2132/2132 2162/2162/2162
f 2236/2236/2236 2239/2239/2239 2525/2525/2525
f 2326/2326/2326 2236/2236/2236 2524/2524/2524
f 2323/2323/2323 2236/2236/2236 2326/2326/2326
f 2323/2323/2323 2235/2235/2235 2236/2236/2236
f 2235/2235/2235 2335/2335/2335 2236/2236/2236
f 2236/2236/2236 2335/2335/2335 2526/2526/2526
f 2235/2235/2235 2334/2334/2334 2335/2335/2335
f 2334/2334/2334 2332/2332/2332 2335/2335/2335
f 2334/2334/2334 2331/2331/2331 2332/2332/2332
f 2234/2234/2234 2334/2334/2334 2235/2235/2235
f 2333/2333/2333 2331/2331/2331 2334/2334/2334
f 2234/2234/2234 2333/2333/2333 2334/2334/2334
f 2320/2320/2320 2235/2235/2235 2323/2323/2323
f 2320/2320/2320 2234/2234/2234 2235/2235/2235
f 2333/2333/2333 2330/2330/2330 2331/2331/2331
f 2330/2330/2330 2328/2328/2328 2331/2331/2331
f 2330/2330/2330 2327/2327/2327 2328/2328/2328
f 2146/2146/2146 2333/2333/2333 2234/2234/2234
f 2170/2170/2170 2146/2146/2146 2234/2234/2234
f 2170/2170/2170 2234/2234/2234 2320/2320/2320
f 2146/2146/2146 2173/2173/2173 2333/2333/2333
f 2173/2173/2173 2330/2330/2330 2333/2333/2333
f 2173/2173/2173 2172/2172/2172 2330/2330/2330
f 2172/2172/2172 2327/2327/2327 2330/2330/2330
f 2172/2172/2172 2171/2171/2171 2327/2327/2327
f 2171/2171/2171 2174/2174/2174 2327/2327/2327
f 2171/2171/2171 2131/2131/2131 2174/2174/2174
f 2169/2169/2169 2170/2170/2170 2320/2320/2320
f 2169/2169/2169 2320/2320/2320 2319/2319/2319
f 2168/2168/2168 2169/2169/2169 2319/2319/2319
f 2319/2319/2319 2320/2320/2320 2323/2323/2323
f 2168/2168/2168 2319/2319/2319 2318/2318/2318
f 2133/2133/2133 2168/2168/2168 2318/2318/2318
f 2133/2133/2133 2318/2318/2318 2165/2165/2165
f 2319/2319/2319 2323/2323/2323 2322/2322/2322
f 2318/2318/2318 2319/2319/2319 2322/2322/2322
f 2322/2322/2322 2323/2323/2323 2326/2326/2326
f 2165/2165/2165 2318/2318/2318 2321/2321/2321
f 2318/2318/2318 2322/2322/2322 2321/2321/2321
f 2165/2165/2165 2321/2321/2321 2166/2166/2166
f 2322/2322/2322 2326/2326/2326 2325/2325/2325
f 2321/2321/2321 2322/2322/2322 2325/2325/2325
f 2166/2166/2166 2321/2321/2321 2324/2324/2324
f 2321/2321/2321 2325/2325/2325 2324/2324/2324
f 2166/2166/2166 2324/2324/2324 2167/2167/2167
f 2325/2325/2325 2326/2326/2326 2522/2522/2522
f 2326/2326/2326 2523/2523/2523 2522/2522/2522
f 2325/2325/2325 2522/2522/2522 2521/2521/2521
f 2324/2324/2324 2325/2325/2325 2521/2521/2521
f 2324/2324/2324 2521/2521/2521 2520/2520/2520
f 2167/2167/2167 2324/2324/2324 2520/2520/2520
f 2167/2167/2167 2520/2520/2520 2519/2519/2519
f 2344/2344/2344 2139/2139/2139 2251/2251/2251
f 2343/2343/2343 2344/2344/2344 2251/2251/2251
f 2340/2340/2340 2344/2344/2344 2343/2343/2343
f 2340/2340/2340 2341/2341/2341 2344/2344/2344
f 2341/2341/2341 2242/2242/2242 2344/2344/2344
f 2344/2344/2344 2242/2242/2242 2527/2527/2527
f 2343/2343/2343 2251/2251/2251 2250/2250/2250
f 2339/2339/2339 2340/2340/2340 2343/2343/2343
f 2342/2342/2342 2343/2343/2343 2250/2250/2250
f 2339/2339/2339 2343/2343/2343 2342/2342/2342
f 2337/2337/2337 2341/2341/2341 2340/2340/2340
f 2336/2336/2336 2340/2340/2340 2339/2339/2339
f 2336/2336/2336 2337/2337/2337 2340/2340/2340
f 2202/2202/2202 2339/2339/2339 2342/2342/2342
f 2201/2201/2201 2339/2339/2339 2202/2202/2202
f 2201/2201/2201 2336/2336/2336 2339/2339/2339
f 2134/2134/2134 2336/2336/2336 2201/2201/2201
f 2134/2134/2134 2180/2180/2180 2336/2336/2336
f 2180/2180/2180 2337/2337/2337 2336/2336/2336
f 2202/2202/2202 2342/2342/2342 2203/2203/2203
f 2180/2180/2180 2181/2181/2181 2337/2337/2337
f 2203/2203/2203 2342/2342/2342 2249/2249/2249
f 2342/2342/2342 2250/2250/2250 2249/2249/2249
f 2203/2203/2203 2249/2249/2249 2151/2151/2151
f 2181/2181/2181 2338/2338/2338 2337/2337/2337
f 2337/2337/2337 2338/2338/2338 2341/2341/2341
f 2181/2181/2181 2182/2182/2182 2338/2338/2338
f 2365/2365/2365 2151/2151/2151 2249/2249/2249
f 2365/2365/2365 2200/2200/2200 2151/2151/2151
f 2368/2368/2368 2249/2249/2249 2250/2250/2250
f 2368/2368/2368 2365/2365/2365 2249/2249/2249
f 2338/2338/2338 2241/2241/2241 2341/2341/2341
f 2341/2341/2341 2241/2241/2241 2242/2242/2242
f 2182/2182/2182 2240/2240/2240 2338/2338/2338
f 2338/2338/2338 2240/2240/2240 2241/2241/2241
f 2182/2182/2182 2148/2148/2148 2240/2240/2240
f 2364/2364/2364 2200/2200/2200 2365/2365/2365
f 2364/2364/2364 2199/2199/2199 2200/2200/2200
f 2148/2148/2148 2351/2351/2351 2240/2240/2240
f 2148/2148/2148 2185/2185/2185 2351/2351/2351
f 2240/2240/2240 2352/2352/2352 2241/2241/2241
f 2240/2240/2240 2351/2351/2351 2352/2352/2352
f 2241/2241/2241 2353/2353/2353 2242/2242/2242
f 2241/2241/2241 2352/2352/2352 2353/2353/2353
f 2185/2185/2185 2348/2348/2348 2351/2351/2351
f 2185/2185/2185 2184/2184/2184 2348/2348/2348
f 2351/2351/2351 2349/2349/2349 2352/2352/2352
f 2351/2351/2351 2348/2348/2348 2349/2349/2349
f 2184/2184/2184 2345/2345/2345 2348/2348/2348
f 2184/2184/2184 2183/2183/2183 2345/2345/2345
f 2183/2183/2183 2186/2186/2186 2345/2345/2345
f 2183/2183/2183 2135/2135/2135 2186/2186/2186
f 2345/2345/2345 2186/2186/2186 2187/2187/2187
f 2348/2348/2348 2345/2345/2345 2346/2346/2346
f 2345/2345/2345 2187/2187/2187 2346/2346/2346
f 2348/2348/2348 2346/2346/2346 2349/2349/2349
f 2346/2346/2346 2187/2187/2187 2188/2188/2188
f 2346/2346/2346 2188/2188/2188 2347/2347/2347
f 2349/2349/2349 2346/2346/2346 2347/2347/2347
f 2347/2347/2347 2188/2188/2188 2149/2149/2149
f 2352/2352/2352 2349/2349/2349 2350/2350/2350
f 2349/2349/2349 2347/2347/2347 2350/2350/2350
f 2352/2352/2352 2350/2350/2350 2353/2353/2353
f 2347/2347/2347 2149/2149/2149 2243/2243/2243
f 2350/2350/2350 2347/2347/2347 2243/2243/2243
f 2191/2191/2191 2243/2243/2243 2149/2149/2149
f 2353/2353/2353 2350/2350/2350 2244/2244/2244
f 2350/2350/2350 2243/2243/2243 2244/2244/2244
f 2191/2191/2191 2360/2360/2360 2243/2243/2243
f 2360/2360/2360 2244/2244/2244 2243/2243/2243
f 2190/2190/2190 2360/2360/2360 2191/2191/2191
f 2353/2353/2353 2244/2244/2244 2245/2245/2245
f 2242/2242/2242 2353/2353/2353 2245/2245/2245
f 2242/2242/2242 2245/2245/2245 2528/2528/2528
f 2190/2190/2190 2357/2357/2357 2360/2360/2360
f 2189/2189/2189 2357/2357/2357 2190/2190/2190
f 2360/2360/2360 2361/2361/2361 2244/2244/2244
f 2361/2361/2361 2245/2245/2245 2244/2244/2244
f 2357/2357/2357 2361/2361/2361 2360/2360/2360
f 2189/2189/2189 2354/2354/2354 2357/2357/2357
f 2137/2137/2137 2354/2354/2354 2189/2189/2189
f 2137/2137/2137 2192/2192/2192 2354/2354/2354
f 2361/2361/2361 2362/2362/2362 2245/2245/2245
f 2362/2362/2362 2529/2529/2529 2245/2245/2245
f 2357/2357/2357 2358/2358/2358 2361/2361/2361
f 2354/2354/2354 2358/2358/2358 2357/2357/2357
f 2358/2358/2358 2362/2362/2362 2361/2361/2361
f 2192/2192/2192 2355/2355/2355 2354/2354/2354
f 2354/2354/2354 2355/2355/2355 2358/2358/2358
f 2192/2192/2192 2193/2193/2193 2355/2355/2355
f 2358/2358/2358 2359/2359/2359 2362/2362/2362
f 2355/2355/2355 2359/2359/2359 2358/2358/2358
f 2193/2193/2193 2356/2356/2356 2355/2355/2355
f 2355/2355/2355 2356/2356/2356 2359/2359/2359
f 2193/2193/2193 2194/2194/2194 2356/2356/2356
f 2359/2359/2359 2248/2248/2248 2362/2362/2362
f 2362/2362/2362 2248/2248/2248 2530/2530/2530
f 2359/2359/2359 2247/2247/2247 2248/2248/2248
f 2356/2356/2356 2247/2247/2247 2359/2359/2359
f 2356/2356/2356 2246/2246/2246 2247/2247/2247
f 2194/2194/2194 2246/2246/2246 2356/2356/2356
f 2194/2194/2194 2150/2150/2150 2246/2246/2246
f 2195/2195/2195 2136/2136/2136 2198/2198/2198
f 2195/2195/2195 2198/2198/2198 2363/2363/2363
f 2363/2363/2363 2198/2198/2198 2199/2199/2199
f 2196/2196/2196 2195/2195/2195 2363/2363/2363
f 2363/2363/2363 2199/2199/2199 2364/2364/2364
f 2196/2196/2196 2363/2363/2363 2366/2366/2366
f 2366/2366/2366 2363/2363/2363 2364/2364/2364
f 2197/2197/2197 2196/2196/2196 2366/2366/2366
f 2366/2366/2366 2364/2364/2364 2367/2367/2367
f 2367/2367/2367 2364/2364/2364 2365/2365/2365
f 2367/2367/2367 2365/2365/2365 2368/2368/2368
f 2197/2197/2197 2366/2366/2366 2369/2369/2369
f 2369/2369/2369 2366/2366/2366 2367/2367/2367
f 2531/2531/2531 2197/2197/2197 2369/2369/2369
f 2531/2531/2531 2369/2369/2369 2532/2532/2532
f 2369/2369/2369 2367/2367/2367 2370/2370/2370
f 2532/2532/2532 2369/2369/2369 2370/2370/2370
f 2370/2370/2370 2367/2367/2367 2368/2368/2368
f 2532/2532/2532 2370/2370/2370 2533/2533/2533
f 2370/2370/2370 2368/2368/2368 2371/2371/2371
f 2533/2533/2533 2370/2370/2370 2371/2371/2371
f 2371/2371/2371 2368/2368/2368 2250/2250/2250
f 2533/2533/2533 2371/2371/2371 2534/2534/2534
f 2371/2371/2371 2250/2250/2250 2251/2251/2251
f 2534/2534/2534 2371/2371/2371 2251/2251/2251
f 2534/2534/2534 2251/2251/2251 2535/2535/2535
f 2541/2541/2541 2542/2542/2542 2204/2204/2204
f 2541/2541/2541 2204/2204/2204 2381/2381/2381
f 2543/2543/2543 2541/2541/2541 2381/2381/2381
f 2381/2381/2381 2204/2204/2204 2205/2205/2205
f 2543/2543/2543 2381/2381/2381 2384/2384/2384
f 2544/2544/2544 2543/2543/2543 2384/2384/2384
f 2381/2381/2381 2205/2205/2205 2382/2382/2382
f 2384/2384/2384 2381/2381/2381 2382/2382/2382
f 2382/2382/2382 2205/2205/2205 2206/2206/2206
f 2544/2544/2544 2384/2384/2384 2387/2387/2387
f 2540/2540/2540 2544/2544/2544 2387/2387/2387
f 2382/2382/2382 2206/2206/2206 2383/2383/2383
f 2383/2383/2383 2206/2206/2206 2152/2152/2152
f 2384/2384/2384 2382/2382/2382 2385/2385/2385
f 2387/2387/2387 2384/2384/2384 2385/2385/2385
f 2385/2385/2385 2382/2382/2382 2383/2383/2383
f 2540/2540/2540 2387/2387/2387 2252/2252/2252
f 2539/2539/2539 2540/2540/2540 2252/2252/2252
f 2383/2383/2383 2152/2152/2152 2255/2255/2255
f 2209/2209/2209 2255/2255/2255 2152/2152/2152
f 2385/2385/2385 2383/2383/2383 2386/2386/2386
f 2386/2386/2386 2383/2383/2383 2255/2255/2255
f 2387/2387/2387 2385/2385/2385 2388/2388/2388
f 2252/2252/2252 2387/2387/2387 2388/2388/2388
f 2388/2388/2388 2385/2385/2385 2386/2386/2386
f 2539/2539/2539 2252/2252/2252 2374/2374/2374
f 2538/2538/2538 2539/2539/2539 2374/2374/2374
f 2209/2209/2209 2396/2396/2396 2255/2255/2255
f 2208/2208/2208 2396/2396/2396 2209/2209/2209
f 2252/2252/2252 2388/2388/2388 2253/2253/2253
f 2374/2374/2374 2252/2252/2252 2253/2253/2253
f 2386/2386/2386 2255/2255/2255 2256/2256/2256
f 2396/2396/2396 2256/2256/2256 2255/2255/2255
f 2388/2388/2388 2386/2386/2386 2389/2389/2389
f 2253/2253/2253 2388/2388/2388 2389/2389/2389
f 2389/2389/2389 2386/2386/2386 2256/2256/2256
f 2538/2538/2538 2374/2374/2374 2373/2373/2373
f 2537/2537/2537 2538/2538/2538 2373/2373/2373
f 2208/2208/2208 2393/2393/2393 2396/2396/2396
f 2207/2207/2207 2393/2393/2393 2208/2208/2208
f 2374/2374/2374 2253/2253/2253 2377/2377/2377
f 2373/2373/2373 2374/2374/2374 2377/2377/2377
f 2253/2253/2253 2389/2389/2389 2254/2254/2254
f 2377/2377/2377 2253/2253/2253 2254/2254/2254
f 2389/2389/2389 2256/2256/2256 2257/2257/2257
f 2254/2254/2254 2389/2389/2389 2257/2257/2257
f 2396/2396/2396 2397/2397/2397 2256/2256/2256
f 2393/2393/2393 2397/2397/2397 2396/2396/2396
f 2397/2397/2397 2257/2257/2257 2256/2256/2256
f 2537/2537/2537 2373/2373/2373 2372/2372/2372
f 2536/2536/2536 2537/2537/2537 2372/2372/2372
f 2536/2536/2536 2372/2372/2372 2213/2213/2213
f 2373/2373/2373 2377/2377/2377 2376/2376/2376
f 2372/2372/2372 2373/2373/2373 2376/2376/2376
f 2213/2213/2213 2372/2372/2372 2375/2375/2375
f 2372/2372/2372 2376/2376/2376 2375/2375/2375
f 2213/2213/2213 2375/2375/2375 2214/2214/2214
f 2377/2377/2377 2254/2254/2254 2380/2380/2380
f 2376/2376/2376 2377/2377/2377 2380/2380/2380
f 2254/2254/2254 2257/2257/2257 2140/2140/2140
f 2380/2380/2380 2254/2254/2254 2140/2140/2140
f 2397/2397/2397 2398/2398/2398 2257/2257/2257
f 2398/2398/2398 2140/2140/2140 2257/2257/2257
f 2214/2214/2214 2375/2375/2375 2378/2378/2378
f 2214/2214/2214 2378/2378/2378 2215/2215/2215
f 2375/2375/2375 2376/2376/2376 2379/2379/2379
f 2376/2376/2376 2380/2380/2380 2379/2379/2379
f 2375/2375/2375 2379/2379/2379 2378/2378/2378
f 2380/2380/2380 2140/2140/2140 2263/2263/2263
f 2379/2379/2379 2380/2380/2380 2263/2263/2263
f 2215/2215/2215 2378/2378/2378 2261/2261/2261
f 2215/2215/2215 2261/2261/2261 2153/2153/2153
f 2378/2378/2378 2379/2379/2379 2262/2262/2262
f 2379/2379/2379 2263/2263/2263 2262/2262/2262
f 2378/2378/2378 2262/2262/2262 2261/2261/2261
f 2260/2260/2260 2263/2263/2263 2140/2140/2140
f 2398/2398/2398 2260/2260/2260 2140/2140/2140
f 2394/2394/2394 2398/2398/2398 2397/2397/2397
f 2393/2393/2393 2394/2394/2394 2397/2397/2397
f 2401/2401/2401 2153/2153/2153 2261/2261/2261
f 2401/2401/2401 2212/2212/2212 2153/2153/2153
f 2404/2404/2404 2261/2261/2261 2262/2262/2262
f 2404/2404/2404 2401/2401/2401 2261/2261/2261
f 2407/2407/2407 2262/2262/2262 2263/2263/2263
f 2260/2260/2260 2407/2407/2407 2263/2263/2263
f 2407/2407/2407 2404/2404/2404 2262/2262/2262
f 2395/2395/2395 2260/2260/2260 2398/2398/2398
f 2394/2394/2394 2395/2395/2395 2398/2398/2398
f 2390/2390/2390 2394/2394/2394 2393/2393/2393
f 2207/2207/2207 2390/2390/2390 2393/2393/2393
f 2545/2545/2545 2390/2390/2390 2207/2207/2207
f 2545/2545/2545 2546/2546/2546 2390/2390/2390
f 2390/2390/2390 2391/2391/2391 2394/2394/2394
f 2546/2546/2546 2391/2391/2391 2390/2390/2390
f 2391/2391/2391 2395/2395/2395 2394/2394/2394
f 2546/2546/2546 2547/2547/2547 2391/2391/2391
f 2547/2547/2547 2392/2392/2392 2391/2391/2391
f 2391/2391/2391 2392/2392/2392 2395/2395/2395
f 2547/2547/2547 2548/2548/2548 2392/2392/2392
f 2395/2395/2395 2259/2259/2259 2260/2260/2260
f 2392/2392/2392 2259/2259/2259 2395/2395/2395
f 2259/2259/2259 2407/2407/2407 2260/2260/2260
f 2548/2548/2548 2258/2258/2258 2392/2392/2392
f 2392/2392/2392 2258/2258/2258 2259/2259/2259
f 2548/2548/2548 2549/2549/2549 2258/2258/2258
f 2259/2259/2259 2406/2406/2406 2407/2407/2407
f 2258/2258/2258 2406/2406/2406 2259/2259/2259
f 2406/2406/2406 2404/2404/2404 2407/2407/2407
f 2549/2549/2549 2405/2405/2405 2258/2258/2258
f 2258/2258/2258 2405/2405/2405 2406/2406/2406
f 2549/2549/2549 2553/2553/2553 2405/2405/2405
f 2406/2406/2406 2403/2403/2403 2404/2404/2404
f 2405/2405/2405 2403/2403/2403 2406/2406/2406
f 2403/2403/2403 2401/2401/2401 2404/2404/2404
f 2553/2553/2553 2402/2402/2402 2405/2405/2405
f 2405/2405/2405 2402/2402/2402 2403/2403/2403
f 2553/2553/2553 2552/2552/2552 2402/2402/2402
f 2403/2403/2403 2400/2400/2400 2401/2401/2401
f 2402/2402/2402 2400/2400/2400 2403/2403/2403
f 2400/2400/2400 2212/2212/2212 2401/2401/2401
f 2400/2400/2400 2211/2211/2211 2212/2212/2212
f 2552/2552/2552 2399/2399/2399 2402/2402/2402
f 2402/2402/2402 2399/2399/2399 2400/2400/2400
f 2399/2399/2399 2211/2211/2211 2400/2400/2400
f 2552/2552/2552 2550/2550/2550 2399/2399/2399
f 2399/2399/2399 2210/2210/2210 2211/2211/2211
f 2550/2550/2550 2210/2210/2210 2399/2399/2399
f 2550/2550/2550 2551/2551/2551 2210/2210/2210
f 2563/2563/2563 2564/2564/2564 2216/2216/2216
f 2563/2563/2563 2216/2216/2216 2417/2417/2417
f 2565/2565/2565 2563/2563/2563 2417/2417/2417
f 2417/2417/2417 2216/2216/2216 2217/2217/2217
f 2565/2565/2565 2417/2417/2417 2420/2420/2420
f 2566/2566/2566 2565/2565/2565 2420/2420/2420
f 2417/2417/2417 2217/2217/2217 2418/2418/2418
f 2420/2420/2420 2417/2417/2417 2418/2418/2418
f 2418/2418/2418 2217/2217/2217 2218/2218/2218
f 2566/2566/2566 2420/2420/2420 2423/2423/2423
f 2559/2559/2559 2566/2566/2566 2423/2423/2423
f 2418/2418/2418 2218/2218/2218 2419/2419/2419
f 2419/2419/2419 2218/2218/2218 2154/2154/2154
f 2420/2420/2420 2418/2418/2418 2421/2421/2421
f 2423/2423/2423 2420/2420/2420 2421/2421/2421
f 2421/2421/2421 2418/2418/2418 2419/2419/2419
f 2559/2559/2559 2423/2423/2423 2264/2264/2264
f 2558/2558/2558 2559/2559/2559 2264/2264/2264
f 2419/2419/2419 2154/2154/2154 2267/2267/2267
f 2221/2221/2221 2267/2267/2267 2154/2154/2154
f 2421/2421/2421 2419/2419/2419 2422/2422/2422
f 2422/2422/2422 2419/2419/2419 2267/2267/2267
f 2423/2423/2423 2421/2421/2421 2424/2424/2424
f 2264/2264/2264 2423/2423/2423 2424/2424/2424
f 2424/2424/2424 2421/2421/2421 2422/2422/2422
f 2558/2558/2558 2264/2264/2264 2410/2410/2410
f 2557/2557/2557 2558/2558/2558 2410/2410/2410
f 2221/2221/2221 2432/2432/2432 2267/2267/2267
f 2220/2220/2220 2432/2432/2432 2221/2221/2221
f 2264/2264/2264 2424/2424/2424 2265/2265/2265
f 2410/2410/2410 2264/2264/2264 2265/2265/2265
f 2422/2422/2422 2267/2267/2267 2268/2268/2268
f 2432/2432/2432 2268/2268/2268 2267/2267/2267
f 2424/2424/2424 2422/2422/2422 2425/2425/2425
f 2265/2265/2265 2424/2424/2424 2425/2425/2425
f 2425/2425/2425 2422/2422/2422 2268/2268/2268
f 2557/2557/2557 2410/2410/2410 2409/2409/2409
f 2556/2556/2556 2557/2557/2557 2409/2409/2409
f 2220/2220/2220 2429/2429/2429 2432/2432/2432
f 2219/2219/2219 2429/2429/2429 2220/2220/2220
f 2410/2410/2410 2265/2265/2265 2413/2413/2413
f 2409/2409/2409 2410/2410/2410 2413/2413/2413
f 2265/2265/2265 2425/2425/2425 2266/2266/2266
f 2413/2413/2413 2265/2265/2265 2266/2266/2266
f 2425/2425/2425 2268/2268/2268 2269/2269/2269
f 2266/2266/2266 2425/2425/2425 2269/2269/2269
f 2432/2432/2432 2433/2433/2433 2268/2268/2268
f 2429/2429/2429 2433/2433/2433 2432/2432/2432
f 2433/2433/2433 2269/2269/2269 2268/2268/2268
f 2556/2556/2556 2409/2409/2409 2408/2408/2408
f 2554/2554/2554 2556/2556/2556 2408/2408/2408
f 2554/2554/2554 2408/2408/2408 2555/2555/2555
f 2409/2409/2409 2413/2413/2413 2412/2412/2412
f 2408/2408/2408 2409/2409/2409 2412/2412/2412
f 2555/2555/2555 2408/2408/2408 2411/2411/2411
f 2408/2408/2408 2412/2412/2412 2411/2411/2411
f 2555/2555/2555 2411/2411/2411 2560/2560/2560
f 2413/2413/2413 2266/2266/2266 2416/2416/2416
f 2412/2412/2412 2413/2413/2413 2416/2416/2416
f 2266/2266/2266 2269/2269/2269 2141/2141/2141
f 2416/2416/2416 2266/2266/2266 2141/2141/2141
f 2433/2433/2433 2434/2434/2434 2269/2269/2269
f 2434/2434/2434 2141/2141/2141 2269/2269/2269
f 2560/2560/2560 2411/2411/2411 2414/2414/2414
f 2560/2560/2560 2414/2414/2414 2561/2561/2561
f 2411/2411/2411 2412/2412/2412 2415/2415/2415
f 2412/2412/2412 2416/2416/2416 2415/2415/2415
f 2411/2411/2411 2415/2415/2415 2414/2414/2414
f 2416/2416/2416 2141/2141/2141 2275/2275/2275
f 2415/2415/2415 2416/2416/2416 2275/2275/2275
f 2561/2561/2561 2414/2414/2414 2273/2273/2273
f 2561/2561/2561 2273/2273/2273 2562/2562/2562
f 2414/2414/2414 2415/2415/2415 2274/2274/2274
f 2415/2415/2415 2275/2275/2275 2274/2274/2274
f 2414/2414/2414 2274/2274/2274 2273/2273/2273
f 2272/2272/2272 2275/2275/2275 2141/2141/2141
f 2434/2434/2434 2272/2272/2272 2141/2141/2141
f 2430/2430/2430 2434/2434/2434 2433/2433/2433
f 2429/2429/2429 2430/2430/2430 2433/2433/2433
f 2437/2437/2437 2562/2562/2562 2273/2273/2273
f 2437/2437/2437 2576/2576/2576 2562/2562/2562
f 2440/2440/2440 2273/2273/2273 2274/2274/2274
f 2440/2440/2440 2437/2437/2437 2273/2273/2273
f 2443/2443/2443 2274/2274/2274 2275/2275/2275
f 2272/2272/2272 2443/2443/2443 2275/2275/2275
f 2443/2443/2443 2440/2440/2440 2274/2274/2274
f 2431/2431/2431 2272/2272/2272 2434/2434/2434
f 2430/2430/2430 2431/2431/2431 2434/2434/2434
f 2426/2426/2426 2430/2430/2430 2429/2429/2429
f 2219/2219/2219 2426/2426/2426 2429/2429/2429
f 2567/2567/2567 2426/2426/2426 2219/2219/2219
f 2567/2567/2567 2568/2568/2568 2426/2426/2426
f 2426/2426/2426 2427/2427/2427 2430/2430/2430
f 2568/2568/2568 2427/2427/2427 2426/2426/2426
f 2427/2427/2427 2431/2431/2431 2430/2430/2430
f 2568/2568/2568 2569/2569/2569 2427/2427/2427
f 2569/2569/2569 2428/2428/2428 2427/2427/2427
f 2427/2427/2427 2428/2428/2428 2431/2431/2431
f 2569/2569/2569 2570/2570/2570 2428/2428/2428
f 2431/2431/2431 2271/2271/2271 2272/2272/2272
f 2428/2428/2428 2271/2271/2271 2431/2431/2431
f 2271/2271/2271 2443/2443/2443 2272/2272/2272
f 2570/2570/2570 2270/2270/2270 2428/2428/2428
f 2428/2428/2428 2270/2270/2270 2271/2271/2271
f 2570/2570/2570 2571/2571/2571 2270/2270/2270
f 2271/2271/2271 2442/2442/2442 2443/2443/2443
f 2270/2270/2270 2442/2442/2442 2271/2271/2271
f 2442/2442/2442 2440/2440/2440 2443/2443/2443
f 2571/2571/2571 2441/2441/2441 2270/2270/2270
f 2270/2270/2270 2441/2441/2441 2442/2442/2442
f 2571/2571/2571 2578/2578/2578 2441/2441/2441
f 2442/2442/2442 2439/2439/2439 2440/2440/2440
f 2441/2441/2441 2439/2439/2439 2442/2442/2442
f 2439/2439/2439 2437/2437/2437 2440/2440/2440
f 2578/2578/2578 2438/2438/2438 2441/2441/2441
f 2441/2441/2441 2438/2438/2438 2439/2439/2439
f 2578/2578/2578 2577/2577/2577 2438/2438/2438
f 2439/2439/2439 2436/2436/2436 2437/2437/2437
f 2438/2438/2438 2436/2436/2436 2439/2439/2439
f 2436/2436/2436 2576/2576/2576 2437/2437/2437
f 2436/2436/2436 2575/2575/2575 2576/2576/2576
f 2577/2577/2577 2435/2435/2435 2438/2438/2438
f 2438/2438/2438 2435/2435/2435 2436/2436/2436
f 2435/2435/2435 2575/2575/2575 2436/2436/2436
f 2577/2577/2577 2572/2572/2572 2435/2435/2435
f 2435/2435/2435 2573/2573/2573 2575/2575/2575
f 2572/2572/2572 2573/2573/2573 2435/2435/2435
f 2572/2572/2572 2574/2574/2574 2573/2573/2573
f 2583/2583/2583 2584/2584/2584 2276/2276/2276
f 2583/2583/2583 2276/2276/2276 2446/2446/2446
f 2582/2582/2582 2583/2583/2583 2446/2446/2446
f 2446/2446/2446 2276/2276/2276 2277/2277/2277
f 2582/2582/2582 2446/2446/2446 2445/2445/2445
f 2581/2581/2581 2582/2582/2582 2445/2445/2445
f 2446/2446/2446 2277/2277/2277 2449/2449/2449
f 2445/2445/2445 2446/2446/2446 2449/2449/2449
f 2449/2449/2449 2277/2277/2277 2278/2278/2278
f 2581/2581/2581 2445/2445/2445 2444/2444/2444
f 2579/2579/2579 2581/2581/2581 2444/2444/2444
f 2579/2579/2579 2444/2444/2444 2580/2580/2580
f 2445/2445/2445 2449/2449/2449 2448/2448/2448
f 2444/2444/2444 2445/2445/2445 2448/2448/2448
f 2449/2449/2449 2278/2278/2278 2452/2452/2452
f 2448/2448/2448 2449/2449/2449 2452/2452/2452
f 2452/2452/2452 2278/2278/2278 2142/2142/2142
f 2580/2580/2580 2444/2444/2444 2447/2447/2447
f 2444/2444/2444 2448/2448/2448 2447/2447/2447
f 2580/2580/2580 2447/2447/2447 2585/2585/2585
f 2448/2448/2448 2452/2452/2452 2451/2451/2451
f 2447/2447/2447 2448/2448/2448 2451/2451/2451
f 2452/2452/2452 2142/2142/2142 2287/2287/2287
f 2451/2451/2451 2452/2452/2452 2287/2287/2287
f 2612/2612/2612 2287/2287/2287 2142/2142/2142
f 2585/2585/2585 2447/2447/2447 2450/2450/2450
f 2447/2447/2447 2451/2451/2451 2450/2450/2450
f 2585/2585/2585 2450/2450/2450 2586/2586/2586
f 2612/2612/2612 2479/2479/2479 2287/2287/2287
f 2611/2611/2611 2479/2479/2479 2612/2612/2612
f 2451/2451/2451 2287/2287/2287 2286/2286/2286
f 2450/2450/2450 2451/2451/2451 2286/2286/2286
f 2479/2479/2479 2286/2286/2286 2287/2287/2287
f 2586/2586/2586 2450/2450/2450 2285/2285/2285
f 2450/2450/2450 2286/2286/2286 2285/2285/2285
f 2586/2586/2586 2285/2285/2285 2587/2587/2587
f 2611/2611/2611 2478/2478/2478 2479/2479/2479
f 2610/2610/2610 2478/2478/2478 2611/2611/2611
f 2479/2479/2479 2476/2476/2476 2286/2286/2286
f 2476/2476/2476 2285/2285/2285 2286/2286/2286
f 2478/2478/2478 2476/2476/2476 2479/2479/2479
f 2473/2473/2473 2587/2587/2587 2285/2285/2285
f 2476/2476/2476 2473/2473/2473 2285/2285/2285
f 2473/2473/2473 2606/2606/2606 2587/2587/2587
f 2610/2610/2610 2477/2477/2477 2478/2478/2478
f 2609/2609/2609 2477/2477/2477 2610/2610/2610
f 2609/2609/2609 2608/2608/2608 2477/2477/2477
f 2478/2478/2478 2475/2475/2475 2476/2476/2476
f 2475/2475/2475 2473/2473/2473 2476/2476/2476
f 2477/2477/2477 2475/2475/2475 2478/2478/2478
f 2472/2472/2472 2606/2606/2606 2473/2473/2473
f 2475/2475/2475 2472/2472/2472 2473/2473/2473
f 2472/2472/2472 2605/2605/2605 2606/2606/2606
f 2608/2608/2608 2474/2474/2474 2477/2477/2477
f 2477/2477/2477 2474/2474/2474 2475/2475/2475
f 2474/2474/2474 2472/2472/2472 2475/2475/2475
f 2608/2608/2608 2607/2607/2607 2474/2474/2474
f 2471/2471/2471 2605/2605/2605 2472/2472/2472
f 2474/2474/2474 2471/2471/2471 2472/2472/2472
f 2607/2607/2607 2471/2471/2471 2474/2474/2474
f 2471/2471/2471 2603/2603/2603 2605/2605/2605
f 2607/2607/2607 2602/2602/2602 2471/2471/2471
f 2602/2602/2602 2603/2603/2603 2471/2471/2471
f 2602/2602/2602 2604/2604/2604 2603/2603/2603
f 2588/2588/2588 2589/2589/2589 2222/2222/2222
f 2588/2588/2588 2222/2222/2222 2453/2453/2453
f 2590/2590/2590 2588/2588/2588 2453/2453/2453
f 2453/2453/2453 2222/2222/2222 2223/2223/2223
f 2590/2590/2590 2453/2453/2453 2456/2456/2456
f 2591/2591/2591 2590/2590/2590 2456/2456/2456
f 2453/2453/2453 2223/2223/2223 2454/2454/2454
f 2456/2456/2456 2453/2453/2453 2454/2454/2454
f 2454/2454/2454 2223/2223/2223 2224/2224/2224
f 2591/2591/2591 2456/2456/2456 2459/2459/2459
f 2592/2592/2592 2591/2591/2591 2459/2459/2459
f 2592/2592/2592 2459/2459/2459 2593/2593/2593
f 2454/2454/2454 2224/2224/2224 2455/2455/2455
f 2455/2455/2455 2224/2224/2224 2155/2155/2155
f 2456/2456/2456 2454/2454/2454 2457/2457/2457
f 2459/2459/2459 2456/2456/2456 2457/2457/2457
f 2457/2457/2457 2454/2454/2454 2455/2455/2455
f 2593/2593/2593 2459/2459/2459 2460/2460/2460
f 2459/2459/2459 2457/2457/2457 2460/2460/2460
f 2593/2593/2593 2460/2460/2460 2594/2594/2594
f 2455/2455/2455 2155/2155/2155 2279/2279/2279
f 2227/2227/2227 2279/2279/2279 2155/2155/2155
f 2457/2457/2457 2455/2455/2455 2458/2458/2458
f 2460/2460/2460 2457/2457/2457 2458/2458/2458
f 2458/2458/2458 2455/2455/2455 2279/2279/2279
f 2594/2594/2594 2460/2460/2460 2461/2461/2461
f 2460/2460/2460 2458/2458/2458 2461/2461/2461
f 2594/2594/2594 2461/2461/2461 2595/2595/2595
f 2227/2227/2227 2468/2468/2468 2279/2279/2279
f 2226/2226/2226 2468/2468/2468 2227/2227/2227
f 2458/2458/2458 2279/2279/2279 2280/2280/2280
f 2461/2461/2461 2458/2458/2458 2280/2280/2280
f 2468/2468/2468 2280/2280/2280 2279/2279/2279
f 2595/2595/2595 2461/2461/2461 2281/2281/2281
f 2461/2461/2461 2280/2280/2280 2281/2281/2281
f 2595/2595/2595 2281/2281/2281 2596/2596/2596
f 2226/2226/2226 2465/2465/2465 2468/2468/2468
f 2225/2225/2225 2465/2465/2465 2226/2226/2226
f 2468/2468/2468 2469/2469/2469 2280/2280/2280
f 2469/2469/2469 2281/2281/2281 2280/2280/2280
f 2465/2465/2465 2469/2469/2469 2468/2468/2468
f 2470/2470/2470 2596/2596/2596 2281/2281/2281
f 2469/2469/2469 2470/2470/2470 2281/2281/2281
f 2470/2470/2470 2284/2284/2284 2596/2596/2596
f 2225/2225/2225 2462/2462/2462 2465/2465/2465
f 2597/2597/2597 2462/2462/2462 2225/2225/2225
f 2597/2597/2597 2598/2598/2598 2462/2462/2462
f 2465/2465/2465 2466/2466/2466 2469/2469/2469
f 2466/2466/2466 2470/2470/2470 2469/2469/2469
f 2462/2462/2462 2466/2466/2466 2465/2465/2465
f 2467/2467/2467 2284/2284/2284 2470/2470/2470
f 2466/2466/2466 2467/2467/2467 2470/2470/2470
f 2467/2467/2467 2283/2283/2283 2284/2284/2284
f 2598/2598/2598 2463/2463/2463 2462/2462/2462
f 2462/2462/2462 2463/2463/2463 2466/2466/2466
f 2463/2463/2463 2467/2467/2467 2466/2466/2466
f 2598/2598/2598 2599/2599/2599 2463/2463/2463
f 2464/2464/2464 2283/2283/2283 2467/2467/2467
f 2463/2463/2463 2464/2464/2464 2467/2467/2467
f 2599/2599/2599 2464/2464/2464 2463/2463/2463
f 2464/2464/2464 2282/2282/2282 2283/2283/2283
f 2599/2599/2599 2600/2600/2600 2464/2464/2464
f 2600/2600/2600 2282/2282/2282 2464/2464/2464
f 2600/2600/2600 2601/2601/2601 2282/2282/2282
f 2622/2622/2622 2624/2624/2624 2623/2623/2623
f 2622/2622/2622 2623/2623/2623 2489/2489/2489
f 2628/2628/2628 2622/2622/2622 2489/2489/2489
f 2489/2489/2489 2623/2623/2623 2625/2625/2625
f 2628/2628/2628 2489/2489/2489 2492/2492/2492
f 2629/2629/2629 2628/2628/2628 2492/2492/2492
f 2489/2489/2489 2625/2625/2625 2490/2490/2490
f 2492/2492/2492 2489/2489/2489 2490/2490/2490
f 2490/2490/2490 2625/2625/2625 2626/2626/2626
f 2629/2629/2629 2492/2492/2492 2495/2495/2495
f 2618/2618/2618 2629/2629/2629 2495/2495/2495
f 2490/2490/2490 2626/2626/2626 2491/2491/2491
f 2491/2491/2491 2626/2626/2626 2627/2627/2627
f 2492/2492/2492 2490/2490/2490 2493/2493/2493
f 2495/2495/2495 2492/2492/2492 2493/2493/2493
f 2493/2493/2493 2490/2490/2490 2491/2491/2491
f 2618/2618/2618 2495/2495/2495 2288/2288/2288
f 2617/2617/2617 2618/2618/2618 2288/2288/2288
f 2491/2491/2491 2627/2627/2627 2291/2291/2291
f 2637/2637/2637 2291/2291/2291 2627/2627/2627
f 2493/2493/2493 2491/2491/2491 2494/2494/2494
f 2494/2494/2494 2491/2491/2491 2291/2291/2291
f 2495/2495/2495 2493/2493/2493 2496/2496/2496
f 2288/2288/2288 2495/2495/2495 2496/2496/2496
f 2496/2496/2496 2493/2493/2493 2494/2494/2494
f 2617/2617/2617 2288/2288/2288 2482/2482/2482
f 2616/2616/2616 2617/2617/2617 2482/2482/2482
f 2637/2637/2637 2504/2504/2504 2291/2291/2291
f 2636/2636/2636 2504/2504/2504 2637/2637/2637
f 2288/2288/2288 2496/2496/2496 2289/2289/2289
f 2482/2482/2482 2288/2288/2288 2289/2289/2289
f 2494/2494/2494 2291/2291/2291 2292/2292/2292
f 2504/2504/2504 2292/2292/2292 2291/2291/2291
f 2496/2496/2496 2494/2494/2494 2497/2497/2497
f 2289/2289/2289 2496/2496/2496 2497/2497/2497
f 2497/2497/2497 2494/2494/2494 2292/2292/2292
f 2616/2616/2616 2482/2482/2482 2481/2481/2481
f 2615/2615/2615 2616/2616/2616 2481/2481/2481
f 2636/2636/2636 2501/2501/2501 2504/2504/2504
f 2631/2631/2631 2501/2501/2501 2636/2636/2636
f 2482/2482/2482 2289/2289/2289 2485/2485/2485
f 2481/2481/2481 2482/2482/2482 2485/2485/2485
f 2289/2289/2289 2497/2497/2497 2290/2290/2290
f 2485/2485/2485 2289/2289/2289 2290/2290/2290
f 2497/2497/2497 2292/2292/2292 2293/2293/2293
f 2290/2290/2290 2497/2497/2497 2293/2293/2293
f 2504/2504/2504 2505/2505/2505 2292/2292/2292
f 2501/2501/2501 2505/2505/2505 2504/2504/2504
f 2505/2505/2505 2293/2293/2293 2292/2292/2292
f 2615/2615/2615 2481/2481/2481 2480/2480/2480
f 2613/2613/2613 2615/2615/2615 2480/2480/2480
f 2613/2613/2613 2480/2480/2480 2614/2614/2614
f 2481/2481/2481 2485/2485/2485 2484/2484/2484
f 2480/2480/2480 2481/2481/2481 2484/2484/2484
f 2614/2614/2614 2480/2480/2480 2483/2483/2483
f 2480/2480/2480 2484/2484/2484 2483/2483/2483
f 2614/2614/2614 2483/2483/2483 2619/2619/2619
f 2485/2485/2485 2290/2290/2290 2488/2488/2488
f 2484/2484/2484 2485/2485/2485 2488/2488/2488
f 2290/2290/2290 2293/2293/2293 2143/2143/2143
f 2488/2488/2488 2290/2290/2290 2143/2143/2143
f 2505/2505/2505 2506/2506/2506 2293/2293/2293
f 2506/2506/2506 2143/2143/2143 2293/2293/2293
f 2619/2619/2619 2483/2483/2483 2486/2486/2486
f 2619/2619/2619 2486/2486/2486 2620/2620/2620
f 2483/2483/2483 2484/2484/2484 2487/2487/2487
f 2484/2484/2484 2488/2488/2488 2487/2487/2487
f 2483/2483/2483 2487/2487/2487 2486/2486/2486
f 2488/2488/2488 2143/2143/2143 2299/2299/2299
f 2487/2487/2487 2488/2488/2488 2299/2299/2299
f 2620/2620/2620 2486/2486/2486 2297/2297/2297
f 2620/2620/2620 2297/2297/2297 2621/2621/2621
f 2486/2486/2486 2487/2487/2487 2298/2298/2298
f 2487/2487/2487 2299/2299/2299 2298/2298/2298
f 2486/2486/2486 2298/2298/2298 2297/2297/2297
f 2296/2296/2296 2299/2299/2299 2143/2143/2143
f 2506/2506/2506 2296/2296/2296 2143/2143/2143
f 2502/2502/2502 2506/2506/2506 2505/2505/2505
f 2501/2501/2501 2502/2502/2502 2505/2505/2505
f 2509/2509/2509 2621/2621/2621 2297/2297/2297
f 2509/2509/2509 2642/2642/2642 2621/2621/2621
f 2512/2512/2512 2297/2297/2297 2298/2298/2298
f 2512/2512/2512 2509/2509/2509 2297/2297/2297
f 2515/2515/2515 2298/2298/2298 2299/2299/2299
f 2296/2296/2296 2515/2515/2515 2299/2299/2299
f 2515/2515/2515 2512/2512/2512 2298/2298/2298
f 2503/2503/2503 2296/2296/2296 2506/2506/2506
f 2502/2502/2502 2503/2503/2503 2506/2506/2506
f 2498/2498/2498 2502/2502/2502 2501/2501/2501
f 2631/2631/2631 2498/2498/2498 2501/2501/2501
f 2630/2630/2630 2498/2498/2498 2631/2631/2631
f 2630/2630/2630 2632/2632/2632 2498/2498/2498
f 2498/2498/2498 2499/2499/2499 2502/2502/2502
f 2632/2632/2632 2499/2499/2499 2498/2498/2498
f 2499/2499/2499 2503/2503/2503 2502/2502/2502
f 2632/2632/2632 2633/2633/2633 2499/2499/2499
f 2633/2633/2633 2500/2500/2500 2499/2499/2499
f 2499/2499/2499 2500/2500/2500 2503/2503/2503
f 2633/2633/2633 2634/2634/2634 2500/2500/2500
f 2503/2503/2503 2295/2295/2295 2296/2296/2296
f 2500/2500/2500 2295/2295/2295 2503/2503/2503
f 2295/2295/2295 2515/2515/2515 2296/2296/2296
f 2634/2634/2634 2294/2294/2294 2500/2500/2500
f 2500/2500/2500 2294/2294/2294 2295/2295/2295
f 2634/2634/2634 2635/2635/2635 2294/2294/2294
f 2295/2295/2295 2514/2514/2514 2515/2515/2515
f 2294/2294/2294 2514/2514/2514 2295/2295/2295
f 2514/2514/2514 2512/2512/2512 2515/2515/2515
f 2635/2635/2635 2513/2513/2513 2294/2294/2294
f 2294/2294/2294 2513/2513/2513 2514/2514/2514
f 2635/2635/2635 2644/2644/2644 2513/2513/2513
f 2514/2514/2514 2511/2511/2511 2512/2512/2512
f 2513/2513/2513 2511/2511/2511 2514/2514/2514
f 2511/2511/2511 2509/2509/2509 2512/2512/2512
f 2644/2644/2644 2510/2510/2510 2513/2513/2513
f 2513/2513/2513 2510/2510/2510 2511/2511/2511
f 2644/2644/2644 2643/2643/2643 2510/2510/2510
f 2511/2511/2511 2508/2508/2508 2509/2509/2509
f 2510/2510/2510 2508/2508/2508 2511/2511/2511
f 2508/2508/2508 2642/2642/2642 2509/2509/2509
f 2508/2508/2508 2641/2641/2641 2642/2642/2642
f 2643/2643/2643 2507/2507/2507 2510/2510/2510
f 2510/2510/2510 2507/2507/2507 2508/2508/2508
f 2507/2507/2507 2641/2641/2641 2508/2508/2508
f 2643/2643/2643 2638/2638/2638 2507/2507/2507
f 2507/2507/2507 2639/2639/2639 2641/2641/2641
f 2638/2638/2638 2639/2639/2639 2507/2507/2507
f 2638/2638/2638 2640/2640/2640 2639/2639/2639
o Arm_2644
usemtl mat_Arm
v 0.337644 -0.017500 0.369463
v 0.369463 -0.017500 0.337643
v 0.337644 0.017500 0.369463
v 0.369463 0.017500 0.337643
v -0.015910 0.017500 0.015910
v 0.015910 0.017500 -0.015910
v -0.015910 -0.017500 0.015910
v 0.015910 -0.017500 -0.015910
v 0.337644 0.017500 0.369463
v 0.369463 0.017500 0.337643
v -0.015910 0.017500 0.015910
v 0.015910 0.017500 -0.015910
v -0.015910 -0.017500 0.015910
v 0.337644 -0.017500 0.369463
v 0.369463 -0.017500 0.337643
v 0.015910 -0.017500 -0.015910
v 0.369463 -0.017500 0.337643
v 0.369463 0.017500 0.337643
v 0.015910 0.017500 -0.015910
v 0.015910 -0.017500 -0.015910
v -0.015910 -0.017500 0.015910
v -0.015910 0.017500 0.015910
v 0.337644 0.017500 0.369463
v 0.337644 -0.017500 0.369463
vn 0.707107 0.000000 0.707107
vn 0.707107 0.000000 0.707107
vn 0.707107 0.000000 0.707107
vn 0.707107 0.000000 0.707107
vn 0.000000 1.000000 0.000000
vn 0.000000 1.000000 0.000000
vn -0.707107 0.000000 -0.707107
vn -0.707107 0.000000 -0.707107
vn 0.000000 1.000000 0.000000
vn 0.000000 1.000000 0.000000
vn -0.707107 0.000000 -0.707107
vn -0.707107 0.000000 -0.707107
vn 0.000000 -1.000000 0.000000
vn 0.000000 -1.000000 0.000000
vn 0.000000 -1.000000 0.000000
vn 0.000000 -1.000000 0.000000
vn 0.707107 0.000000 -0.707107
vn 0.707107 0.000000 -0.707107
vn 0.707107 0.000000 -0.707107
vn 0.707107 0.000000 -0.707107
vn -0.707107 0.000000 0.707107
vn -0.707107 0.000000 0.707107
vn -0.707107 0.000000 0.707107
vn -0.707107 0.000000 0.707107
vt 0.000000 0.000000
vt 1.000000 0.000000
vt 0.000000 1.000000
vt 1.000000 1.000000
vt 0.000000 1.000000
vt 1.000000 1.000000
vt 0.000000 1.000000
vt 1.000000 1.000000
vt 0.000000 0.000000
vt 1.000000 0.000000
vt 0.000000 0.000000
vt 1.000000 0.000000
vt 0.000000 0.000000
vt 0.000000 1.000000
vt 1.000000 1.000000
vt 1.000000 0.000000
vt 0.000000 0.000000
vt 0.000000 1.000000
vt 1.000000 1.000000
vt 1.000000 0.000000
vt 0.000000 0.000000
vt 0.000000 1.000000
vt 1.000000 1.000000
vt 1.000000 0.000000
f 2645/2645/2645 2648/2648/2648 2647/2647/2647
f 2645/2645/2645 2646/2646/2646 2648/2648/2648
f 2653/2653/2653 2650/2650/2650 2649/2649/2649
f 2653/2653/2653 2654/2654/2654 2650/2650/2650
f 2655/2655/2655 2652/2652/2652 2651/2651/2651
f 2655/2655/2655 2656/2656/2656 2652/2652/2652
f 2657/2657/2657 2659/2659/2659 2658/2658/2658
f 2657/2657/2657 2660/2660/2660 2659/2659/2659
f 2661/2661/2661 2663/2663/2663 2662/2662/2662
f 2661/2661/2661 2664/2664/2664 2663/2663/2663
f 2665/2665/2665 2667/2667/2667 2666/2666/2666
f 2665/2665/2665 2668/2668/2668 2667/2667/2667
o ArmTip_2668
usemtl mat_ArmTip
v 0.316510 -0.015830 0.316510
v 0.316510 -0.015830 0.348171
v 0.348171 -0.015830 0.316510
v 0.348171 -0.015830 0.348171
v 0.316454 0.015835 0.316454
v 0.316454 0.015835 0.348226
v 0.348226 0.015835 0.316454
v 0.348226 0.015835 0.348226
v 0.332340 -0.027500 0.332340
v 0.332340 0.027500 0.332340
v 0.304840 0.000000 0.332340
v 0.332340 0.000000 0.359840
v 0.359840 0.000000 0.332340
v 0.332340 0.000000 0.304840
v 0.332340 -0.019388 0.312952
v 0.351729 -0.019388 0.332340
v 0.332340 -0.019388 0.351729
v 0.312952 -0.019388 0.332340
v 0.312887 0.019403 0.332340
v 0.332340 0.019403 0.351793
v 0.351793 0.019403 0.332340
v 0.332340 0.019403 0.312887
v 0.312895 0.000000 0.351786
v 0.312887 -0.000049 0.312887
v 0.351786 0.000000 0.351786
v 0.351793 -0.000049 0.312887
v 0.319130 -0.016990 0.315351
v 0.322982 -0.018224 0.314116
v 0.327497 -0.019083 0.313257
v 0.345551 -0.016990 0.315351
v 0.341698 -0.018224 0.314116
v 0.337184 -0.019083 0.313257
v 0.349330 -0.016990 0.319130
v 0.350564 -0.018224 0.322982
v 0.351424 -0.019083 0.327497
v 0.349330 -0.016990 0.345551
v 0.350564 -0.018224 0.341698
v 0.351424 -0.019083 0.337184
v 0.345551 -0.016990 0.349330
v 0.341698 -0.018224 0.350564
v 0.337184 -0.019083 0.351424
v 0.319130 -0.016990 0.349330
v 0.322982 -0.018224 0.350564
v 0.327497 -0.019083 0.351424
v 0.315351 -0.016990 0.345551
v 0.314116 -0.018224 0.341698
v 0.313257 -0.019083 0.337184
v 0.315351 -0.016990 0.319130
v 0.314116 -0.018224 0.322982
v 0.313257 -0.019083 0.327497
v 0.315293 0.017000 0.319090
v 0.314054 0.018236 0.322951
v 0.313193 0.019097 0.327481
v 0.315293 0.017000 0.345590
v 0.314054 0.018236 0.341729
v 0.313193 0.019097 0.337200
v 0.319090 0.017000 0.349388
v 0.322951 0.018236 0.350626
v 0.327481 0.019097 0.351487
v 0.345590 0.017000 0.349388
v 0.341729 0.018236 0.350626
v 0.337200 0.019097 0.351487
v 0.349388 0.017000 0.345590
v 0.350626 0.018236 0.341729
v 0.351487 0.019097 0.337200
v 0.349388 0.017000 0.319090
v 0.350626 0.018236 0.322951
v 0.351487 0.019097 0.327481
v 0.345590 0.017000 0.315293
v 0.341729 0.018236 0.314054
v 0.337200 0.019097 0.313193
v 0.319090 0.017000 0.315293
v 0.322951 0.018236 0.314054
v 0.327481 0.019097 0.313193
v 0.315351 -0.013211 0.349330
v 0.314116 -0.009358 0.350564
v 0.313257 -0.004843 0.351424
v 0.315293 0.013210 0.349388
v 0.314054 0.009344 0.350626
v 0.313193 0.004813 0.351487
v 0.315293 0.013210 0.315293
v 0.314054 0.009344 0.314054
v 0.313193 0.004813 0.313193
v 0.315351 -0.013211 0.315351
v 0.314116 -0.009358 0.314116
v 0.313257 -0.004843 0.313257
v 0.349330 -0.013211 0.349330
v 0.350564 -0.009358 0.350564
v 0.351424 -0.004843 0.351424
v 0.349388 0.013210 0.349388
v 0.350626 0.009344 0.350626
v 0.351487 0.004813 0.351487
v 0.349330 -0.013211 0.315351
v 0.350564 -0.009358 0.314116
v 0.351424 -0.004843 0.313257
v 0.349388 0.013210 0.315293
v 0.350626 0.009344 0.314054
v 0.351487 0.004813 0.313193
v 0.332340 -0.022680 0.316931
v 0.332340 -0.025221 0.321582
v 0.332340 -0.026853 0.326796
v 0.347749 -0.022680 0.332340
v 0.343099 -0.025221 0.332340
v 0.337884 -0.026853 0.332340
v 0.332340 -0.022680 0.347749
v 0.332340 -0.025221 0.343099
v 0.332340 -0.026853 0.337884
v 0.316932 -0.022680 0.332340
v 0.321582 -0.025221 0.332340
v 0.326797 -0.026853 0.332340
v 0.316877 0.022707 0.332340
v 0.321545 0.025251 0.332340
v 0.326778 0.026887 0.332340
v 0.332340 0.022707 0.347803
v 0.332340 0.025251 0.343135
v 0.332340 0.026887 0.337903
v 0.347803 0.022707 0.332340
v 0.343135 0.025251 0.332340
v 0.337903 0.026887 0.332340
v 0.332340 0.022707 0.316877
v 0.332340 0.025251 0.321545
v 0.332340 0.026887 0.326778
v 0.309660 -0.015409 0.332340
v 0.307120 -0.010758 0.332340
v 0.305487 -0.005544 0.332340
v 0.309475 0.000000 0.347618
v 0.306934 0.000000 0.342864
v 0.305369 0.000000 0.337705
v 0.309584 0.015412 0.332340
v 0.307049 0.010750 0.332340
v 0.305409 0.005516 0.332340
v 0.309584 -0.000049 0.316877
v 0.307049 -0.000049 0.321545
v 0.305409 -0.000049 0.326778
v 0.332340 -0.015409 0.355020
v 0.332340 -0.010758 0.357561
v 0.332340 -0.005544 0.359193
v 0.347618 0.000000 0.355206
v 0.342864 0.000000 0.357747
v 0.337705 0.000000 0.359312
v 0.332340 0.015412 0.355096
v 0.332340 0.010750 0.357632
v 0.332340 0.005516 0.359271
v 0.317062 0.000000 0.355206
v 0.321816 0.000000 0.357747
v 0.326975 0.000000 0.359312
v 0.355020 -0.015409 0.332340
v 0.357561 -0.010758 0.332340
v 0.359193 -0.005544 0.332340
v 0.355096 -0.000049 0.316877
v 0.357632 -0.000049 0.321545
v 0.359271 -0.000049 0.326778
v 0.355096 0.015412 0.332340
v 0.357632 0.010750 0.332340
v 0.359271 0.005516 0.332340
v 0.355206 0.000000 0.347618
v 0.357747 0.000000 0.342864
v 0.359312 0.000000 0.337705
v 0.332340 -0.015409 0.309660
v 0.332340 -0.010758 0.307120
v 0.332340 -0.005544 0.305487
v 0.316877 -0.000049 0.309584
v 0.321545 -0.000049 0.307049
v 0.326778 -0.000049 0.305409
v 0.332340 0.015412 0.309584
v 0.332340 0.010750 0.307049
v 0.332340 0.005516 0.305409
v 0.347803 -0.000049 0.309584
v 0.343135 -0.000049 0.307049
v 0.337903 -0.000049 0.305409
v 0.318673 -0.019447 0.318672
v 0.322722 -0.021188 0.317836
v 0.327379 -0.022307 0.317188
v 0.317836 -0.021188 0.322722
v 0.322223 -0.023390 0.322223
v 0.327142 -0.024765 0.321780
v 0.317188 -0.022307 0.327379
v 0.321780 -0.024765 0.327142
v 0.326909 -0.026321 0.326909
v 0.346008 -0.019447 0.318672
v 0.346844 -0.021188 0.322722
v 0.347493 -0.022307 0.327379
v 0.341959 -0.021188 0.317836
v 0.342457 -0.023390 0.322223
v 0.342900 -0.024765 0.327142
v 0.337302 -0.022307 0.317188
v 0.337538 -0.024765 0.321780
v 0.337772 -0.026321 0.326909
v 0.346008 -0.019447 0.346008
v 0.341959 -0.021188 0.346844
v 0.337302 -0.022307 0.347492
v 0.346844 -0.021188 0.341958
v 0.342457 -0.023390 0.342457
v 0.337538 -0.024765 0.342900
v 0.347493 -0.022307 0.337302
v 0.342900 -0.024765 0.337538
v 0.337772 -0.026321 0.337772
v 0.318673 -0.019447 0.346008
v 0.317836 -0.021188 0.341958
v 0.317188 -0.022307 0.337302
v 0.322722 -0.021188 0.346844
v 0.322223 -0.023390 0.342457
v 0.321780 -0.024765 0.337538
v 0.327379 -0.022307 0.347492
v 0.327142 -0.024765 0.342900
v 0.326909 -0.026321 0.337772
v 0.318632 0.019462 0.318632
v 0.317785 0.021210 0.322690
v 0.317134 0.022334 0.327362
v 0.322690 0.021210 0.317785
v 0.322189 0.023418 0.322189
v 0.321745 0.024795 0.327125
v 0.327362 0.022334 0.317134
v 0.327125 0.024795 0.321745
v 0.326890 0.026356 0.326890
v 0.318632 0.019462 0.346048
v 0.322690 0.021210 0.346896
v 0.327362 0.022334 0.347546
v 0.317785 0.021210 0.341990
v 0.322189 0.023418 0.342491
v 0.327125 0.024795 0.342935
v 0.317134 0.022334 0.337319
v 0.321745 0.024795 0.337555
v 0.326890 0.026356 0.337790
v 0.346048 0.019462 0.346048
v 0.346896 0.021210 0.341990
v 0.347546 0.022334 0.337319
v 0.341990 0.021210 0.346896
v 0.342491 0.023418 0.342491
v 0.342935 0.024795 0.337555
v 0.337319 0.022334 0.347546
v 0.337555 0.024795 0.342935
v 0.337790 0.026356 0.337790
v 0.346048 0.019462 0.318632
v 0.341990 0.021210 0.317785
v 0.337319 0.022334 0.317134
v 0.346896 0.021210 0.322690
v 0.342491 0.023418 0.322189
v 0.337555 0.024795 0.321745
v 0.347546 0.022334 0.327362
v 0.342935 0.024795 0.327125
v 0.337790 0.026356 0.326890
v 0.312893 -0.013668 0.318672
v 0.311152 -0.014504 0.322722
v 0.310033 -0.015152 0.327379
v 0.311152 -0.009618 0.317836
v 0.308950 -0.010117 0.322223
v 0.307576 -0.010560 0.327142
v 0.310033 -0.004962 0.317188
v 0.307576 -0.005198 0.321780
v 0.306019 -0.005431 0.326909
v 0.312893 -0.013668 0.346008
v 0.311152 -0.009618 0.346844
v 0.310033 -0.004962 0.347492
v 0.311152 -0.014504 0.341958
v 0.308950 -0.010117 0.342457
v 0.307576 -0.005198 0.342900
v 0.310033 -0.015152 0.337302
v 0.307576 -0.010560 0.337538
v 0.306019 -0.005431 0.337772
v 0.312829 0.013668 0.346048
v 0.311082 0.014506 0.341990
v 0.309957 0.015155 0.337319
v 0.311082 0.009606 0.346896
v 0.308883 0.010106 0.342491
v 0.307505 0.010551 0.337555
v 0.309957 0.004932 0.347546
v 0.307505 0.005169 0.342935
v 0.305943 0.005403 0.337790
v 0.312829 0.013668 0.318632
v 0.311082 0.009606 0.317785
v 0.309957 0.004932 0.317134
v 0.311082 0.014506 0.322690
v 0.308883 0.010106 0.322189
v 0.307505 0.005169 0.321745
v 0.309957 0.015155 0.327362
v 0.307505 0.010551 0.327125
v 0.305943 0.005403 0.326890
v 0.318673 -0.013668 0.351787
v 0.322722 -0.014504 0.353528
v 0.327379 -0.015152 0.354647
v 0.317836 -0.009618 0.353528
v 0.322223 -0.010117 0.355730
v 0.327142 -0.010560 0.357105
v 0.317188 -0.004962 0.354647
v 0.321780 -0.005198 0.357105
v 0.326909 -0.005431 0.358662
v 0.346008 -0.013668 0.351787
v 0.346844 -0.009618 0.353528
v 0.347493 -0.004962 0.354647
v 0.341959 -0.014504 0.353528
v 0.342457 -0.010117 0.355730
v 0.342900 -0.005198 0.357105
v 0.337302 -0.015152 0.354647
v 0.337538 -0.010560 0.357105
v 0.337772 -0.005431 0.358662
v 0.346048 0.013668 0.351852
v 0.341990 0.014506 0.353598
v 0.337319 0.015155 0.354723
v 0.346896 0.009606 0.353598
v 0.342491 0.010106 0.355798
v 0.337555 0.010551 0.357176
v 0.347546 0.004932 0.354723
v 0.342935 0.005169 0.357176
v 0.337790 0.005403 0.358738
v 0.318632 0.013668 0.351852
v 0.317785 0.009606 0.353598
v 0.317134 0.004932 0.354723
v 0.322690 0.014506 0.353598
v 0.322189 0.010106 0.355798
v 0.321745 0.005169 0.357176
v 0.327362 0.015155 0.354723
v 0.327125 0.010551 0.357176
v 0.326890 0.005403 0.358738
v 0.351788 -0.013668 0.346008
v 0.353528 -0.014504 0.341959
v 0.354647 -0.015152 0.337302
v 0.353528 -0.009618 0.346844
v 0.355731 -0.010117 0.342457
v 0.357105 -0.010560 0.337538
v 0.354647 -0.004962 0.347492
v 0.357105 -0.005198 0.342900
v 0.358662 -0.005431 0.337772
v 0.351788 -0.013668 0.318672
v 0.353528 -0.009618 0.317836
v 0.354647 -0.004962 0.317188
v 0.353528 -0.014504 0.322722
v 0.355731 -0.010117 0.322223
v 0.357105 -0.005198 0.321780
v 0.354647 -0.015152 0.327379
v 0.357105 -0.010560 0.327142
v 0.358662 -0.005431 0.326909
v 0.351852 0.013668 0.318632
v 0.353598 0.014506 0.322690
v 0.354723 0.015155 0.327362
v 0.353598 0.009606 0.317785
v 0.355798 0.010106 0.322189
v 0.357176 0.010551 0.327125
v 0.354723 0.004932 0.317134
v 0.357176 0.005169 0.321745
v 0.358738 0.005403 0.326890
v 0.351852 0.013668 0.346048
v 0.353598 0.009606 0.346896
v 0.354723 0.004932 0.347546
v 0.353598 0.014506 0.341990
v 0.355798 0.010106 0.342491
v 0.357176 0.005169 0.342935
v 0.354723 0.015155 0.337319
v 0.357176 0.010551 0.337555
v 0.358738 0.005403 0.337790
v 0.346008 -0.013668 0.312893
v 0.341959 -0.014504 0.311152
v 0.337302 -0.015152 0.310033
v 0.346844 -0.009618 0.311152
v 0.342457 -0.010117 0.308950
v 0.337538 -0.010560 0.307576
v 0.347493 -0.004962 0.310033
v 0.342900 -0.005198 0.307576
v 0.337772 -0.005431 0.306019
v 0.318673 -0.013668 0.312893
v 0.317836 -0.009618 0.311152
v 0.317188 -0.004962 0.310033
v 0.322722 -0.014504 0.311152
v 0.322223 -0.010117 0.308950
v 0.321780 -0.005198 0.307576
v 0.327379 -0.015152 0.310033
v 0.327142 -0.010560 0.307576
v 0.326909 -0.005431 0.306019
v 0.318632 0.013668 0.312829
v 0.322690 0.014506 0.311082
v 0.327362 0.015155 0.309957
v 0.317785 0.009606 0.311082
v 0.322189 0.010106 0.308882
v 0.327125 0.010551 0.307505
v 0.317134 0.004932 0.309957
v 0.321745 0.005169 0.307505
v 0.326890 0.005403 0.305943
v 0.346048 0.013668 0.312829
v 0.346896 0.009606 0.311082
v 0.347546 0.004932 0.309957
v 0.341990 0.014506 0.311082
v 0.342491 0.010106 0.308882
v 0.342935 0.005169 0.307505
v 0.337319 0.015155 0.309957
v 0.337555 0.010551 0.307505
v 0.337790 0.005403 0.305943
v 0.326797 -0.026853 0.332340
v 0.332340 -0.027500 0.332340
v 0.332340 -0.027500 0.332340
v 0.351729 -0.019388 0.332340
v 0.347749 -0.022680 0.332340
v 0.343099 -0.025221 0.332340
v 0.337884 -0.026853 0.332340
v 0.332340 -0.027500 0.332340
v 0.332340 -0.027500 0.332340
v 0.332340 -0.027500 0.332340
v 0.326797 -0.026853 0.332340
v 0.332340 0.027500 0.332340
v 0.332340 0.027500 0.332340
v 0.332340 0.027500 0.332340
v 0.332340 0.027500 0.332340
v 0.351793 0.019403 0.332340
v 0.347803 0.022707 0.332340
v 0.343135 0.025251 0.332340
v 0.337903 0.026887 0.332340
v 0.332340 0.027500 0.332340
v 0.316510 -0.015830 0.316510
v 0.315351 -0.016990 0.319130
v 0.314116 -0.018224 0.322982
v 0.313257 -0.019083 0.327497
v 0.312952 -0.019388 0.332340
v 0.315351 -0.016990 0.345551
v 0.316510 -0.015830 0.348171
v 0.314116 -0.018224 0.341698
v 0.313257 -0.019083 0.337184
v 0.316454 0.015835 0.348226
v 0.315293 0.017000 0.345590
v 0.314054 0.018236 0.341729
v 0.313193 0.019097 0.337200
v 0.312887 0.019403 0.332340
v 0.315293 0.017000 0.319090
v 0.316454 0.015835 0.316454
v 0.314054 0.018236 0.322951
v 0.313193 0.019097 0.327481
v 0.316510 -0.015830 0.348171
v 0.315351 -0.013211 0.349330
v 0.319130 -0.016990 0.349330
v 0.322982 -0.018224 0.350564
v 0.327497 -0.019083 0.351424
v 0.332340 -0.019388 0.351729
v 0.314116 -0.009358 0.350564
v 0.313257 -0.004843 0.351424
v 0.312895 0.000000 0.351786
v 0.345551 -0.016990 0.349330
v 0.348171 -0.015830 0.348171
v 0.341698 -0.018224 0.350564
v 0.337184 -0.019083 0.351424
v 0.348226 0.015835 0.348226
v 0.345590 0.017000 0.349388
v 0.341729 0.018236 0.350626
v 0.337200 0.019097 0.351487
v 0.332340 0.019403 0.351793
v 0.319090 0.017000 0.349388
v 0.315293 0.013210 0.349388
v 0.316454 0.015835 0.348226
v 0.314054 0.009344 0.350626
v 0.313193 0.004813 0.351487
v 0.322951 0.018236 0.350626
v 0.327481 0.019097 0.351487
v 0.348171 -0.015830 0.348171
v 0.349330 -0.013211 0.349330
v 0.349330 -0.016990 0.345551
v 0.350564 -0.018224 0.341698
v 0.351424 -0.019083 0.337184
v 0.351729 -0.019388 0.332340
v 0.350564 -0.009358 0.350564
v 0.351424 -0.004843 0.351424
v 0.351786 0.000000 0.351786
v 0.349330 -0.016990 0.319130
v 0.348171 -0.015830 0.316510
v 0.350564 -0.018224 0.322982
v 0.351424 -0.019083 0.327497
v 0.351729 -0.019388 0.332340
v 0.355020 -0.015409 0.332340
v 0.357561 -0.010758 0.332340
v 0.359193 -0.005544 0.332340
v 0.359840 0.000000 0.332340
v 0.348226 0.015835 0.316454
v 0.349388 0.017000 0.319090
v 0.350626 0.018236 0.322951
v 0.351487 0.019097 0.327481
v 0.351793 0.019403 0.332340
v 0.349388 0.017000 0.345590
v 0.349388 0.013210 0.349388
v 0.348226 0.015835 0.348226
v 0.350626 0.009344 0.350626
v 0.351487 0.004813 0.351487
v 0.350626 0.018236 0.341729
v 0.351487 0.019097 0.337200
v 0.351793 0.019403 0.332340
v 0.355096 0.015412 0.332340
v 0.357632 0.010750 0.332340
v 0.359271 0.005516 0.332340
v 0.348171 -0.015830 0.316510
v 0.349330 -0.013211 0.315351
v 0.345551 -0.016990 0.315351
v 0.341698 -0.018224 0.314116
v 0.337184 -0.019083 0.313257
v 0.332340 -0.019388 0.312952
v 0.350564 -0.009358 0.314116
v 0.351424 -0.004843 0.313257
v 0.351793 -0.000049 0.312887
v 0.319130 -0.016990 0.315351
v 0.315351 -0.013211 0.315351
v 0.316510 -0.015830 0.316510
v 0.314116 -0.009358 0.314116
v 0.313257 -0.004843 0.313257
v 0.312887 -0.000049 0.312887
v 0.322982 -0.018224 0.314116
v 0.327497 -0.019083 0.313257
v 0.316454 0.015835 0.316454
v 0.315293 0.013210 0.315293
v 0.319090 0.017000 0.315293
v 0.322951 0.018236 0.314054
v 0.327481 0.019097 0.313193
v 0.332340 0.019403 0.312887
v 0.314054 0.009344 0.314054
v 0.313193 0.004813 0.313193
v 0.345590 0.017000 0.315293
v 0.349388 0.013210 0.315293
v 0.348226 0.015835 0.316454
v 0.350626 0.009344 0.314054
v 0.351487 0.004813 0.313193
v 0.341729 0.018236 0.314054
v 0.337200 0.019097 0.313193
vn -0.577350 -0.577350 -0.577350
vn -0.577350 -0.577350 0.577350
vn 0.577350 -0.577350 -0.577350
vn 0.577350 -0.577350 0.577350
vn -0.577053 0.577944 -0.577053
vn -0.577053 0.577944 0.577053
vn 0.577053 0.577944 -0.577053
vn 0.577053 0.577944 0.577053
vn 0.000000 -1.000000 0.000000
vn 0.000000 1.000000 0.000000
vn -0.999975 -0.007027 -0.000914
vn 0.000000 -0.006784 0.999977
vn 0.999975 -0.007028 -0.000914
vn 0.000000 -0.007271 -0.999974
vn 0.000000 -0.707107 -0.707107
vn 0.707107 -0.707107 0.000000
vn 0.000000 -0.707107 0.707107
vn -0.707107 -0.707107 0.000000
vn -0.707206 0.707008 0.000000
vn 0.000000 0.707008 0.707206
vn 0.707206 0.707008 0.000000
vn 0.000000 0.707008 -0.707206
vn -0.707078 -0.009016 0.707078
vn -0.707072 -0.009977 -0.707072
vn 0.707078 -0.009016 0.707078
vn 0.707072 -0.009977 -0.707072
vn -0.480539 -0.620114 -0.620114
vn -0.341098 -0.664700 -0.664700
vn -0.176933 -0.695951 -0.695951
vn 0.480540 -0.620114 -0.620113
vn 0.341098 -0.664701 -0.664699
vn 0.176933 -0.695951 -0.695950
vn 0.620114 -0.620114 -0.480539
vn 0.664700 -0.664700 -0.341098
vn 0.695951 -0.695951 -0.176933
vn 0.620113 -0.620114 0.480540
vn 0.664699 -0.664701 0.341098
vn 0.695950 -0.695951 0.176933
vn 0.480539 -0.620114 0.620114
vn 0.341098 -0.664700 0.664700
vn 0.176933 -0.695951 0.695951
vn -0.480540 -0.620114 0.620113
vn -0.341098 -0.664701 0.664699
vn -0.176933 -0.695951 0.695951
vn -0.620114 -0.620114 0.480539
vn -0.664700 -0.664700 0.341098
vn -0.695951 -0.695951 0.176933
vn -0.620114 -0.620114 -0.480539
vn -0.664700 -0.664700 -0.341098
vn -0.695951 -0.695951 -0.176933
vn -0.619905 0.620459 -0.480362
vn -0.664596 0.664652 -0.341394
vn -0.696051 0.695869 -0.176858
vn -0.619905 0.620459 0.480362
vn -0.664595 0.664652 0.341395
vn -0.696051 0.695869 0.176858
vn -0.480362 0.620459 0.619905
vn -0.341395 0.664652 0.664595
vn -0.176858 0.695869 0.696051
vn 0.480362 0.620459 0.619905
vn 0.341395 0.664652 0.664595
vn 0.176858 0.695869 0.696051
vn 0.619905 0.620459 0.480362
vn 0.664595 0.664652 0.341395
vn 0.696051 0.695869 0.176858
vn 0.619905 0.620459 -0.480362
vn 0.664595 0.664652 -0.341395
vn 0.696051 0.695869 -0.176858
vn 0.480362 0.620459 -0.619905
vn 0.341394 0.664652 -0.664596
vn 0.176858 0.695869 -0.696051
vn -0.480362 0.620459 -0.619905
vn -0.341394 0.664652 -0.664596
vn -0.176858 0.695869 -0.696051
vn -0.620113 -0.480541 0.620113
vn -0.664700 -0.341099 0.664700
vn -0.695038 -0.183967 0.695038
vn -0.619981 0.480883 0.619980
vn -0.664625 0.341393 0.664623
vn -0.696185 0.175080 0.696185
vn -0.619981 0.480883 -0.619980
vn -0.664625 0.341393 -0.664623
vn -0.695964 0.176834 -0.695963
vn -0.620113 -0.480541 -0.620113
vn -0.664700 -0.341099 -0.664700
vn -0.694679 -0.186661 -0.694679
vn 0.620114 -0.480539 0.620114
vn 0.664700 -0.341098 0.664700
vn 0.695038 -0.183968 0.695038
vn 0.619980 0.480884 0.619980
vn 0.664624 0.341393 0.664624
vn 0.696185 0.175080 0.696185
vn 0.620114 -0.480539 -0.620114
vn 0.664700 -0.341098 -0.664700
vn 0.694679 -0.186662 -0.694679
vn 0.619980 0.480884 -0.619980
vn 0.664624 0.341393 -0.664624
vn 0.695963 0.176833 -0.695963
vn 0.000000 -0.828751 -0.559617
vn 0.000000 -0.921249 -0.388973
vn 0.000000 -0.979125 -0.203257
vn 0.559617 -0.828751 0.000000
vn 0.388973 -0.921249 0.000000
vn 0.203258 -0.979125 0.000000
vn 0.000000 -0.828751 0.559617
vn 0.000000 -0.921249 0.388973
vn 0.000000 -0.979125 0.203257
vn -0.559617 -0.828751 0.000000
vn -0.388973 -0.921249 0.000000
vn -0.203257 -0.979125 0.000000
vn -0.559402 0.828896 0.000000
vn -0.388341 0.921516 0.000000
vn -0.201446 0.979500 0.000000
vn 0.000000 0.828896 0.559402
vn 0.000000 0.921516 0.388341
vn 0.000000 0.979500 0.201446
vn 0.559402 0.828896 0.000000
vn 0.388341 0.921516 0.000000
vn 0.201446 0.979500 0.000000
vn 0.000000 0.828896 -0.559402
vn 0.000000 0.921516 -0.388341
vn 0.000000 0.979500 -0.201446
vn -0.828751 -0.559617 0.000000
vn -0.921249 -0.388973 0.000000
vn -0.978280 -0.207289 -0.000337
vn -0.830622 -0.008560 0.556771
vn -0.923028 -0.007570 0.384660
vn -0.980438 -0.006910 0.196709
vn -0.829181 0.558980 0.000000
vn -0.921612 0.388113 0.000000
vn -0.979703 0.200453 -0.000575
vn -0.829044 -0.009544 -0.559102
vn -0.921477 -0.008558 -0.388339
vn -0.979799 -0.007640 -0.199838
vn 0.000000 -0.559617 0.828751
vn 0.000000 -0.388973 0.921249
vn 0.000000 -0.207612 0.978211
vn 0.556771 -0.008560 0.830622
vn 0.384660 -0.007570 0.923028
vn 0.196709 -0.006910 0.980438
vn 0.000000 0.558980 0.829181
vn 0.000000 0.388113 0.921612
vn 0.000000 0.201010 0.979589
vn -0.556771 -0.008560 0.830622
vn -0.384660 -0.007570 0.923028
vn -0.196709 -0.006910 0.980438
vn 0.828751 -0.559617 0.000000
vn 0.921249 -0.388973 0.000000
vn 0.978280 -0.207288 -0.000337
vn 0.829044 -0.009544 -0.559102
vn 0.921477 -0.008558 -0.388339
vn 0.979799 -0.007640 -0.199838
vn 0.829181 0.558980 0.000000
vn 0.921612 0.388113 0.000000
vn 0.979703 0.200453 -0.000575
vn 0.830622 -0.008560 0.556771
vn 0.923028 -0.007570 0.384660
vn 0.980438 -0.006910 0.196709
vn 0.000000 -0.559617 -0.828751
vn 0.000000 -0.388973 -0.921249
vn 0.000000 -0.206966 -0.978348
vn -0.559102 -0.009544 -0.829044
vn -0.388339 -0.008558 -0.921477
vn -0.199838 -0.007640 -0.979799
vn 0.000000 0.558981 -0.829181
vn 0.000000 0.388113 -0.921612
vn 0.000000 0.199896 -0.979817
vn 0.559102 -0.009544 -0.829044
vn 0.388339 -0.008558 -0.921477
vn 0.199838 -0.007640 -0.979799
vn -0.496353 -0.712227 -0.496353
vn -0.349238 -0.774614 -0.527262
vn -0.180544 -0.814840 -0.550854
vn -0.527262 -0.774614 -0.349238
vn -0.367019 -0.854748 -0.367019
vn -0.188731 -0.904340 -0.382819
vn -0.550854 -0.814840 -0.180544
vn -0.382819 -0.904340 -0.188731
vn -0.198211 -0.959909 -0.198211
vn 0.496353 -0.712227 -0.496353
vn 0.527262 -0.774614 -0.349238
vn 0.550854 -0.814840 -0.180544
vn 0.349238 -0.774614 -0.527262
vn 0.367019 -0.854748 -0.367019
vn 0.382819 -0.904340 -0.188731
vn 0.180544 -0.814840 -0.550854
vn 0.188731 -0.904340 -0.382819
vn 0.198212 -0.959909 -0.198212
vn 0.496353 -0.712227 0.496353
vn 0.349238 -0.774614 0.527262
vn 0.180544 -0.814840 0.550854
vn 0.527262 -0.774614 0.349238
vn 0.367019 -0.854748 0.367019
vn 0.188731 -0.904340 0.382819
vn 0.550854 -0.814840 0.180544
vn 0.382819 -0.904340 0.188731
vn 0.198212 -0.959909 0.198212
vn -0.496353 -0.712227 0.496353
vn -0.527262 -0.774614 0.349238
vn -0.550854 -0.814840 0.180544
vn -0.349238 -0.774614 0.527262
vn -0.367019 -0.854748 0.367019
vn -0.382819 -0.904340 0.188731
vn -0.180544 -0.814840 0.550854
vn -0.188731 -0.904340 0.382819
vn -0.198211 -0.959909 0.198211
vn -0.496224 0.712407 -0.496224
vn -0.527125 0.774560 -0.349565
vn -0.550679 0.814974 -0.180470
vn -0.349565 0.774560 -0.527125
vn -0.366859 0.854886 -0.366859
vn -0.382253 0.904621 -0.188532
vn -0.180470 0.814974 -0.550679
vn -0.188532 0.904621 -0.382253
vn -0.197209 0.960322 -0.197209
vn -0.496224 0.712407 0.496224
vn -0.349565 0.774560 0.527125
vn -0.180470 0.814974 0.550679
vn -0.527125 0.774560 0.349565
vn -0.366859 0.854886 0.366859
vn -0.188532 0.904621 0.382253
vn -0.550679 0.814974 0.180470
vn -0.382253 0.904621 0.188532
vn -0.197209 0.960322 0.197209
vn 0.496224 0.712407 0.496224
vn 0.527125 0.774560 0.349565
vn 0.550679 0.814974 0.180470
vn 0.349565 0.774560 0.527125
vn 0.366859 0.854886 0.366859
vn 0.382253 0.904621 0.188532
vn 0.180470 0.814974 0.550679
vn 0.188532 0.904621 0.382253
vn 0.197209 0.960322 0.197209
vn 0.496224 0.712407 -0.496224
vn 0.349565 0.774560 -0.527125
vn 0.180470 0.814974 -0.550679
vn 0.527125 0.774560 -0.349565
vn 0.366859 0.854886 -0.366859
vn 0.188532 0.904621 -0.382253
vn 0.550679 0.814974 -0.180470
vn 0.382253 0.904621 -0.188532
vn 0.197209 0.960322 -0.197209
vn -0.712227 -0.496354 -0.496352
vn -0.774614 -0.527263 -0.349237
vn -0.814840 -0.550854 -0.180544
vn -0.774614 -0.349239 -0.527262
vn -0.854748 -0.367020 -0.367018
vn -0.904340 -0.382819 -0.188731
vn -0.813445 -0.189825 -0.549794
vn -0.902870 -0.197032 -0.382106
vn -0.959100 -0.204040 -0.196202
vn -0.712227 -0.496354 0.496352
vn -0.774614 -0.349239 0.527262
vn -0.814564 -0.187771 0.548843
vn -0.774614 -0.527263 0.349237
vn -0.854748 -0.367020 0.367018
vn -0.903776 -0.196343 0.380313
vn -0.814840 -0.550854 0.180544
vn -0.904340 -0.382819 0.188731
vn -0.959330 -0.204362 0.194739
vn -0.712537 0.496406 0.495855
vn -0.774906 0.526865 0.349191
vn -0.815263 0.550245 0.180492
vn -0.775027 0.349374 0.526566
vn -0.855252 0.366519 0.366343
vn -0.904724 0.381953 0.188647
vn -0.816335 0.179389 0.549015
vn -0.905539 0.188871 0.379903
vn -0.960723 0.197565 0.194883
vn -0.712537 0.496406 -0.495855
vn -0.775027 0.349374 -0.526566
vn -0.815389 0.180480 -0.550062
vn -0.774906 0.526865 -0.349191
vn -0.855252 0.366520 -0.366343
vn -0.904820 0.188590 -0.381752
vn -0.815263 0.550245 -0.180491
vn -0.904723 0.381953 -0.188647
vn -0.960587 0.196523 -0.196599
vn -0.496354 -0.496354 0.712226
vn -0.349237 -0.527263 0.774614
vn -0.180543 -0.550854 0.814840
vn -0.527263 -0.349238 0.774614
vn -0.367018 -0.367019 0.854748
vn -0.188731 -0.382819 0.904340
vn -0.548843 -0.187771 0.814564
vn -0.380313 -0.196343 0.903776
vn -0.194739 -0.204362 0.959330
vn 0.496353 -0.496353 0.712227
vn 0.527262 -0.349238 0.774614
vn 0.548843 -0.187772 0.814563
vn 0.349238 -0.527262 0.774615
vn 0.367019 -0.367020 0.854748
vn 0.380313 -0.196344 0.903776
vn 0.180543 -0.550854 0.814840
vn 0.188731 -0.382819 0.904340
vn 0.194739 -0.204362 0.959330
vn 0.495855 0.496407 0.712536
vn 0.349190 0.526866 0.774906
vn 0.180492 0.550245 0.815263
vn 0.526566 0.349374 0.775026
vn 0.366342 0.366520 0.855253
vn 0.188647 0.381953 0.904723
vn 0.549015 0.179389 0.816335
vn 0.379903 0.188871 0.905540
vn 0.194883 0.197565 0.960723
vn -0.495855 0.496407 0.712536
vn -0.526566 0.349374 0.775026
vn -0.549015 0.179389 0.816335
vn -0.349190 0.526866 0.774906
vn -0.366342 0.366520 0.855253
vn -0.379903 0.188871 0.905540
vn -0.180492 0.550245 0.815263
vn -0.188647 0.381953 0.904723
vn -0.194883 0.197565 0.960723
vn 0.712227 -0.496352 0.496354
vn 0.774614 -0.527262 0.349239
vn 0.814840 -0.550854 0.180543
vn 0.774614 -0.349237 0.527263
vn 0.854748 -0.367018 0.367020
vn 0.904340 -0.382818 0.188731
vn 0.814563 -0.187772 0.548843
vn 0.903776 -0.196344 0.380313
vn 0.959330 -0.204362 0.194738
vn 0.712227 -0.496353 -0.496353
vn 0.774614 -0.349238 -0.527262
vn 0.813445 -0.189826 -0.549794
vn 0.774614 -0.527262 -0.349238
vn 0.854748 -0.367019 -0.367019
vn 0.902870 -0.197032 -0.382106
vn 0.814840 -0.550854 -0.180544
vn 0.904340 -0.382819 -0.188731
vn 0.959100 -0.204040 -0.196202
vn 0.712536 0.496407 -0.495855
vn 0.774906 0.526866 -0.349190
vn 0.815263 0.550245 -0.180492
vn 0.775026 0.349374 -0.526566
vn 0.855253 0.366520 -0.366342
vn 0.904723 0.381953 -0.188647
vn 0.815389 0.180479 -0.550062
vn 0.904820 0.188590 -0.381751
vn 0.960587 0.196523 -0.196600
vn 0.712536 0.496407 0.495855
vn 0.775026 0.349374 0.526566
vn 0.816335 0.179389 0.549015
vn 0.774906 0.526866 0.349190
vn 0.855253 0.366520 0.366342
vn 0.905540 0.188871 0.379903
vn 0.815263 0.550245 0.180492
vn 0.904723 0.381953 0.188647
vn 0.960723 0.197565 0.194883
vn 0.496354 -0.496352 -0.712227
vn 0.349239 -0.527262 -0.774614
vn 0.180543 -0.550854 -0.814840
vn 0.527263 -0.349237 -0.774614
vn 0.367020 -0.367018 -0.854748
vn 0.188731 -0.382819 -0.904340
vn 0.549794 -0.189826 -0.813445
vn 0.382106 -0.197032 -0.902870
vn 0.196202 -0.204040 -0.959100
vn -0.496352 -0.496354 -0.712227
vn -0.527262 -0.349239 -0.774614
vn -0.549794 -0.189825 -0.813445
vn -0.349237 -0.527263 -0.774614
vn -0.367018 -0.367020 -0.854748
vn -0.382106 -0.197032 -0.902870
vn -0.180544 -0.550854 -0.814840
vn -0.188731 -0.382819 -0.904340
vn -0.196202 -0.204040 -0.959100
vn -0.495855 0.496407 -0.712536
vn -0.349190 0.526866 -0.774906
vn -0.180491 0.550245 -0.815263
vn -0.526566 0.349374 -0.775026
vn -0.366341 0.366520 -0.855253
vn -0.188647 0.381953 -0.904723
vn -0.550062 0.180479 -0.815389
vn -0.381751 0.188590 -0.904820
vn -0.196600 0.196523 -0.960587
vn 0.495855 0.496407 -0.712536
vn 0.526566 0.349374 -0.775026
vn 0.550062 0.180479 -0.815389
vn 0.349190 0.526866 -0.774906
vn 0.366341 0.366520 -0.855253
vn 0.381751 0.188590 -0.904820
vn 0.180491 0.550245 -0.815263
vn 0.188647 0.381953 -0.904723
vn 0.196600 0.196523 -0.960587
vn -0.203257 -0.979125 0.000000
vn 0.000000 -1.000000 0.000000
vn 0.000000 -1.000000 0.000000
vn 0.707107 -0.707107 0.000000
vn 0.559617 -0.828751 0.000000
vn 0.388973 -0.921249 0.000000
vn 0.203258 -0.979125 0.000000
vn 0.000000 -1.000000 0.000000
vn 0.000000 -1.000000 0.000000
vn 0.000000 -1.000000 0.000000
vn -0.203257 -0.979125 0.000000
vn 0.000000 1.000000 0.000000
vn 0.000000 1.000000 0.000000
vn 0.000000 1.000000 0.000000
vn 0.000000 1.000000 0.000000
vn 0.707206 0.707008 0.000000
vn 0.559402 0.828896 0.000000
vn 0.388341 0.921516 0.000000
vn 0.201446 0.979500 0.000000
vn 0.000000 1.000000 0.000000
vn -0.577350 -0.577350 -0.577350
vn -0.620114 -0.620114 -0.480539
vn -0.664700 -0.664700 -0.341098
vn -0.695951 -0.695951 -0.176933
vn -0.707107 -0.707107 0.000000
vn -0.620114 -0.620114 0.480539
vn -0.577350 -0.577350 0.577350
vn -0.664700 -0.664700 0.341098
vn -0.695951 -0.695951 0.176933
vn -0.577053 0.577944 0.577053
vn -0.619905 0.620459 0.480362
vn -0.664595 0.664652 0.341395
vn -0.696051 0.695869 0.176858
vn -0.707206 0.707008 0.000000
vn -0.619905 0.620459 -0.480362
vn -0.577053 0.577944 -0.577053
vn -0.664596 0.664652 -0.341394
vn -0.696051 0.695869 -0.176858
vn -0.577350 -0.577350 0.577350
vn -0.620113 -0.480541 0.620113
vn -0.480540 -0.620114 0.620113
vn -0.341098 -0.664701 0.664699
vn -0.176933 -0.695951 0.695951
vn 0.000000 -0.707107 0.707107
vn -0.664700 -0.341099 0.664700
vn -0.695038 -0.183967 0.695038
vn -0.707078 -0.009016 0.707078
vn 0.480539 -0.620114 0.620114
vn 0.577350 -0.577350 0.577350
vn 0.341098 -0.664700 0.664700
vn 0.176933 -0.695951 0.695951
vn 0.577053 0.577944 0.577053
vn 0.480362 0.620459 0.619905
vn 0.341395 0.664652 0.664595
vn 0.176858 0.695869 0.696051
vn 0.000000 0.707008 0.707206
vn -0.480362 0.620459 0.619905
vn -0.619981 0.480883 0.619980
vn -0.577053 0.577944 0.577053
vn -0.664625 0.341393 0.664623
vn -0.696185 0.175080 0.696185
vn -0.341395 0.664652 0.664595
vn -0.176858 0.695869 0.696051
vn 0.577350 -0.577350 0.577350
vn 0.620114 -0.480539 0.620114
vn 0.620113 -0.620114 0.480540
vn 0.664699 -0.664701 0.341098
vn 0.695950 -0.695951 0.176933
vn 0.707107 -0.707107 0.000000
vn 0.664700 -0.341098 0.664700
vn 0.695038 -0.183968 0.695038
vn 0.707078 -0.009016 0.707078
vn 0.620114 -0.620114 -0.480539
vn 0.577350 -0.577350 -0.577350
vn 0.664700 -0.664700 -0.341098
vn 0.695951 -0.695951 -0.176933
vn 0.707107 -0.707107 0.000000
vn 0.828751 -0.559617 0.000000
vn 0.921249 -0.388973 0.000000
vn 0.978280 -0.207288 -0.000337
vn 0.999975 -0.007028 -0.000914
vn 0.577053 0.577944 -0.577053
vn 0.619905 0.620459 -0.480362
vn 0.664595 0.664652 -0.341395
vn 0.696051 0.695869 -0.176858
vn 0.707206 0.707008 0.000000
vn 0.619905 0.620459 0.480362
vn 0.619980 0.480884 0.619980
vn 0.577053 0.577944 0.577053
vn 0.664624 0.341393 0.664624
vn 0.696185 0.175080 0.696185
vn 0.664595 0.664652 0.341395
vn 0.696051 0.695869 0.176858
vn 0.707206 0.707008 0.000000
vn 0.829181 0.558980 0.000000
vn 0.921612 0.388113 0.000000
vn 0.979703 0.200453 -0.000575
vn 0.577350 -0.577350 -0.577350
vn 0.620114 -0.480539 -0.620114
vn 0.480540 -0.620114 -0.620113
vn 0.341098 -0.664701 -0.664699
vn 0.176933 -0.695951 -0.695950
vn 0.000000 -0.707107 -0.707107
vn 0.664700 -0.341098 -0.664700
vn 0.694679 -0.186662 -0.694679
vn 0.707072 -0.009977 -0.707072
vn -0.480539 -0.620114 -0.620114
vn -0.620113 -0.480541 -0.620113
vn -0.577350 -0.577350 -0.577350
vn -0.664700 -0.341099 -0.664700
vn -0.694679 -0.186661 -0.694679
vn -0.707072 -0.009977 -0.707072
vn -0.341098 -0.664700 -0.664700
vn -0.176933 -0.695951 -0.695951
vn -0.577053 0.577944 -0.577053
vn -0.619981 0.480883 -0.619980
vn -0.480362 0.620459 -0.619905
vn -0.341394 0.664652 -0.664596
vn -0.176858 0.695869 -0.696051
vn 0.000000 0.707008 -0.707206
vn -0.664625 0.341393 -0.664623
vn -0.695964 0.176834 -0.695963
vn 0.480362 0.620459 -0.619905
vn 0.619980 0.480884 -0.619980
vn 0.577053 0.577944 -0.577053
vn 0.664624 0.341393 -0.664624
vn 0.695963 0.176833 -0.695963
vn 0.341394 0.664652 -0.664596
vn 0.176858 0.695869 -0.696051
vt 0.373799 0.318191
vt 0.623613 0.318191
vt 0.123986 0.318191
vt 0.873427 0.318191
vt 0.373799 0.683609
vt 0.623613 0.683609
vt 0.123986 0.683609
vt 0.873427 0.683609
vt 0.373458 0.021756
vt 0.384783 0.971765
vt 0.498706 0.500900
vt 0.748520 0.500900
vt 0.998334 0.500900
vt 0.248892 0.500900
vt 0.248892 0.277129
vt -0.000921 0.277129
vt 0.748520 0.277129
vt 0.498706 0.277129
vt 0.498706 0.724672
vt 0.748520 0.724672
vt 0.998334 0.724672
vt 0.248892 0.724672
vt 0.623613 0.500900
vt 0.373799 0.500900
vt 0.873427 0.500900
vt 0.123986 0.500900
vt 0.354002 0.304814
vt 0.324335 0.290564
vt 0.288421 0.280647
vt 0.143782 0.304814
vt 0.173450 0.290564
vt 0.209364 0.280647
vt 0.104189 0.304814
vt 0.074521 0.290564
vt 0.038607 0.280647
vt 0.893224 0.304814
vt 0.922891 0.290564
vt 0.958805 0.280647
vt 0.853630 0.304814
vt 0.823963 0.290564
vt 0.788048 0.280647
vt 0.643410 0.304814
vt 0.673077 0.290564
vt 0.708991 0.280647
vt 0.603816 0.304814
vt 0.574149 0.290564
vt 0.538235 0.280647
vt 0.393596 0.304814
vt 0.423264 0.290564
vt 0.459178 0.280647
vt 0.393596 0.696987
vt 0.423264 0.711237
vt 0.459178 0.721153
vt 0.603816 0.696987
vt 0.574149 0.711237
vt 0.538235 0.721153
vt 0.643410 0.696987
vt 0.673077 0.711237
vt 0.708991 0.721153
vt 0.853630 0.696987
vt 0.823963 0.711237
vt 0.788048 0.721153
vt 0.893224 0.696987
vt 0.922891 0.711237
vt 0.958805 0.721153
vt 0.104189 0.696987
vt 0.074521 0.711237
vt 0.038607 0.721153
vt 0.143782 0.696987
vt 0.173450 0.711237
vt 0.209364 0.721153
vt 0.354002 0.696987
vt 0.324335 0.711237
vt 0.288421 0.721153
vt 0.623613 0.348428
vt 0.623613 0.392897
vt 0.623613 0.445000
vt 0.623613 0.653373
vt 0.623613 0.608904
vt 0.623613 0.556800
vt 0.373799 0.653373
vt 0.373799 0.608904
vt 0.373799 0.556800
vt 0.373799 0.348428
vt 0.373799 0.392897
vt 0.373799 0.445000
vt 0.873427 0.348428
vt 0.873427 0.392897
vt 0.873427 0.445000
vt 0.873427 0.653373
vt 0.873427 0.608904
vt 0.873427 0.556800
vt 0.123986 0.348428
vt 0.123986 0.392897
vt 0.123986 0.445000
vt 0.123986 0.653373
vt 0.123986 0.608904
vt 0.123986 0.556800
vt 0.248892 0.233575
vt 0.248892 0.174340
vt 0.248892 0.102047
vt -0.000921 0.233575
vt -0.000921 0.173344
vt -0.000921 0.111119
vt 0.748520 0.233575
vt 0.748520 0.174340
vt 0.748520 0.104690
vt 0.498706 0.233575
vt 0.498706 0.169569
vt 0.498706 0.097569
vt 0.498706 0.762664
vt 0.498706 0.816243
vt 0.498706 0.902040
vt 0.748520 0.762664
vt 0.748520 0.816243
vt 0.748657 0.901957
vt 0.998334 0.762664
vt 0.998334 0.816243
vt 0.997860 0.899095
vt 0.248892 0.762664
vt 0.248892 0.816243
vt 0.248892 0.902040
vt 0.498706 0.323059
vt 0.498706 0.376732
vt 0.498706 0.436917
vt 0.593613 0.500900
vt 0.562830 0.500900
vt 0.531084 0.500900
vt 0.498706 0.678741
vt 0.498706 0.625069
vt 0.498706 0.564884
vt 0.403799 0.500900
vt 0.434582 0.500900
vt 0.466328 0.500900
vt 0.748520 0.323059
vt 0.748520 0.376732
vt 0.748520 0.436917
vt 0.843427 0.500900
vt 0.812644 0.500900
vt 0.780898 0.500900
vt 0.748520 0.678741
vt 0.748520 0.625069
vt 0.748520 0.564884
vt 0.653613 0.500900
vt 0.684396 0.500900
vt 0.716142 0.500900
vt 0.998334 0.323059
vt 0.998334 0.376732
vt 0.998334 0.436917
vt 0.093986 0.500900
vt 0.063202 0.500900
vt 0.031457 0.500900
vt -0.000921 0.678741
vt -0.000921 0.625069
vt -0.000921 0.564884
vt 0.903427 0.500900
vt 0.934210 0.500900
vt 0.965956 0.500900
vt 0.248892 0.323059
vt 0.248892 0.376732
vt 0.248892 0.436917
vt 0.343800 0.500900
vt 0.313016 0.500900
vt 0.281270 0.500900
vt 0.248892 0.678741
vt 0.248892 0.625069
vt 0.248892 0.564884
vt 0.153985 0.500900
vt 0.184769 0.500900
vt 0.216515 0.500900
vt 0.373799 0.283400
vt 0.342019 0.250794
vt 0.299219 0.237880
vt 0.405580 0.250794
vt 0.373799 0.214219
vt 0.321637 0.185627
vt 0.448379 0.237880
vt 0.425961 0.175268
vt 0.372580 0.133626
vt 0.123986 0.283400
vt 0.092205 0.250794
vt 0.049406 0.237880
vt 0.155766 0.250794
vt 0.123986 0.209653
vt 0.071823 0.185920
vt 0.198565 0.237880
vt 0.176148 0.184810
vt 0.125205 0.142172
vt 0.873427 0.283400
vt 0.841646 0.250794
vt 0.798847 0.237880
vt 0.905208 0.250794
vt 0.873427 0.209653
vt 0.821265 0.181853
vt 0.948007 0.237880
vt 0.925589 0.185920
vt 0.881960 0.139528
vt 0.623613 0.283400
vt 0.591833 0.250794
vt 0.549033 0.237880
vt 0.655394 0.250794
vt 0.623613 0.214219
vt 0.571451 0.180770
vt 0.698193 0.237880
vt 0.675775 0.183082
vt 0.615080 0.132108
vt 0.373799 0.725353
vt 0.405580 0.745444
vt 0.448379 0.758358
vt 0.342019 0.745444
vt 0.373799 0.770862
vt 0.425961 0.810544
vt 0.299219 0.758358
vt 0.321637 0.810544
vt 0.373799 0.870621
vt 0.623613 0.725353
vt 0.655394 0.745444
vt 0.698193 0.758358
vt 0.591833 0.745444
vt 0.623613 0.770862
vt 0.675775 0.810544
vt 0.549033 0.758358
vt 0.571451 0.810544
vt 0.623613 0.870621
vt 0.873427 0.725353
vt 0.905208 0.745444
vt 0.948007 0.758358
vt 0.841646 0.745444
vt 0.873427 0.770862
vt 0.925589 0.810544
vt 0.798847 0.758358
vt 0.821265 0.810544
vt 0.873427 0.876644
vt 0.123986 0.725353
vt 0.155766 0.745444
vt 0.198565 0.758358
vt 0.092205 0.745444
vt 0.123986 0.770862
vt 0.176148 0.810544
vt 0.049406 0.758358
vt 0.071823 0.810544
vt 0.123986 0.870621
vt 0.401279 0.343153
vt 0.430935 0.333502
vt 0.463899 0.326019
vt 0.403241 0.389889
vt 0.433784 0.384136
vt 0.465803 0.379021
vt 0.403814 0.443635
vt 0.434603 0.440908
vt 0.466343 0.438214
vt 0.596133 0.343153
vt 0.594171 0.389889
vt 0.593599 0.443635
vt 0.566477 0.333502
vt 0.563629 0.384136
vt 0.562809 0.440908
vt 0.533514 0.326019
vt 0.531610 0.379021
vt 0.531069 0.438214
vt 0.596133 0.658648
vt 0.566477 0.668299
vt 0.533514 0.675782
vt 0.594171 0.611911
vt 0.563629 0.617665
vt 0.531610 0.622780
vt 0.593599 0.558166
vt 0.562809 0.560893
vt 0.531069 0.563587
vt 0.401279 0.658648
vt 0.403241 0.611911
vt 0.403814 0.558166
vt 0.430935 0.668299
vt 0.433784 0.617665
vt 0.434603 0.560893
vt 0.463899 0.675782
vt 0.465803 0.622780
vt 0.466343 0.563587
vt 0.651093 0.343153
vt 0.680749 0.333502
vt 0.713713 0.326019
vt 0.653055 0.389889
vt 0.683597 0.384136
vt 0.715617 0.379021
vt 0.653627 0.443635
vt 0.684417 0.440908
vt 0.716157 0.438214
vt 0.845947 0.343153
vt 0.843985 0.389889
vt 0.843413 0.443635
vt 0.816291 0.333502
vt 0.813443 0.384136
vt 0.812623 0.440908
vt 0.783327 0.326019
vt 0.781423 0.379021
vt 0.780883 0.438214
vt 0.845947 0.658648
vt 0.816291 0.668299
vt 0.783327 0.675782
vt 0.843985 0.611911
vt 0.813443 0.617665
vt 0.781423 0.622780
vt 0.843413 0.558166
vt 0.812623 0.560893
vt 0.780883 0.563587
vt 0.651093 0.658648
vt 0.653055 0.611911
vt 0.653627 0.558166
vt 0.680749 0.668299
vt 0.683597 0.617665
vt 0.684417 0.560893
vt 0.713713 0.675782
vt 0.715617 0.622780
vt 0.716157 0.563587
vt 0.900906 0.343153
vt 0.930563 0.333502
vt 0.963526 0.326019
vt 0.902869 0.389889
vt 0.933411 0.384136
vt 0.965431 0.379021
vt 0.903441 0.443635
vt 0.934231 0.440908
vt 0.965971 0.438214
vt 0.096506 0.343153
vt 0.094543 0.389889
vt 0.093971 0.443635
vt 0.066850 0.333502
vt 0.064001 0.384136
vt 0.063182 0.440908
vt 0.033886 0.326019
vt 0.031982 0.379021
vt 0.031441 0.438214
vt 0.096506 0.658648
vt 0.066850 0.668299
vt 0.033886 0.675782
vt 0.094543 0.611911
vt 0.064001 0.617665
vt 0.031982 0.622780
vt 0.093971 0.558166
vt 0.063182 0.560893
vt 0.031441 0.563587
vt 0.900906 0.658648
vt 0.902869 0.611911
vt 0.903441 0.558166
vt 0.930563 0.668299
vt 0.933411 0.617665
vt 0.934231 0.560893
vt 0.963526 0.675782
vt 0.965431 0.622780
vt 0.965971 0.563587
vt 0.151465 0.343153
vt 0.181122 0.333502
vt 0.214085 0.326019
vt 0.153428 0.389889
vt 0.183970 0.384136
vt 0.215989 0.379021
vt 0.154000 0.443635
vt 0.184789 0.440908
vt 0.216530 0.438214
vt 0.346320 0.343153
vt 0.344357 0.389889
vt 0.343785 0.443635
vt 0.316663 0.333502
vt 0.313815 0.384136
vt 0.312995 0.440908
vt 0.283700 0.326019
vt 0.281796 0.379021
vt 0.281255 0.438214
vt 0.346320 0.658648
vt 0.316663 0.668299
vt 0.283700 0.675782
vt 0.344357 0.611911
vt 0.313815 0.617665
vt 0.281796 0.622780
vt 0.343785 0.558166
vt 0.312995 0.560893
vt 0.281255 0.563587
vt 0.151465 0.658648
vt 0.153428 0.611911
vt 0.154000 0.558166
vt 0.181122 0.668299
vt 0.183970 0.617665
vt 0.184789 0.560893
vt 0.214085 0.675782
vt 0.215989 0.622780
vt 0.216530 0.563587
vt 0.498706 0.097569
vt 0.373458 0.021756
vt 0.119418 0.021756
vt 0.998334 0.277129
vt 0.998334 0.233575
vt 0.998334 0.173344
vt 0.998334 0.103510
vt 0.873917 0.020380
vt 0.873917 0.020380
vt 0.622417 0.017629
vt 0.498706 0.097569
vt 0.384783 0.971765
vt 0.619770 0.975891
vt 0.875080 0.973140
vt 0.875080 0.973140
vt -0.000921 0.724672
vt -0.000921 0.762664
vt -0.000921 0.816243
vt -0.000921 0.902040
vt 0.129473 0.971765
vt 0.373799 0.318191
vt 0.393596 0.304814
vt 0.423264 0.290564
vt 0.459178 0.280647
vt 0.498706 0.277129
vt 0.603816 0.304814
vt 0.623613 0.318191
vt 0.574149 0.290564
vt 0.538235 0.280647
vt 0.623613 0.683609
vt 0.603816 0.696987
vt 0.574149 0.711237
vt 0.538235 0.721153
vt 0.498706 0.724672
vt 0.393596 0.696987
vt 0.373799 0.683609
vt 0.423264 0.711237
vt 0.459178 0.721153
vt 0.623613 0.318191
vt 0.623613 0.348428
vt 0.643410 0.304814
vt 0.673077 0.290564
vt 0.708991 0.280647
vt 0.748520 0.277129
vt 0.623613 0.392897
vt 0.623613 0.445000
vt 0.623613 0.500900
vt 0.853630 0.304814
vt 0.873427 0.318191
vt 0.823963 0.290564
vt 0.788048 0.280647
vt 0.873427 0.683609
vt 0.853630 0.696987
vt 0.823963 0.711237
vt 0.788048 0.721153
vt 0.748520 0.724672
vt 0.643410 0.696987
vt 0.623613 0.653373
vt 0.623613 0.683609
vt 0.623613 0.608904
vt 0.623613 0.556800
vt 0.673077 0.711237
vt 0.708991 0.721153
vt 0.873427 0.318191
vt 0.873427 0.348428
vt 0.893224 0.304814
vt 0.922891 0.290564
vt 0.958805 0.280647
vt 0.998334 0.277129
vt 0.873427 0.392897
vt 0.873427 0.445000
vt 0.873427 0.500900
vt 0.104189 0.304814
vt 0.123986 0.318191
vt 0.074521 0.290564
vt 0.038607 0.280647
vt -0.000921 0.277129
vt -0.000921 0.323059
vt -0.000921 0.376732
vt -0.000921 0.436917
vt -0.000921 0.500900
vt 0.123986 0.683609
vt 0.104189 0.696987
vt 0.074521 0.711237
vt 0.038607 0.721153
vt -0.000921 0.724672
vt 0.893224 0.696987
vt 0.873427 0.653373
vt 0.873427 0.683609
vt 0.873427 0.608904
vt 0.873427 0.556800
vt 0.922891 0.711237
vt 0.958805 0.721153
vt 0.998334 0.724672
vt 0.998334 0.678741
vt 0.998334 0.625069
vt 0.998334 0.564884
vt 0.123986 0.318191
vt 0.123986 0.348428
vt 0.143782 0.304814
vt 0.173450 0.290564
vt 0.209364 0.280647
vt 0.248892 0.277129
vt 0.123986 0.392897
vt 0.123986 0.445000
vt 0.123986 0.500900
vt 0.354002 0.304814
vt 0.373799 0.348428
vt 0.373799 0.318191
vt 0.373799 0.392897
vt 0.373799 0.445000
vt 0.373799 0.500900
vt 0.324335 0.290564
vt 0.288421 0.280647
vt 0.373799 0.683609
vt 0.373799 0.653373
vt 0.354002 0.696987
vt 0.324335 0.711237
vt 0.288421 0.721153
vt 0.248892 0.724672
vt 0.373799 0.608904
vt 0.373799 0.556800
vt 0.143782 0.696987
vt 0.123986 0.653373
vt 0.123986 0.683609
vt 0.123986 0.608904
vt 0.123986 0.556800
vt 0.173450 0.711237
vt 0.209364 0.721153
f 2846/2846/2846 2847/2847/2847 3055/3055/3055
f 2843/2843/2843 2847/2847/2847 2846/2846/2846
f 2842/2842/2842 2843/2843/2843 2846/2846/2846
f 2842/2842/2842 2846/2846/2846 2845/2845/2845
f 2845/2845/2845 2846/2846/2846 2777/2777/2777
f 2846/2846/2846 2778/2778/2778 2777/2777/2777
f 2847/2847/2847 2677/2677/2677 2778/2778/2778
f 2874/2874/2874 2777/2777/2777 2778/2778/2778
f 2843/2843/2843 2844/2844/2844 2847/2847/2847
f 2844/2844/2844 2769/2769/2769 2847/2847/2847
f 2847/2847/2847 2769/2769/2769 3056/3056/3056
f 2839/2839/2839 2843/2843/2843 2842/2842/2842
f 2840/2840/2840 2844/2844/2844 2843/2843/2843
f 2839/2839/2839 2840/2840/2840 2843/2843/2843
f 2717/2717/2717 2842/2842/2842 2845/2845/2845
f 2716/2716/2716 2842/2842/2842 2717/2717/2717
f 2716/2716/2716 2839/2839/2839 2842/2842/2842
f 2669/2669/2669 2839/2839/2839 2716/2716/2716
f 2669/2669/2669 2695/2695/2695 2839/2839/2839
f 2695/2695/2695 2840/2840/2840 2839/2839/2839
f 2717/2717/2717 2845/2845/2845 2718/2718/2718
f 2695/2695/2695 2696/2696/2696 2840/2840/2840
f 2718/2718/2718 2845/2845/2845 2776/2776/2776
f 2718/2718/2718 2776/2776/2776 2686/2686/2686
f 2845/2845/2845 2777/2777/2777 2776/2776/2776
f 2696/2696/2696 2841/2841/2841 2840/2840/2840
f 2840/2840/2840 2841/2841/2841 2844/2844/2844
f 2696/2696/2696 2697/2697/2697 2841/2841/2841
f 2868/2868/2868 2686/2686/2686 2776/2776/2776
f 2868/2868/2868 2715/2715/2715 2686/2686/2686
f 2871/2871/2871 2776/2776/2776 2777/2777/2777
f 2871/2871/2871 2868/2868/2868 2776/2776/2776
f 2874/2874/2874 2871/2871/2871 2777/2777/2777
f 2841/2841/2841 2768/2768/2768 2844/2844/2844
f 2844/2844/2844 2768/2768/2768 2769/2769/2769
f 2697/2697/2697 2767/2767/2767 2841/2841/2841
f 2841/2841/2841 2767/2767/2767 2768/2768/2768
f 2697/2697/2697 2683/2683/2683 2767/2767/2767
f 2867/2867/2867 2715/2715/2715 2868/2868/2868
f 2867/2867/2867 2714/2714/2714 2715/2715/2715
f 2870/2870/2870 2868/2868/2868 2871/2871/2871
f 2870/2870/2870 2867/2867/2867 2868/2868/2868
f 2683/2683/2683 2854/2854/2854 2767/2767/2767
f 2683/2683/2683 2700/2700/2700 2854/2854/2854
f 2767/2767/2767 2855/2855/2855 2768/2768/2768
f 2767/2767/2767 2854/2854/2854 2855/2855/2855
f 2768/2768/2768 2856/2856/2856 2769/2769/2769
f 2768/2768/2768 2855/2855/2855 2856/2856/2856
f 2866/2866/2866 2714/2714/2714 2867/2867/2867
f 2866/2866/2866 2713/2713/2713 2714/2714/2714
f 2700/2700/2700 2851/2851/2851 2854/2854/2854
f 2700/2700/2700 2699/2699/2699 2851/2851/2851
f 2769/2769/2769 2856/2856/2856 2772/2772/2772
f 2769/2769/2769 2772/2772/2772 3057/3057/3057
f 2856/2856/2856 2771/2771/2771 2772/2772/2772
f 2856/2856/2856 2853/2853/2853 2771/2771/2771
f 2855/2855/2855 2853/2853/2853 2856/2856/2856
f 2853/2853/2853 2770/2770/2770 2771/2771/2771
f 2854/2854/2854 2852/2852/2852 2855/2855/2855
f 2855/2855/2855 2852/2852/2852 2853/2853/2853
f 2854/2854/2854 2851/2851/2851 2852/2852/2852
f 2853/2853/2853 2850/2850/2850 2770/2770/2770
f 2852/2852/2852 2850/2850/2850 2853/2853/2853
f 2850/2850/2850 2684/2684/2684 2770/2770/2770
f 2850/2850/2850 2703/2703/2703 2684/2684/2684
f 2852/2852/2852 2849/2849/2849 2850/2850/2850
f 2849/2849/2849 2703/2703/2703 2850/2850/2850
f 2851/2851/2851 2849/2849/2849 2852/2852/2852
f 2849/2849/2849 2702/2702/2702 2703/2703/2703
f 2851/2851/2851 2848/2848/2848 2849/2849/2849
f 2848/2848/2848 2702/2702/2702 2849/2849/2849
f 2699/2699/2699 2848/2848/2848 2851/2851/2851
f 2848/2848/2848 2701/2701/2701 2702/2702/2702
f 2699/2699/2699 2698/2698/2698 2848/2848/2848
f 2698/2698/2698 2701/2701/2701 2848/2848/2848
f 2698/2698/2698 2671/2671/2671 2701/2701/2701
f 2775/2775/2775 2778/2778/2778 3064/3064/3064
f 2865/2865/2865 2775/2775/2775 3063/3063/3063
f 2862/2862/2862 2775/2775/2775 2865/2865/2865
f 2862/2862/2862 2774/2774/2774 2775/2775/2775
f 2774/2774/2774 2874/2874/2874 2775/2775/2775
f 2775/2775/2775 2874/2874/2874 3065/3065/3065
f 2774/2774/2774 2873/2873/2873 2874/2874/2874
f 2873/2873/2873 2871/2871/2871 2874/2874/2874
f 2873/2873/2873 2870/2870/2870 2871/2871/2871
f 2773/2773/2773 2873/2873/2873 2774/2774/2774
f 2872/2872/2872 2870/2870/2870 2873/2873/2873
f 2773/2773/2773 2872/2872/2872 2873/2873/2873
f 2859/2859/2859 2774/2774/2774 2862/2862/2862
f 2859/2859/2859 2773/2773/2773 2774/2774/2774
f 2872/2872/2872 2869/2869/2869 2870/2870/2870
f 2869/2869/2869 2867/2867/2867 2870/2870/2870
f 2869/2869/2869 2866/2866/2866 2867/2867/2867
f 2685/2685/2685 2872/2872/2872 2773/2773/2773
f 2709/2709/2709 2685/2685/2685 2773/2773/2773
f 2709/2709/2709 2773/2773/2773 2859/2859/2859
f 2685/2685/2685 2712/2712/2712 2872/2872/2872
f 2712/2712/2712 2869/2869/2869 2872/2872/2872
f 2712/2712/2712 2711/2711/2711 2869/2869/2869
f 2711/2711/2711 2866/2866/2866 2869/2869/2869
f 2711/2711/2711 2710/2710/2710 2866/2866/2866
f 2710/2710/2710 2713/2713/2713 2866/2866/2866
f 2710/2710/2710 2670/2670/2670 2713/2713/2713
f 2708/2708/2708 2709/2709/2709 2859/2859/2859
f 2708/2708/2708 2859/2859/2859 2858/2858/2858
f 2707/2707/2707 2708/2708/2708 2858/2858/2858
f 2858/2858/2858 2859/2859/2859 2862/2862/2862
f 2707/2707/2707 2858/2858/2858 2857/2857/2857
f 2672/2672/2672 2707/2707/2707 2857/2857/2857
f 2672/2672/2672 2857/2857/2857 2704/2704/2704
f 2858/2858/2858 2862/2862/2862 2861/2861/2861
f 2857/2857/2857 2858/2858/2858 2861/2861/2861
f 2861/2861/2861 2862/2862/2862 2865/2865/2865
f 2704/2704/2704 2857/2857/2857 2860/2860/2860
f 2857/2857/2857 2861/2861/2861 2860/2860/2860
f 2704/2704/2704 2860/2860/2860 2705/2705/2705
f 2861/2861/2861 2865/2865/2865 2864/2864/2864
f 2860/2860/2860 2861/2861/2861 2864/2864/2864
f 2705/2705/2705 2860/2860/2860 2863/2863/2863
f 2860/2860/2860 2864/2864/2864 2863/2863/2863
f 2705/2705/2705 2863/2863/2863 2706/2706/2706
f 2864/2864/2864 2865/2865/2865 3061/3061/3061
f 2865/2865/2865 3062/3062/3062 3061/3061/3061
f 2864/2864/2864 3061/3061/3061 3060/3060/3060
f 2863/2863/2863 2864/2864/2864 3060/3060/3060
f 2863/2863/2863 3060/3060/3060 3059/3059/3059
f 2706/2706/2706 2863/2863/2863 3059/3059/3059
f 2706/2706/2706 3059/3059/3059 3058/3058/3058
f 2883/2883/2883 2678/2678/2678 2790/2790/2790
f 2882/2882/2882 2883/2883/2883 2790/2790/2790
f 2879/2879/2879 2883/2883/2883 2882/2882/2882
f 2879/2879/2879 2880/2880/2880 2883/2883/2883
f 2880/2880/2880 2781/2781/2781 2883/2883/2883
f 2883/2883/2883 2781/2781/2781 3066/3066/3066
f 2882/2882/2882 2790/2790/2790 2789/2789/2789
f 2878/2878/2878 2879/2879/2879 2882/2882/2882
f 2881/2881/2881 2882/2882/2882 2789/2789/2789
f 2878/2878/2878 2882/2882/2882 2881/2881/2881
f 2876/2876/2876 2880/2880/2880 2879/2879/2879
f 2875/2875/2875 2879/2879/2879 2878/2878/2878
f 2875/2875/2875 2876/2876/2876 2879/2879/2879
f 2741/2741/2741 2878/2878/2878 2881/2881/2881
f 2740/2740/2740 2878/2878/2878 2741/2741/2741
f 2740/2740/2740 2875/2875/2875 2878/2878/2878
f 2673/2673/2673 2875/2875/2875 2740/2740/2740
f 2673/2673/2673 2719/2719/2719 2875/2875/2875
f 2719/2719/2719 2876/2876/2876 2875/2875/2875
f 2741/2741/2741 2881/2881/2881 2742/2742/2742
f 2719/2719/2719 2720/2720/2720 2876/2876/2876
f 2742/2742/2742 2881/2881/2881 2788/2788/2788
f 2881/2881/2881 2789/2789/2789 2788/2788/2788
f 2742/2742/2742 2788/2788/2788 2690/2690/2690
f 2720/2720/2720 2877/2877/2877 2876/2876/2876
f 2876/2876/2876 2877/2877/2877 2880/2880/2880
f 2720/2720/2720 2721/2721/2721 2877/2877/2877
f 2904/2904/2904 2690/2690/2690 2788/2788/2788
f 2904/2904/2904 2739/2739/2739 2690/2690/2690
f 2907/2907/2907 2788/2788/2788 2789/2789/2789
f 2907/2907/2907 2904/2904/2904 2788/2788/2788
f 2877/2877/2877 2780/2780/2780 2880/2880/2880
f 2880/2880/2880 2780/2780/2780 2781/2781/2781
f 2721/2721/2721 2779/2779/2779 2877/2877/2877
f 2877/2877/2877 2779/2779/2779 2780/2780/2780
f 2721/2721/2721 2687/2687/2687 2779/2779/2779
f 2903/2903/2903 2739/2739/2739 2904/2904/2904
f 2903/2903/2903 2738/2738/2738 2739/2739/2739
f 2687/2687/2687 2890/2890/2890 2779/2779/2779
f 2687/2687/2687 2724/2724/2724 2890/2890/2890
f 2779/2779/2779 2891/2891/2891 2780/2780/2780
f 2779/2779/2779 2890/2890/2890 2891/2891/2891
f 2780/2780/2780 2892/2892/2892 2781/2781/2781
f 2780/2780/2780 2891/2891/2891 2892/2892/2892
f 2724/2724/2724 2887/2887/2887 2890/2890/2890
f 2724/2724/2724 2723/2723/2723 2887/2887/2887
f 2890/2890/2890 2888/2888/2888 2891/2891/2891
f 2890/2890/2890 2887/2887/2887 2888/2888/2888
f 2723/2723/2723 2884/2884/2884 2887/2887/2887
f 2723/2723/2723 2722/2722/2722 2884/2884/2884
f 2722/2722/2722 2725/2725/2725 2884/2884/2884
f 2722/2722/2722 2674/2674/2674 2725/2725/2725
f 2884/2884/2884 2725/2725/2725 2726/2726/2726
f 2887/2887/2887 2884/2884/2884 2885/2885/2885
f 2884/2884/2884 2726/2726/2726 2885/2885/2885
f 2887/2887/2887 2885/2885/2885 2888/2888/2888
f 2885/2885/2885 2726/2726/2726 2727/2727/2727
f 2885/2885/2885 2727/2727/2727 2886/2886/2886
f 2888/2888/2888 2885/2885/2885 2886/2886/2886
f 2886/2886/2886 2727/2727/2727 2688/2688/2688
f 2891/2891/2891 2888/2888/2888 2889/2889/2889
f 2888/2888/2888 2886/2886/2886 2889/2889/2889
f 2891/2891/2891 2889/2889/2889 2892/2892/2892
f 2886/2886/2886 2688/2688/2688 2782/2782/2782
f 2889/2889/2889 2886/2886/2886 2782/2782/2782
f 2730/2730/2730 2782/2782/2782 2688/2688/2688
f 2892/2892/2892 2889/2889/2889 2783/2783/2783
f 2889/2889/2889 2782/2782/2782 2783/2783/2783
f 2730/2730/2730 2899/2899/2899 2782/2782/2782
f 2899/2899/2899 2783/2783/2783 2782/2782/2782
f 2729/2729/2729 2899/2899/2899 2730/2730/2730
f 2892/2892/2892 2783/2783/2783 2784/2784/2784
f 2781/2781/2781 2892/2892/2892 2784/2784/2784
f 2781/2781/2781 2784/2784/2784 3067/3067/3067
f 2729/2729/2729 2896/2896/2896 2899/2899/2899
f 2728/2728/2728 2896/2896/2896 2729/2729/2729
f 2899/2899/2899 2900/2900/2900 2783/2783/2783
f 2900/2900/2900 2784/2784/2784 2783/2783/2783
f 2896/2896/2896 2900/2900/2900 2899/2899/2899
f 2728/2728/2728 2893/2893/2893 2896/2896/2896
f 2676/2676/2676 2893/2893/2893 2728/2728/2728
f 2676/2676/2676 2731/2731/2731 2893/2893/2893
f 2900/2900/2900 2901/2901/2901 2784/2784/2784
f 2901/2901/2901 3068/3068/3068 2784/2784/2784
f 2896/2896/2896 2897/2897/2897 2900/2900/2900
f 2893/2893/2893 2897/2897/2897 2896/2896/2896
f 2897/2897/2897 2901/2901/2901 2900/2900/2900
f 2731/2731/2731 2894/2894/2894 2893/2893/2893
f 2893/2893/2893 2894/2894/2894 2897/2897/2897
f 2731/2731/2731 2732/2732/2732 2894/2894/2894
f 2897/2897/2897 2898/2898/2898 2901/2901/2901
f 2894/2894/2894 2898/2898/2898 2897/2897/2897
f 2732/2732/2732 2895/2895/2895 2894/2894/2894
f 2894/2894/2894 2895/2895/2895 2898/2898/2898
f 2732/2732/2732 2733/2733/2733 2895/2895/2895
f 2898/2898/2898 2787/2787/2787 2901/2901/2901
f 2901/2901/2901 2787/2787/2787 3069/3069/3069
f 2898/2898/2898 2786/2786/2786 2787/2787/2787
f 2895/2895/2895 2786/2786/2786 2898/2898/2898
f 2895/2895/2895 2785/2785/2785 2786/2786/2786
f 2733/2733/2733 2785/2785/2785 2895/2895/2895
f 2733/2733/2733 2689/2689/2689 2785/2785/2785
f 2734/2734/2734 2675/2675/2675 2737/2737/2737
f 2734/2734/2734 2737/2737/2737 2902/2902/2902
f 2902/2902/2902 2737/2737/2737 2738/2738/2738
f 2735/2735/2735 2734/2734/2734 2902/2902/2902
f 2902/2902/2902 2738/2738/2738 2903/2903/2903
f 2735/2735/2735 2902/2902/2902 2905/2905/2905
f 2905/2905/2905 2902/2902/2902 2903/2903/2903
f 2736/2736/2736 2735/2735/2735 2905/2905/2905
f 2905/2905/2905 2903/2903/2903 2906/2906/2906
f 2906/2906/2906 2903/2903/2903 2904/2904/2904
f 2906/2906/2906 2904/2904/2904 2907/2907/2907
f 2736/2736/2736 2905/2905/2905 2908/2908/2908
f 2908/2908/2908 2905/2905/2905 2906/2906/2906
f 3070/3070/3070 2736/2736/2736 2908/2908/2908
f 3070/3070/3070 2908/2908/2908 3071/3071/3071
f 2908/2908/2908 2906/2906/2906 2909/2909/2909
f 3071/3071/3071 2908/2908/2908 2909/2909/2909
f 2909/2909/2909 2906/2906/2906 2907/2907/2907
f 3071/3071/3071 2909/2909/2909 3072/3072/3072
f 2909/2909/2909 2907/2907/2907 2910/2910/2910
f 3072/3072/3072 2909/2909/2909 2910/2910/2910
f 2910/2910/2910 2907/2907/2907 2789/2789/2789
f 3072/3072/3072 2910/2910/2910 3073/3073/3073
f 2910/2910/2910 2789/2789/2789 2790/2790/2790
f 3073/3073/3073 2910/2910/2910 2790/2790/2790
f 3073/3073/3073 2790/2790/2790 3074/3074/3074
f 3080/3080/3080 3081/3081/3081 2743/2743/2743
f 3080/3080/3080 2743/2743/2743 2920/2920/2920
f 3082/3082/3082 3080/3080/3080 2920/2920/2920
f 2920/2920/2920 2743/2743/2743 2744/2744/2744
f 3082/3082/3082 2920/2920/2920 2923/2923/2923
f 3083/3083/3083 3082/3082/3082 2923/2923/2923
f 2920/2920/2920 2744/2744/2744 2921/2921/2921
f 2923/2923/2923 2920/2920/2920 2921/2921/2921
f 2921/2921/2921 2744/2744/2744 2745/2745/2745
f 3083/3083/3083 2923/2923/2923 2926/2926/2926
f 3079/3079/3079 3083/3083/3083 2926/2926/2926
f 2921/2921/2921 2745/2745/2745 2922/2922/2922
f 2922/2922/2922 2745/2745/2745 2691/2691/2691
f 2923/2923/2923 2921/2921/2921 2924/2924/2924
f 2926/2926/2926 2923/2923/2923 2924/2924/2924
f 2924/2924/2924 2921/2921/2921 2922/2922/2922
f 3079/3079/3079 2926/2926/2926 2791/2791/2791
f 3078/3078/3078 3079/3079/3079 2791/2791/2791
f 2922/2922/2922 2691/2691/2691 2794/2794/2794
f 2748/2748/2748 2794/2794/2794 2691/2691/2691
f 2924/2924/2924 2922/2922/2922 2925/2925/2925
f 2925/2925/2925 2922/2922/2922 2794/2794/2794
f 2926/2926/2926 2924/2924/2924 2927/2927/2927
f 2791/2791/2791 2926/2926/2926 2927/2927/2927
f 2927/2927/2927 2924/2924/2924 2925/2925/2925
f 3078/3078/3078 2791/2791/2791 2913/2913/2913
f 3077/3077/3077 3078/3078/3078 2913/2913/2913
f 2748/2748/2748 2935/2935/2935 2794/2794/2794
f 2747/2747/2747 2935/2935/2935 2748/2748/2748
f 2791/2791/2791 2927/2927/2927 2792/2792/2792
f 2913/2913/2913 2791/2791/2791 2792/2792/2792
f 2925/2925/2925 2794/2794/2794 2795/2795/2795
f 2935/2935/2935 2795/2795/2795 2794/2794/2794
f 2927/2927/2927 2925/2925/2925 2928/2928/2928
f 2792/2792/2792 2927/2927/2927 2928/2928/2928
f 2928/2928/2928 2925/2925/2925 2795/2795/2795
f 3077/3077/3077 2913/2913/2913 2912/2912/2912
f 3076/3076/3076 3077/3077/3077 2912/2912/2912
f 2747/2747/2747 2932/2932/2932 2935/2935/2935
f 2746/2746/2746 2932/2932/2932 2747/2747/2747
f 2913/2913/2913 2792/2792/2792 2916/2916/2916
f 2912/2912/2912 2913/2913/2913 2916/2916/2916
f 2792/2792/2792 2928/2928/2928 2793/2793/2793
f 2916/2916/2916 2792/2792/2792 2793/2793/2793
f 2928/2928/2928 2795/2795/2795 2796/2796/2796
f 2793/2793/2793 2928/2928/2928 2796/2796/2796
f 2935/2935/2935 2936/2936/2936 2795/2795/2795
f 2932/2932/2932 2936/2936/2936 2935/2935/2935
f 2936/2936/2936 2796/2796/2796 2795/2795/2795
f 3076/3076/3076 2912/2912/2912 2911/2911/2911
f 3075/3075/3075 3076/3076/3076 2911/2911/2911
f 3075/3075/3075 2911/2911/2911 2752/2752/2752
f 2912/2912/2912 2916/2916/2916 2915/2915/2915
f 2911/2911/2911 2912/2912/2912 2915/2915/2915
f 2752/2752/2752 2911/2911/2911 2914/2914/2914
f 2911/2911/2911 2915/2915/2915 2914/2914/2914
f 2752/2752/2752 2914/2914/2914 2753/2753/2753
f 2916/2916/2916 2793/2793/2793 2919/2919/2919
f 2915/2915/2915 2916/2916/2916 2919/2919/2919
f 2793/2793/2793 2796/2796/2796 2679/2679/2679
f 2919/2919/2919 2793/2793/2793 2679/2679/2679
f 2936/2936/2936 2937/2937/2937 2796/2796/2796
f 2937/2937/2937 2679/2679/2679 2796/2796/2796
f 2753/2753/2753 2914/2914/2914 2917/2917/2917
f 2753/2753/2753 2917/2917/2917 2754/2754/2754
f 2914/2914/2914 2915/2915/2915 2918/2918/2918
f 2915/2915/2915 2919/2919/2919 2918/2918/2918
f 2914/2914/2914 2918/2918/2918 2917/2917/2917
f 2919/2919/2919 2679/2679/2679 2802/2802/2802
f 2918/2918/2918 2919/2919/2919 2802/2802/2802
f 2754/2754/2754 2917/2917/2917 2800/2800/2800
f 2754/2754/2754 2800/2800/2800 2692/2692/2692
f 2917/2917/2917 2918/2918/2918 2801/2801/2801
f 2918/2918/2918 2802/2802/2802 2801/2801/2801
f 2917/2917/2917 2801/2801/2801 2800/2800/2800
f 2799/2799/2799 2802/2802/2802 2679/2679/2679
f 2937/2937/2937 2799/2799/2799 2679/2679/2679
f 2933/2933/2933 2937/2937/2937 2936/2936/2936
f 2932/2932/2932 2933/2933/2933 2936/2936/2936
f 2940/2940/2940 2692/2692/2692 2800/2800/2800
f 2940/2940/2940 2751/2751/2751 2692/2692/2692
f 2943/2943/2943 2800/2800/2800 2801/2801/2801
f 2943/2943/2943 2940/2940/2940 2800/2800/2800
f 2946/2946/2946 2801/2801/2801 2802/2802/2802
f 2799/2799/2799 2946/2946/2946 2802/2802/2802
f 2946/2946/2946 2943/2943/2943 2801/2801/2801
f 2934/2934/2934 2799/2799/2799 2937/2937/2937
f 2933/2933/2933 2934/2934/2934 2937/2937/2937
f 2929/2929/2929 2933/2933/2933 2932/2932/2932
f 2746/2746/2746 2929/2929/2929 2932/2932/2932
f 3084/3084/3084 2929/2929/2929 2746/2746/2746
f 3084/3084/3084 3085/3085/3085 2929/2929/2929
f 2929/2929/2929 2930/2930/2930 2933/2933/2933
f 3085/3085/3085 2930/2930/2930 2929/2929/2929
f 2930/2930/2930 2934/2934/2934 2933/2933/2933
f 3085/3085/3085 3086/3086/3086 2930/2930/2930
f 3086/3086/3086 2931/2931/2931 2930/2930/2930
f 2930/2930/2930 2931/2931/2931 2934/2934/2934
f 3086/3086/3086 3087/3087/3087 2931/2931/2931
f 2934/2934/2934 2798/2798/2798 2799/2799/2799
f 2931/2931/2931 2798/2798/2798 2934/2934/2934
f 2798/2798/2798 2946/2946/2946 2799/2799/2799
f 3087/3087/3087 2797/2797/2797 2931/2931/2931
f 2931/2931/2931 2797/2797/2797 2798/2798/2798
f 3087/3087/3087 3088/3088/3088 2797/2797/2797
f 2798/2798/2798 2945/2945/2945 2946/2946/2946
f 2797/2797/2797 2945/2945/2945 2798/2798/2798
f 2945/2945/2945 2943/2943/2943 2946/2946/2946
f 3088/3088/3088 2944/2944/2944 2797/2797/2797
f 2797/2797/2797 2944/2944/2944 2945/2945/2945
f 3088/3088/3088 3092/3092/3092 2944/2944/2944
f 2945/2945/2945 2942/2942/2942 2943/2943/2943
f 2944/2944/2944 2942/2942/2942 2945/2945/2945
f 2942/2942/2942 2940/2940/2940 2943/2943/2943
f 3092/3092/3092 2941/2941/2941 2944/2944/2944
f 2944/2944/2944 2941/2941/2941 2942/2942/2942
f 3092/3092/3092 3091/3091/3091 2941/2941/2941
f 2942/2942/2942 2939/2939/2939 2940/2940/2940
f 2941/2941/2941 2939/2939/2939 2942/2942/2942
f 2939/2939/2939 2751/2751/2751 2940/2940/2940
f 2939/2939/2939 2750/2750/2750 2751/2751/2751
f 3091/3091/3091 2938/2938/2938 2941/2941/2941
f 2941/2941/2941 2938/2938/2938 2939/2939/2939
f 2938/2938/2938 2750/2750/2750 2939/2939/2939
f 3091/3091/3091 3089/3089/3089 2938/2938/2938
f 2938/2938/2938 2749/2749/2749 2750/2750/2750
f 3089/3089/3089 2749/2749/2749 2938/2938/2938
f 3089/3089/3089 3090/3090/3090 2749/2749/2749
f 3102/3102/3102 3103/3103/3103 2755/2755/2755
f 3102/3102/3102 2755/2755/2755 2956/2956/2956
f 3104/3104/3104 3102/3102/3102 2956/2956/2956
f 2956/2956/2956 2755/2755/2755 2756/2756/2756
f 3104/3104/3104 2956/2956/2956 2959/2959/2959
f 3105/3105/3105 3104/3104/3104 2959/2959/2959
f 2956/2956/2956 2756/2756/2756 2957/2957/2957
f 2959/2959/2959 2956/2956/2956 2957/2957/2957
f 2957/2957/2957 2756/2756/2756 2757/2757/2757
f 3105/3105/3105 2959/2959/2959 2962/2962/2962
f 3098/3098/3098 3105/3105/3105 2962/2962/2962
f 2957/2957/2957 2757/2757/2757 2958/2958/2958
f 2958/2958/2958 2757/2757/2757 2693/2693/2693
f 2959/2959/2959 2957/2957/2957 2960/2960/2960
f 2962/2962/2962 2959/2959/2959 2960/2960/2960
f 2960/2960/2960 2957/2957/2957 2958/2958/2958
f 3098/3098/3098 2962/2962/2962 2803/2803/2803
f 3097/3097/3097 3098/3098/3098 2803/2803/2803
f 2958/2958/2958 2693/2693/2693 2806/2806/2806
f 2760/2760/2760 2806/2806/2806 2693/2693/2693
f 2960/2960/2960 2958/2958/2958 2961/2961/2961
f 2961/2961/2961 2958/2958/2958 2806/2806/2806
f 2962/2962/2962 2960/2960/2960 2963/2963/2963
f 2803/2803/2803 2962/2962/2962 2963/2963/2963
f 2963/2963/2963 2960/2960/2960 2961/2961/2961
f 3097/3097/3097 2803/2803/2803 2949/2949/2949
f 3096/3096/3096 3097/3097/3097 2949/2949/2949
f 2760/2760/2760 2971/2971/2971 2806/2806/2806
f 2759/2759/2759 2971/2971/2971 2760/2760/2760
f 2803/2803/2803 2963/2963/2963 2804/2804/2804
f 2949/2949/2949 2803/2803/2803 2804/2804/2804
f 2961/2961/2961 2806/2806/2806 2807/2807/2807
f 2971/2971/2971 2807/2807/2807 2806/2806/2806
f 2963/2963/2963 2961/2961/2961 2964/2964/2964
f 2804/2804/2804 2963/2963/2963 2964/2964/2964
f 2964/2964/2964 2961/2961/2961 2807/2807/2807
f 3096/3096/3096 2949/2949/2949 2948/2948/2948
f 3095/3095/3095 3096/3096/3096 2948/2948/2948
f 2759/2759/2759 2968/2968/2968 2971/2971/2971
f 2758/2758/2758 2968/2968/2968 2759/2759/2759
f 2949/2949/2949 2804/2804/2804 2952/2952/2952
f 2948/2948/2948 2949/2949/2949 2952/2952/2952
f 2804/2804/2804 2964/2964/2964 2805/2805/2805
f 2952/2952/2952 2804/2804/2804 2805/2805/2805
f 2964/2964/2964 2807/2807/2807 2808/2808/2808
f 2805/2805/2805 2964/2964/2964 2808/2808/2808
f 2971/2971/2971 2972/2972/2972 2807/2807/2807
f 2968/2968/2968 2972/2972/2972 2971/2971/2971
f 2972/2972/2972 2808/2808/2808 2807/2807/2807
f 3095/3095/3095 2948/2948/2948 2947/2947/2947
f 3093/3093/3093 3095/3095/3095 2947/2947/2947
f 3093/3093/3093 2947/2947/2947 3094/3094/3094
f 2948/2948/2948 2952/2952/2952 2951/2951/2951
f 2947/2947/2947 2948/2948/2948 2951/2951/2951
f 3094/3094/3094 2947/2947/2947 2950/2950/2950
f 2947/2947/2947 2951/2951/2951 2950/2950/2950
f 3094/3094/3094 2950/2950/2950 3099/3099/3099
f 2952/2952/2952 2805/2805/2805 2955/2955/2955
f 2951/2951/2951 2952/2952/2952 2955/2955/2955
f 2805/2805/2805 2808/2808/2808 2680/2680/2680
f 2955/2955/2955 2805/2805/2805 2680/2680/2680
f 2972/2972/2972 2973/2973/2973 2808/2808/2808
f 2973/2973/2973 2680/2680/2680 2808/2808/2808
f 3099/3099/3099 2950/2950/2950 2953/2953/2953
f 3099/3099/3099 2953/2953/2953 3100/3100/3100
f 2950/2950/2950 2951/2951/2951 2954/2954/2954
f 2951/2951/2951 2955/2955/2955 2954/2954/2954
f 2950/2950/2950 2954/2954/2954 2953/2953/2953
f 2955/2955/2955 2680/2680/2680 2814/2814/2814
f 2954/2954/2954 2955/2955/2955 2814/2814/2814
f 3100/3100/3100 2953/2953/2953 2812/2812/2812
f 3100/3100/3100 2812/2812/2812 3101/3101/3101
f 2953/2953/2953 2954/2954/2954 2813/2813/2813
f 2954/2954/2954 2814/2814/2814 2813/2813/2813
f 2953/2953/2953 2813/2813/2813 2812/2812/2812
f 2811/2811/2811 2814/2814/2814 2680/2680/2680
f 2973/2973/2973 2811/2811/2811 2680/2680/2680
f 2969/2969/2969 2973/2973/2973 2972/2972/2972
f 2968/2968/2968 2969/2969/2969 2972/2972/2972
f 2976/2976/2976 3101/3101/3101 2812/2812/2812
f 2976/2976/2976 3115/3115/3115 3101/3101/3101
f 2979/2979/2979 2812/2812/2812 2813/2813/2813
f 2979/2979/2979 2976/2976/2976 2812/2812/2812
f 2982/2982/2982 2813/2813/2813 2814/2814/2814
f 2811/2811/2811 2982/2982/2982 2814/2814/2814
f 2982/2982/2982 2979/2979/2979 2813/2813/2813
f 2970/2970/2970 2811/2811/2811 2973/2973/2973
f 2969/2969/2969 2970/2970/2970 2973/2973/2973
f 2965/2965/2965 2969/2969/2969 2968/2968/2968
f 2758/2758/2758 2965/2965/2965 2968/2968/2968
f 3106/3106/3106 2965/2965/2965 2758/2758/2758
f 3106/3106/3106 3107/3107/3107 2965/2965/2965
f 2965/2965/2965 2966/2966/2966 2969/2969/2969
f 3107/3107/3107 2966/2966/2966 2965/2965/2965
f 2966/2966/2966 2970/2970/2970 2969/2969/2969
f 3107/3107/3107 3108/3108/3108 2966/2966/2966
f 3108/3108/3108 2967/2967/2967 2966/2966/2966
f 2966/2966/2966 2967/2967/2967 2970/2970/2970
f 3108/3108/3108 3109/3109/3109 2967/2967/2967
f 2970/2970/2970 2810/2810/2810 2811/2811/2811
f 2967/2967/2967 2810/2810/2810 2970/2970/2970
f 2810/2810/2810 2982/2982/2982 2811/2811/2811
f 3109/3109/3109 2809/2809/2809 2967/2967/2967
f 2967/2967/2967 2809/2809/2809 2810/2810/2810
f 3109/3109/3109 3110/3110/3110 2809/2809/2809
f 2810/2810/2810 2981/2981/2981 2982/2982/2982
f 2809/2809/2809 2981/2981/2981 2810/2810/2810
f 2981/2981/2981 2979/2979/2979 2982/2982/2982
f 3110/3110/3110 2980/2980/2980 2809/2809/2809
f 2809/2809/2809 2980/2980/2980 2981/2981/2981
f 3110/3110/3110 3117/3117/3117 2980/2980/2980
f 2981/2981/2981 2978/2978/2978 2979/2979/2979
f 2980/2980/2980 2978/2978/2978 2981/2981/2981
f 2978/2978/2978 2976/2976/2976 2979/2979/2979
f 3117/3117/3117 2977/2977/2977 2980/2980/2980
f 2980/2980/2980 2977/2977/2977 2978/2978/2978
f 3117/3117/3117 3116/3116/3116 2977/2977/2977
f 2978/2978/2978 2975/2975/2975 2976/2976/2976
f 2977/2977/2977 2975/2975/2975 2978/2978/2978
f 2975/2975/2975 3115/3115/3115 2976/2976/2976
f 2975/2975/2975 3114/3114/3114 3115/3115/3115
f 3116/3116/3116 2974/2974/2974 2977/2977/2977
f 2977/2977/2977 2974/2974/2974 2975/2975/2975
f 2974/2974/2974 3114/3114/3114 2975/2975/2975
f 3116/3116/3116 3111/3111/3111 2974/2974/2974
f 2974/2974/2974 3112/3112/3112 3114/3114/3114
f 3111/3111/3111 3112/3112/3112 2974/2974/2974
f 3111/3111/3111 3113/3113/3113 3112/3112/3112
f 3122/3122/3122 3123/3123/3123 2815/2815/2815
f 3122/3122/3122 2815/2815/2815 2985/2985/2985
f 3121/3121/3121 3122/3122/3122 2985/2985/2985
f 2985/2985/2985 2815/2815/2815 2816/2816/2816
f 3121/3121/3121 2985/2985/2985 2984/2984/2984
f 3120/3120/3120 3121/3121/3121 2984/2984/2984
f 2985/2985/2985 2816/2816/2816 2988/2988/2988
f 2984/2984/2984 2985/2985/2985 2988/2988/2988
f 2988/2988/2988 2816/2816/2816 2817/2817/2817
f 3120/3120/3120 2984/2984/2984 2983/2983/2983
f 3118/3118/3118 3120/3120/3120 2983/2983/2983
f 3118/3118/3118 2983/2983/2983 3119/3119/3119
f 2984/2984/2984 2988/2988/2988 2987/2987/2987
f 2983/2983/2983 2984/2984/2984 2987/2987/2987
f 2988/2988/2988 2817/2817/2817 2991/2991/2991
f 2987/2987/2987 2988/2988/2988 2991/2991/2991
f 2991/2991/2991 2817/2817/2817 2681/2681/2681
f 3119/3119/3119 2983/2983/2983 2986/2986/2986
f 2983/2983/2983 2987/2987/2987 2986/2986/2986
f 3119/3119/3119 2986/2986/2986 3124/3124/3124
f 2987/2987/2987 2991/2991/2991 2990/2990/2990
f 2986/2986/2986 2987/2987/2987 2990/2990/2990
f 2991/2991/2991 2681/2681/2681 2826/2826/2826
f 2990/2990/2990 2991/2991/2991 2826/2826/2826
f 3151/3151/3151 2826/2826/2826 2681/2681/2681
f 3124/3124/3124 2986/2986/2986 2989/2989/2989
f 2986/2986/2986 2990/2990/2990 2989/2989/2989
f 3124/3124/3124 2989/2989/2989 3125/3125/3125
f 3151/3151/3151 3018/3018/3018 2826/2826/2826
f 3150/3150/3150 3018/3018/3018 3151/3151/3151
f 2990/2990/2990 2826/2826/2826 2825/2825/2825
f 2989/2989/2989 2990/2990/2990 2825/2825/2825
f 3018/3018/3018 2825/2825/2825 2826/2826/2826
f 3125/3125/3125 2989/2989/2989 2824/2824/2824
f 2989/2989/2989 2825/2825/2825 2824/2824/2824
f 3125/3125/3125 2824/2824/2824 3126/3126/3126
f 3150/3150/3150 3017/3017/3017 3018/3018/3018
f 3149/3149/3149 3017/3017/3017 3150/3150/3150
f 3018/3018/3018 3015/3015/3015 2825/2825/2825
f 3015/3015/3015 2824/2824/2824 2825/2825/2825
f 3017/3017/3017 3015/3015/3015 3018/3018/3018
f 3012/3012/3012 3126/3126/3126 2824/2824/2824
f 3015/3015/3015 3012/3012/3012 2824/2824/2824
f 3012/3012/3012 3145/3145/3145 3126/3126/3126
f 3149/3149/3149 3016/3016/3016 3017/3017/3017
f 3148/3148/3148 3016/3016/3016 3149/3149/3149
f 3148/3148/3148 3147/3147/3147 3016/3016/3016
f 3017/3017/3017 3014/3014/3014 3015/3015/3015
f 3014/3014/3014 3012/3012/3012 3015/3015/3015
f 3016/3016/3016 3014/3014/3014 3017/3017/3017
f 3011/3011/3011 3145/3145/3145 3012/3012/3012
f 3014/3014/3014 3011/3011/3011 3012/3012/3012
f 3011/3011/3011 3144/3144/3144 3145/3145/3145
f 3147/3147/3147 3013/3013/3013 3016/3016/3016
f 3016/3016/3016 3013/3013/3013 3014/3014/3014
f 3013/3013/3013 3011/3011/3011 3014/3014/3014
f 3147/3147/3147 3146/3146/3146 3013/3013/3013
f 3010/3010/3010 3144/3144/3144 3011/3011/3011
f 3013/3013/3013 3010/3010/3010 3011/3011/3011
f 3146/3146/3146 3010/3010/3010 3013/3013/3013
f 3010/3010/3010 3142/3142/3142 3144/3144/3144
f 3146/3146/3146 3141/3141/3141 3010/3010/3010
f 3141/3141/3141 3142/3142/3142 3010/3010/3010
f 3141/3141/3141 3143/3143/3143 3142/3142/3142
f 3127/3127/3127 3128/3128/3128 2761/2761/2761
f 3127/3127/3127 2761/2761/2761 2992/2992/2992
f 3129/3129/3129 3127/3127/3127 2992/2992/2992
f 2992/2992/2992 2761/2761/2761 2762/2762/2762
f 3129/3129/3129 2992/2992/2992 2995/2995/2995
f 3130/3130/3130 3129/3129/3129 2995/2995/2995
f 2992/2992/2992 2762/2762/2762 2993/2993/2993
f 2995/2995/2995 2992/2992/2992 2993/2993/2993
f 2993/2993/2993 2762/2762/2762 2763/2763/2763
f 3130/3130/3130 2995/2995/2995 2998/2998/2998
f 3131/3131/3131 3130/3130/3130 2998/2998/2998
f 3131/3131/3131 2998/2998/2998 3132/3132/3132
f 2993/2993/2993 2763/2763/2763 2994/2994/2994
f 2994/2994/2994 2763/2763/2763 2694/2694/2694
f 2995/2995/2995 2993/2993/2993 2996/2996/2996
f 2998/2998/2998 2995/2995/2995 2996/2996/2996
f 2996/2996/2996 2993/2993/2993 2994/2994/2994
f 3132/3132/3132 2998/2998/2998 2999/2999/2999
f 2998/2998/2998 2996/2996/2996 2999/2999/2999
f 3132/3132/3132 2999/2999/2999 3133/3133/3133
f 2994/2994/2994 2694/2694/2694 2818/2818/2818
f 2766/2766/2766 2818/2818/2818 2694/2694/2694
f 2996/2996/2996 2994/2994/2994 2997/2997/2997
f 2999/2999/2999 2996/2996/2996 2997/2997/2997
f 2997/2997/2997 2994/2994/2994 2818/2818/2818
f 3133/3133/3133 2999/2999/2999 3000/3000/3000
f 2999/2999/2999 2997/2997/2997 3000/3000/3000
f 3133/3133/3133 3000/3000/3000 3134/3134/3134
f 2766/2766/2766 3007/3007/3007 2818/2818/2818
f 2765/2765/2765 3007/3007/3007 2766/2766/2766
f 2997/2997/2997 2818/2818/2818 2819/2819/2819
f 3000/3000/3000 2997/2997/2997 2819/2819/2819
f 3007/3007/3007 2819/2819/2819 2818/2818/2818
f 3134/3134/3134 3000/3000/3000 2820/2820/2820
f 3000/3000/3000 2819/2819/2819 2820/2820/2820
f 3134/3134/3134 2820/2820/2820 3135/3135/3135
f 2765/2765/2765 3004/3004/3004 3007/3007/3007
f 2764/2764/2764 3004/3004/3004 2765/2765/2765
f 3007/3007/3007 3008/3008/3008 2819/2819/2819
f 3008/3008/3008 2820/2820/2820 2819/2819/2819
f 3004/3004/3004 3008/3008/3008 3007/3007/3007
f 3009/3009/3009 3135/3135/3135 2820/2820/2820
f 3008/3008/3008 3009/3009/3009 2820/2820/2820
f 3009/3009/3009 2823/2823/2823 3135/3135/3135
f 2764/2764/2764 3001/3001/3001 3004/3004/3004
f 3136/3136/3136 3001/3001/3001 2764/2764/2764
f 3136/3136/3136 3137/3137/3137 3001/3001/3001
f 3004/3004/3004 3005/3005/3005 3008/3008/3008
f 3005/3005/3005 3009/3009/3009 3008/3008/3008
f 3001/3001/3001 3005/3005/3005 3004/3004/3004
f 3006/3006/3006 2823/2823/2823 3009/3009/3009
f 3005/3005/3005 3006/3006/3006 3009/3009/3009
f 3006/3006/3006 2822/2822/2822 2823/2823/2823
f 3137/3137/3137 3002/3002/3002 3001/3001/3001
f 3001/3001/3001 3002/3002/3002 3005/3005/3005
f 3002/3002/3002 3006/3006/3006 3005/3005/3005
f 3137/3137/3137 3138/3138/3138 3002/3002/3002
f 3003/3003/3003 2822/2822/2822 3006/3006/3006
f 3002/3002/3002 3003/3003/3003 3006/3006/3006
f 3138/3138/3138 3003/3003/3003 3002/3002/3002
f 3003/3003/3003 2821/2821/2821 2822/2822/2822
f 3138/3138/3138 3139/3139/3139 3003/3003/3003
f 3139/3139/3139 2821/2821/2821 3003/3003/3003
f 3139/3139/3139 3140/3140/3140 2821/2821/2821
f 3161/3161/3161 3163/3163/3163 3162/3162/3162
f 3161/3161/3161 3162/3162/3162 3028/3028/3028
f 3167/3167/3167 3161/3161/3161 3028/3028/3028
f 3028/3028/3028 3162/3162/3162 3164/3164/3164
f 3167/3167/3167 3028/3028/3028 3031/3031/3031
f 3168/3168/3168 3167/3167/3167 3031/3031/3031
f 3028/3028/3028 3164/3164/3164 3029/3029/3029
f 3031/3031/3031 3028/3028/3028 3029/3029/3029
f 3029/3029/3029 3164/3164/3164 3165/3165/3165
f 3168/3168/3168 3031/3031/3031 3034/3034/3034
f 3157/3157/3157 3168/3168/3168 3034/3034/3034
f 3029/3029/3029 3165/3165/3165 3030/3030/3030
f 3030/3030/3030 3165/3165/3165 3166/3166/3166
f 3031/3031/3031 3029/3029/3029 3032/3032/3032
f 3034/3034/3034 3031/3031/3031 3032/3032/3032
f 3032/3032/3032 3029/3029/3029 3030/3030/3030
f 3157/3157/3157 3034/3034/3034 2827/2827/2827
f 3156/3156/3156 3157/3157/3157 2827/2827/2827
f 3030/3030/3030 3166/3166/3166 2830/2830/2830
f 3176/3176/3176 2830/2830/2830 3166/3166/3166
f 3032/3032/3032 3030/3030/3030 3033/3033/3033
f 3033/3033/3033 3030/3030/3030 2830/2830/2830
f 3034/3034/3034 3032/3032/3032 3035/3035/3035
f 2827/2827/2827 3034/3034/3034 3035/3035/3035
f 3035/3035/3035 3032/3032/3032 3033/3033/3033
f 3156/3156/3156 2827/2827/2827 3021/3021/3021
f 3155/3155/3155 3156/3156/3156 3021/3021/3021
f 3176/3176/3176 3043/3043/3043 2830/2830/2830
f 3175/3175/3175 3043/3043/3043 3176/3176/3176
f 2827/2827/2827 3035/3035/3035 2828/2828/2828
f 3021/3021/3021 2827/2827/2827 2828/2828/2828
f 3033/3033/3033 2830/2830/2830 2831/2831/2831
f 3043/3043/3043 2831/2831/2831 2830/2830/2830
f 3035/3035/3035 3033/3033/3033 3036/3036/3036
f 2828/2828/2828 3035/3035/3035 3036/3036/3036
f 3036/3036/3036 3033/3033/3033 2831/2831/2831
f 3155/3155/3155 3021/3021/3021 3020/3020/3020
f 3154/3154/3154 3155/3155/3155 3020/3020/3020
f 3175/3175/3175 3040/3040/3040 3043/3043/3043
f 3170/3170/3170 3040/3040/3040 3175/3175/3175
f 3021/3021/3021 2828/2828/2828 3024/3024/3024
f 3020/3020/3020 3021/3021/3021 3024/3024/3024
f 2828/2828/2828 3036/3036/3036 2829/2829/2829
f 3024/3024/3024 2828/2828/2828 2829/2829/2829
f 3036/3036/3036 2831/2831/2831 2832/2832/2832
f 2829/2829/2829 3036/3036/3036 2832/2832/2832
f 3043/3043/3043 3044/3044/3044 2831/2831/2831
f 3040/3040/3040 3044/3044/3044 3043/3043/3043
f 3044/3044/3044 2832/2832/2832 2831/2831/2831
f 3154/3154/3154 3020/3020/3020 3019/3019/3019
f 3152/3152/3152 3154/3154/3154 3019/3019/3019
f 3152/3152/3152 3019/3019/3019 3153/3153/3153
f 3020/3020/3020 3024/3024/3024 3023/3023/3023
f 3019/3019/3019 3020/3020/3020 3023/3023/3023
f 3153/3153/3153 3019/3019/3019 3022/3022/3022
f 3019/3019/3019 3023/3023/3023 3022/3022/3022
f 3153/3153/3153 3022/3022/3022 3158/3158/3158
f 3024/3024/3024 2829/2829/2829 3027/3027/3027
f 3023/3023/3023 3024/3024/3024 3027/3027/3027
f 2829/2829/2829 2832/2832/2832 2682/2682/2682
f 3027/3027/3027 2829/2829/2829 2682/2682/2682
f 3044/3044/3044 3045/3045/3045 2832/2832/2832
f 3045/3045/3045 2682/2682/2682 2832/2832/2832
f 3158/3158/3158 3022/3022/3022 3025/3025/3025
f 3158/3158/3158 3025/3025/3025 3159/3159/3159
f 3022/3022/3022 3023/3023/3023 3026/3026/3026
f 3023/3023/3023 3027/3027/3027 3026/3026/3026
f 3022/3022/3022 3026/3026/3026 3025/3025/3025
f 3027/3027/3027 2682/2682/2682 2838/2838/2838
f 3026/3026/3026 3027/3027/3027 2838/2838/2838
f 3159/3159/3159 3025/3025/3025 2836/2836/2836
f 3159/3159/3159 2836/2836/2836 3160/3160/3160
f 3025/3025/3025 3026/3026/3026 2837/2837/2837
f 3026/3026/3026 2838/2838/2838 2837/2837/2837
f 3025/3025/3025 2837/2837/2837 2836/2836/2836
f 2835/2835/2835 2838/2838/2838 2682/2682/2682
f 3045/3045/3045 2835/2835/2835 2682/2682/2682
f 3041/3041/3041 3045/3045/3045 3044/3044/3044
f 3040/3040/3040 3041/3041/3041 3044/3044/3044
f 3048/3048/3048 3160/3160/3160 2836/2836/2836
f 3048/3048/3048 3181/3181/3181 3160/3160/3160
f 3051/3051/3051 2836/2836/2836 2837/2837/2837
f 3051/3051/3051 3048/3048/3048 2836/2836/2836
f 3054/3054/3054 2837/2837/2837 2838/2838/2838
f 2835/2835/2835 3054/3054/3054 2838/2838/2838
f 3054/3054/3054 3051/3051/3051 2837/2837/2837
f 3042/3042/3042 2835/2835/2835 3045/3045/3045
f 3041/3041/3041 3042/3042/3042 3045/3045/3045
f 3037/3037/3037 3041/3041/3041 3040/3040/3040
f 3170/3170/3170 3037/3037/3037 3040/3040/3040
f 3169/3169/3169 3037/3037/3037 3170/3170/3170
f 3169/3169/3169 3171/3171/3171 3037/3037/3037
f 3037/3037/3037 3038/3038/3038 3041/3041/3041
f 3171/3171/3171 3038/3038/3038 3037/3037/3037
f 3038/3038/3038 3042/3042/3042 3041/3041/3041
f 3171/3171/3171 3172/3172/3172 3038/3038/3038
f 3172/3172/3172 3039/3039/3039 3038/3038/3038
f 3038/3038/3038 3039/3039/3039 3042/3042/3042
f 3172/3172/3172 3173/3173/3173 3039/3039/3039
f 3042/3042/3042 2834/2834/2834 2835/2835/2835
f 3039/3039/3039 2834/2834/2834 3042/3042/3042
f 2834/2834/2834 3054/3054/3054 2835/2835/2835
f 3173/3173/3173 2833/2833/2833 3039/3039/3039
f 3039/3039/3039 2833/2833/2833 2834/2834/2834
f 3173/3173/3173 3174/3174/3174 2833/2833/2833
f 2834/2834/2834 3053/3053/3053 3054/3054/3054
f 2833/2833/2833 3053/3053/3053 2834/2834/2834
f 3053/3053/3053 3051/3051/3051 3054/3054/3054
f 3174/3174/3174 3052/3052/3052 2833/2833/2833
f 2833/2833/2833 3052/3052/3052 3053/3053/3053
f 3174/3174/3174 3183/3183/3183 3052/3052/3052
f 3053/3053/3053 3050/3050/3050 3051/3051/3051
f 3052/3052/3052 3050/3050/3050 3053/3053/3053
f 3050/3050/3050 3048/3048/3048 3051/3051/3051
f 3183/3183/3183 3049/3049/3049 3052/3052/3052
f 3052/3052/3052 3049/3049/3049 3050/3050/3050
f 3183/3183/3183 3182/3182/3182 3049/3049/3049
f 3050/3050/3050 3047/3047/3047 3048/3048/3048
f 3049/3049/3049 3047/3047/3047 3050/3050/3050
f 3047/3047/3047 3181/3181/3181 3048/3048/3048
f 3047/3047/3047 3180/3180/3180 3181/3181/3181
f 3182/3182/3182 3046/3046/3046 3049/3049/3049
f 3049/3049/3049 3046/3046/3046 3047/3047/3047
f 3046/3046/3046 3180/3180/3180 3047/3047/3047
f 3182/3182/3182 3177/3177/3177 3046/3046/3046
f 3046/3046/3046 3178/3178/3178 3180/3180/3180
f 3177/3177/3177 3178/3178/3178 3046/3046/3046
f 3177/3177/3177 3179/3179/3179 3178/3178/3178
